state_slug,state,revision,field_key,occurrence,field_name,label,element,required,placeholder,pattern,minlength,maxlength,value,tooltip,options,metadata_json
AL,Alabama,Rev. 11/01/2014 (0401),NUMBER,1,NUMBER,DL Number,input,True,7253231,[0-9]{7},7,7,,7 random digits. You can click on the calculator icon to calculate number <b>automatically!</b>,[],"{""element"": ""input"", ""label"": ""DL Number"", ""maxlength"": 7, ""minlength"": 7, ""name"": ""NUMBER"", ""pattern"": ""[0-9]{7}"", ""placeholder"": ""7253231"", ""required"": true, ""tooltip"": ""7 random digits. You can click on the calculator icon to calculate number <b>automatically!</b>"", ""value"": """"}"
AL,Alabama,Rev. 11/01/2014 (0401),LASTNAME,1,LASTNAME,Last name,input,True,Doe,[a-zA-Z\s]+,,,,,[],"{""element"": ""input"", ""label"": ""Last name"", ""name"": ""LASTNAME"", ""pattern"": ""[a-zA-Z\\s]+"", ""placeholder"": ""Doe"", ""required"": true, ""tooltip"": null, ""value"": """"}"
AL,Alabama,Rev. 11/01/2014 (0401),FIRSTNAME,1,FIRSTNAME,First name,input,True,John,[a-zA-Z\s]+,,,,,[],"{""element"": ""input"", ""label"": ""First name"", ""name"": ""FIRSTNAME"", ""pattern"": ""[a-zA-Z\\s]+"", ""placeholder"": ""John"", ""required"": true, ""tooltip"": null, ""value"": """"}"
AL,Alabama,Rev. 11/01/2014 (0401),MIDDLENAME,1,MIDDLENAME,Middle name,input,False,,,,,,This field is optional. You can click on the calculator icon to generate random name. Select gender in the field below to specify name gender.,[],"{""element"": ""input"", ""label"": ""Middle name"", ""name"": ""MIDDLENAME"", ""pattern"": null, ""placeholder"": """", ""required"": false, ""tooltip"": ""This field is optional. You can click on the calculator icon to generate random name. Select gender in the field below to specify name gender."", ""value"": """"}"
AL,Alabama,Rev. 11/01/2014 (0401),ADDRESS,1,ADDRESS,Address,input,True,3704 3RD PL NE,,,,3704 3RD PL NE,,[],"{""element"": ""input"", ""label"": ""Address"", ""name"": ""ADDRESS"", ""pattern"": null, ""placeholder"": ""3704 3RD PL NE"", ""required"": true, ""tooltip"": null, ""value"": ""3704 3RD PL NE""}"
AL,Alabama,Rev. 11/01/2014 (0401),CITY,1,CITY,City,input,True,Center Point,,,,Center Point,,[],"{""element"": ""input"", ""label"": ""City"", ""name"": ""CITY"", ""pattern"": null, ""placeholder"": ""Center Point"", ""required"": true, ""tooltip"": null, ""value"": ""Center Point""}"
AL,Alabama,Rev. 11/01/2014 (0401),ZIP,1,ZIP,Zip code,input,True,330325131,[0-9]+,9,9,352151400,,[],"{""element"": ""input"", ""label"": ""Zip code"", ""maxlength"": 9, ""minlength"": 9, ""name"": ""ZIP"", ""pattern"": ""[0-9]+"", ""placeholder"": ""330325131"", ""required"": true, ""tooltip"": null, ""value"": ""352151400""}"
AL,Alabama,Rev. 11/01/2014 (0401),CLASS,1,CLASS,DL Class,input,True,D,[A-Z1-9]+,1,2,D,,[],"{""element"": ""input"", ""label"": ""DL Class"", ""maxlength"": 2, ""minlength"": 1, ""name"": ""CLASS"", ""pattern"": ""[A-Z1-9]+"", ""placeholder"": ""D"", ""required"": true, ""tooltip"": null, ""value"": ""D""}"
AL,Alabama,Rev. 11/01/2014 (0401),SEX,1,SEX,Sex,select,False,,,,,,,"[{""value"": ""M"", ""label"": ""M""}, {""value"": ""F"", ""label"": ""F""}]","{""element"": ""select"", ""label"": ""Sex"", ""name"": ""SEX"", ""options"": [{""label"": ""M"", ""value"": ""M""}, {""label"": ""F"", ""value"": ""F""}], ""pattern"": null, ""placeholder"": null, ""required"": false, ""tooltip"": null, ""value"": null}"
AL,Alabama,Rev. 11/01/2014 (0401),DONOR,1,DONOR,Donor,select,False,,,,,,,"[{""value"": ""NO"", ""label"": ""No""}, {""value"": ""YES"", ""label"": ""Yes""}]","{""element"": ""select"", ""label"": ""Donor"", ""name"": ""DONOR"", ""options"": [{""label"": ""No"", ""value"": ""NO""}, {""label"": ""Yes"", ""value"": ""YES""}], ""pattern"": null, ""placeholder"": null, ""required"": false, ""tooltip"": null, ""value"": null}"
AL,Alabama,Rev. 11/01/2014 (0401),DOB,1,DOB,Birth date,input,True,01151970,((((0[13578]|1[02])(0[1-9]|[12][0-9]|3[01]))|((0[469]|11)(0[1-9]|[12][0-9]|30))|(02)(0[1-9]|[1][0-9]|2[0-8]))([0-9]{3}[1-9]|[0-9]{2}[1-9][0-9]{1}|[0-9]{1}[1-9][0-9]{2}|[1-9][0-9]{3}))|(0229(([0-9]{2})(0[48]|[2468][048]|[13579][26])|((0[48]|[2468][048]|[3579][26])00))),8,8,,You need input the date in MMDDYYYY format,[],"{""element"": ""input"", ""label"": ""Birth date"", ""maxlength"": 8, ""minlength"": 8, ""name"": ""DOB"", ""pattern"": ""((((0[13578]|1[02])(0[1-9]|[12][0-9]|3[01]))|((0[469]|11)(0[1-9]|[12][0-9]|30))|(02)(0[1-9]|[1][0-9]|2[0-8]))([0-9]{3}[1-9]|[0-9]{2}[1-9][0-9]{1}|[0-9]{1}[1-9][0-9]{2}|[1-9][0-9]{3}))|(0229(([0-9]{2})(0[48]|[2468][048]|[13579][26])|((0[48]|[2468][048]|[3579][26])00)))"", ""placeholder"": ""01151970"", ""required"": true, ""tooltip"": ""You need input the date in MMDDYYYY format"", ""value"": """"}"
AL,Alabama,Rev. 11/01/2014 (0401),DOI,1,DOI,Issue date,input,True,08262021,((((0[13578]|1[02])(0[1-9]|[12][0-9]|3[01]))|((0[469]|11)(0[1-9]|[12][0-9]|30))|(02)(0[1-9]|[1][0-9]|2[0-8]))([0-9]{3}[1-9]|[0-9]{2}[1-9][0-9]{1}|[0-9]{1}[1-9][0-9]{2}|[1-9][0-9]{3}))|(0229(([0-9]{2})(0[48]|[2468][048]|[13579][26])|((0[48]|[2468][048]|[3579][26])00))),8,8,,You need input the date in MMDDYYYY format,[],"{""element"": ""input"", ""label"": ""Issue date"", ""maxlength"": 8, ""minlength"": 8, ""name"": ""DOI"", ""pattern"": ""((((0[13578]|1[02])(0[1-9]|[12][0-9]|3[01]))|((0[469]|11)(0[1-9]|[12][0-9]|30))|(02)(0[1-9]|[1][0-9]|2[0-8]))([0-9]{3}[1-9]|[0-9]{2}[1-9][0-9]{1}|[0-9]{1}[1-9][0-9]{2}|[1-9][0-9]{3}))|(0229(([0-9]{2})(0[48]|[2468][048]|[13579][26])|((0[48]|[2468][048]|[3579][26])00)))"", ""placeholder"": ""08262021"", ""required"": true, ""tooltip"": ""You need input the date in MMDDYYYY format"", ""value"": """"}"
AL,Alabama,Rev. 11/01/2014 (0401),DOE,1,DOE,Expiry date,input,True,01152028,((((0[13578]|1[02])(0[1-9]|[12][0-9]|3[01]))|((0[469]|11)(0[1-9]|[12][0-9]|30))|(02)(0[1-9]|[1][0-9]|2[0-8]))([0-9]{3}[1-9]|[0-9]{2}[1-9][0-9]{1}|[0-9]{1}[1-9][0-9]{2}|[1-9][0-9]{3}))|(0229(([0-9]{2})(0[48]|[2468][048]|[13579][26])|((0[48]|[2468][048]|[3579][26])00))),8,8,,Same month and day as in birth date. 5 years after the year of issue,[],"{""element"": ""input"", ""label"": ""Expiry date"", ""maxlength"": 8, ""minlength"": 8, ""name"": ""DOE"", ""pattern"": ""((((0[13578]|1[02])(0[1-9]|[12][0-9]|3[01]))|((0[469]|11)(0[1-9]|[12][0-9]|30))|(02)(0[1-9]|[1][0-9]|2[0-8]))([0-9]{3}[1-9]|[0-9]{2}[1-9][0-9]{1}|[0-9]{1}[1-9][0-9]{2}|[1-9][0-9]{3}))|(0229(([0-9]{2})(0[48]|[2468][048]|[13579][26])|((0[48]|[2468][048]|[3579][26])00)))"", ""placeholder"": ""01152028"", ""required"": true, ""tooltip"": ""Same month and day as in birth date. 5 years after the year of issue"", ""value"": """"}"
AL,Alabama,Rev. 11/01/2014 (0401),DD,1,DD,DD,input,True,NONE,,,,NONE,,[],"{""element"": ""input"", ""label"": ""DD"", ""name"": ""DD"", ""pattern"": null, ""placeholder"": ""NONE"", ""required"": true, ""tooltip"": null, ""value"": ""NONE""}"
AL,Alabama,Rev. 11/01/2014 (0401),ICN,1,ICN,ICN,input,True,00000000002953983401,[0-9]+,20,20,,,[],"{""element"": ""input"", ""label"": ""ICN"", ""maxlength"": 20, ""minlength"": 20, ""name"": ""ICN"", ""pattern"": ""[0-9]+"", ""placeholder"": ""00000000002953983401"", ""required"": true, ""tooltip"": null, ""value"": null}"
AL,Alabama,Rev. 11/01/2014 (0401),RESTRICTIONS,1,RESTRICTIONS,Restrictions,input,True,NONE,,,,NONE,,[],"{""element"": ""input"", ""label"": ""Restrictions"", ""name"": ""RESTRICTIONS"", ""pattern"": null, ""placeholder"": ""NONE"", ""required"": true, ""tooltip"": null, ""value"": ""NONE""}"
AL,Alabama,Rev. 11/01/2014 (0401),ENDORSEMENT,1,ENDORSEMENT,Endorsement,input,True,NONE,,,,NONE,,[],"{""element"": ""input"", ""label"": ""Endorsement"", ""name"": ""ENDORSEMENT"", ""pattern"": null, ""placeholder"": ""NONE"", ""required"": true, ""tooltip"": null, ""value"": ""NONE""}"
AL,Alabama,Rev. 11/01/2014 (0401),HEIGHT,1,HEIGHT,Height (in.),input,True,69,,,2,69,,[],"{""element"": ""input"", ""label"": ""Height (in.)"", ""maxlength"": 2, ""name"": ""HEIGHT"", ""pattern"": null, ""placeholder"": ""69"", ""required"": true, ""tooltip"": null, ""value"": ""69""}"
AL,Alabama,Rev. 11/01/2014 (0401),REALID,1,REALID,Is REAL ID,select,False,,,,,,"Alaska started issuing REAL ID compliant cards on 06/04/2013. If the card issue date is before this date, do not select REAL ID compliant.","[{""value"": ""F"", ""label"": ""Yes""}, {""value"": ""N"", ""label"": ""No""}]","{""element"": ""select"", ""label"": ""Is REAL ID"", ""name"": ""REALID"", ""options"": [{""label"": ""Yes"", ""value"": ""F""}, {""label"": ""No"", ""value"": ""N""}], ""pattern"": null, ""placeholder"": null, ""required"": false, ""tooltip"": ""Alaska started issuing REAL ID compliant cards on 06/04/2013. If the card issue date is before this date, do not select REAL ID compliant."", ""value"": null}"
AL,Alabama,Rev. 11/01/2014 (0401),DCE,1,DCE,Weight Range,select,True,,,,,,,"[{""value"": """", ""label"": ""== Select ==""}, {""value"": ""0"", ""label"": ""up to 31 kg (up to 70 lbs)""}, {""value"": ""1"", ""label"": ""32 – 45 kg (71 – 100 lbs)""}, {""value"": ""2"", ""label"": ""46 - 59 kg (101 – 130 lbs)""}, {""value"": ""3"", ""label"": ""60 - 70 kg (131 – 160 lbs)""}, {""value"": ""4"", ""label"": ""71 - 86 kg (161 – 190 lbs)""}, {""value"": ""5"", ""label"": ""87 - 100 kg (191 – 220 lbs)""}, {""value"": ""6"", ""label"": ""101 - 113 kg (221 – 250 lbs)""}, {""value"": ""7"", ""label"": ""114 - 127 kg (251 – 280 lbs)""}, {""value"": ""8"", ""label"": ""128 – 145 kg (281 – 320 lbs)""}, {""value"": ""9"", ""label"": ""146+ kg (321+ lbs)""}]","{""element"": ""select"", ""label"": ""Weight Range"", ""name"": ""DCE"", ""options"": [{""label"": ""== Select =="", ""value"": """"}, {""label"": ""up to 31 kg (up to 70 lbs)"", ""value"": ""0""}, {""label"": ""32 – 45 kg (71 – 100 lbs)"", ""value"": ""1""}, {""label"": ""46 - 59 kg (101 – 130 lbs)"", ""value"": ""2""}, {""label"": ""60 - 70 kg (131 – 160 lbs)"", ""value"": ""3""}, {""label"": ""71 - 86 kg (161 – 190 lbs)"", ""value"": ""4""}, {""label"": ""87 - 100 kg (191 – 220 lbs)"", ""value"": ""5""}, {""label"": ""101 - 113 kg (221 – 250 lbs)"", ""value"": ""6""}, {""label"": ""114 - 127 kg (251 – 280 lbs)"", ""value"": ""7""}, {""label"": ""128 – 145 kg (281 – 320 lbs)"", ""value"": ""8""}, {""label"": ""146+ kg (321+ lbs)"", ""value"": ""9""}], ""pattern"": null, ""placeholder"": null, ""required"": true, ""tooltip"": null, ""value"": null}"
AL,Alabama,Rev. 11/01/2014 (0401),EYE,1,EYE,Eye (ANSI D-20),select,True,,,,,,,"[{""value"": """", ""label"": ""== Select ==""}, {""value"": ""BLK"", ""label"": ""BLK (Black)""}, {""value"": ""BLU"", ""label"": ""BLU (Blue)""}, {""value"": ""BRO"", ""label"": ""BRO (Brown)""}, {""value"": ""GRY"", ""label"": ""GRY (Gray)""}, {""value"": ""GRN"", ""label"": ""GRN (Green)""}, {""value"": ""HAZ"", ""label"": ""HAZ (Hazel)""}, {""value"": ""MAR"", ""label"": ""MAR (Maroon)""}, {""value"": ""PNK"", ""label"": ""PNK (Pink)""}, {""value"": ""DIC"", ""label"": ""DIC (Dichromatic)""}, {""value"": ""UNK"", ""label"": ""UNK (Unknown)""}]","{""element"": ""select"", ""label"": ""Eye (ANSI D-20)"", ""name"": ""EYE"", ""options"": [{""label"": ""== Select =="", ""value"": """"}, {""label"": ""BLK (Black)"", ""value"": ""BLK""}, {""label"": ""BLU (Blue)"", ""value"": ""BLU""}, {""label"": ""BRO (Brown)"", ""value"": ""BRO""}, {""label"": ""GRY (Gray)"", ""value"": ""GRY""}, {""label"": ""GRN (Green)"", ""value"": ""GRN""}, {""label"": ""HAZ (Hazel)"", ""value"": ""HAZ""}, {""label"": ""MAR (Maroon)"", ""value"": ""MAR""}, {""label"": ""PNK (Pink)"", ""value"": ""PNK""}, {""label"": ""DIC (Dichromatic)"", ""value"": ""DIC""}, {""label"": ""UNK (Unknown)"", ""value"": ""UNK""}], ""pattern"": null, ""placeholder"": null, ""required"": true, ""tooltip"": null, ""value"": null}"
AL,Alabama,Rev. 11/01/2014 (0401),HAIR,1,HAIR,Hair (ANSI D-20),select,True,,,,,,,"[{""value"": """", ""label"": ""== Select ==""}, {""value"": ""BLK"", ""label"": ""BLK (Black)""}, {""value"": ""BLN"", ""label"": ""BLN (Blond)""}, {""value"": ""BRO"", ""label"": ""BRO (Brown)""}, {""value"": ""GRY"", ""label"": ""GRY (Grey)""}, {""value"": ""RED"", ""label"": ""RED (Red/Auburn)""}, {""value"": ""SDY"", ""label"": ""SDY (Sandy)""}, {""value"": ""WHI"", ""label"": ""WHI (White)""}, {""value"": ""UNK"", ""label"": ""UNK (Unknown)""}, {""value"": ""BAL"", ""label"": ""BAL (Bald)""}]","{""element"": ""select"", ""label"": ""Hair (ANSI D-20)"", ""name"": ""HAIR"", ""options"": [{""label"": ""== Select =="", ""value"": """"}, {""label"": ""BLK (Black)"", ""value"": ""BLK""}, {""label"": ""BLN (Blond)"", ""value"": ""BLN""}, {""label"": ""BRO (Brown)"", ""value"": ""BRO""}, {""label"": ""GRY (Grey)"", ""value"": ""GRY""}, {""label"": ""RED (Red/Auburn)"", ""value"": ""RED""}, {""label"": ""SDY (Sandy)"", ""value"": ""SDY""}, {""label"": ""WHI (White)"", ""value"": ""WHI""}, {""label"": ""UNK (Unknown)"", ""value"": ""UNK""}, {""label"": ""BAL (Bald)"", ""value"": ""BAL""}], ""pattern"": null, ""placeholder"": null, ""required"": true, ""tooltip"": null, ""value"": null}"
AL_2022,Alabama,Rev. 26/04/2022 (0403),NUMBER,1,NUMBER,DL Number,input,True,50764683,[0-9]{8},8,8,,7 random digits. You can click on the calculator icon to calculate number <b>automatically!</b>,[],"{""element"": ""input"", ""label"": ""DL Number"", ""maxlength"": 8, ""minlength"": 8, ""name"": ""NUMBER"", ""pattern"": ""[0-9]{8}"", ""placeholder"": ""50764683"", ""required"": true, ""tooltip"": ""7 random digits. You can click on the calculator icon to calculate number <b>automatically!</b>"", ""value"": """"}"
AL_2022,Alabama,Rev. 26/04/2022 (0403),LASTNAME,1,LASTNAME,Last name,input,True,Doe,[a-zA-Z\s]+,,,,,[],"{""element"": ""input"", ""label"": ""Last name"", ""name"": ""LASTNAME"", ""pattern"": ""[a-zA-Z\\s]+"", ""placeholder"": ""Doe"", ""required"": true, ""tooltip"": null, ""value"": """"}"
AL_2022,Alabama,Rev. 26/04/2022 (0403),FIRSTNAME,1,FIRSTNAME,First name,input,True,John,[a-zA-Z\s]+,,,,,[],"{""element"": ""input"", ""label"": ""First name"", ""name"": ""FIRSTNAME"", ""pattern"": ""[a-zA-Z\\s]+"", ""placeholder"": ""John"", ""required"": true, ""tooltip"": null, ""value"": """"}"
AL_2022,Alabama,Rev. 26/04/2022 (0403),MIDDLENAME,1,MIDDLENAME,Middle name,input,False,,,,,,This field is optional. You can click on the calculator icon to generate random name. Select gender in the field below to specify name gender.,[],"{""element"": ""input"", ""label"": ""Middle name"", ""name"": ""MIDDLENAME"", ""pattern"": null, ""placeholder"": """", ""required"": false, ""tooltip"": ""This field is optional. You can click on the calculator icon to generate random name. Select gender in the field below to specify name gender."", ""value"": """"}"
AL_2022,Alabama,Rev. 26/04/2022 (0403),ADDRESS,1,ADDRESS,Address,input,True,3704 3RD PL NE,,,,3704 3RD PL NE,,[],"{""element"": ""input"", ""label"": ""Address"", ""name"": ""ADDRESS"", ""pattern"": null, ""placeholder"": ""3704 3RD PL NE"", ""required"": true, ""tooltip"": null, ""value"": ""3704 3RD PL NE""}"
AL_2022,Alabama,Rev. 26/04/2022 (0403),CITY,1,CITY,City,input,True,Center Point,,,,Center Point,,[],"{""element"": ""input"", ""label"": ""City"", ""name"": ""CITY"", ""pattern"": null, ""placeholder"": ""Center Point"", ""required"": true, ""tooltip"": null, ""value"": ""Center Point""}"
AL_2022,Alabama,Rev. 26/04/2022 (0403),ZIP,1,ZIP,Zip code,input,True,330325131,[0-9]+,9,9,352151400,,[],"{""element"": ""input"", ""label"": ""Zip code"", ""maxlength"": 9, ""minlength"": 9, ""name"": ""ZIP"", ""pattern"": ""[0-9]+"", ""placeholder"": ""330325131"", ""required"": true, ""tooltip"": null, ""value"": ""352151400""}"
AL_2022,Alabama,Rev. 26/04/2022 (0403),CLASS,1,CLASS,DL Class,input,True,D,[A-Z1-9]+,1,2,D,,[],"{""element"": ""input"", ""label"": ""DL Class"", ""maxlength"": 2, ""minlength"": 1, ""name"": ""CLASS"", ""pattern"": ""[A-Z1-9]+"", ""placeholder"": ""D"", ""required"": true, ""tooltip"": null, ""value"": ""D""}"
AL_2022,Alabama,Rev. 26/04/2022 (0403),SEX,1,SEX,Sex,select,False,,,,,,,"[{""value"": ""M"", ""label"": ""M""}, {""value"": ""F"", ""label"": ""F""}]","{""element"": ""select"", ""label"": ""Sex"", ""name"": ""SEX"", ""options"": [{""label"": ""M"", ""value"": ""M""}, {""label"": ""F"", ""value"": ""F""}], ""pattern"": null, ""placeholder"": null, ""required"": false, ""tooltip"": null, ""value"": null}"
AL_2022,Alabama,Rev. 26/04/2022 (0403),DONOR,1,DONOR,Donor,select,False,,,,,,,"[{""value"": ""NO"", ""label"": ""No""}, {""value"": ""YES"", ""label"": ""Yes""}]","{""element"": ""select"", ""label"": ""Donor"", ""name"": ""DONOR"", ""options"": [{""label"": ""No"", ""value"": ""NO""}, {""label"": ""Yes"", ""value"": ""YES""}], ""pattern"": null, ""placeholder"": null, ""required"": false, ""tooltip"": null, ""value"": null}"
AL_2022,Alabama,Rev. 26/04/2022 (0403),DOB,1,DOB,Birth date,input,True,01151970,((((0[13578]|1[02])(0[1-9]|[12][0-9]|3[01]))|((0[469]|11)(0[1-9]|[12][0-9]|30))|(02)(0[1-9]|[1][0-9]|2[0-8]))([0-9]{3}[1-9]|[0-9]{2}[1-9][0-9]{1}|[0-9]{1}[1-9][0-9]{2}|[1-9][0-9]{3}))|(0229(([0-9]{2})(0[48]|[2468][048]|[13579][26])|((0[48]|[2468][048]|[3579][26])00))),8,8,,You need input the date in MMDDYYYY format,[],"{""element"": ""input"", ""label"": ""Birth date"", ""maxlength"": 8, ""minlength"": 8, ""name"": ""DOB"", ""pattern"": ""((((0[13578]|1[02])(0[1-9]|[12][0-9]|3[01]))|((0[469]|11)(0[1-9]|[12][0-9]|30))|(02)(0[1-9]|[1][0-9]|2[0-8]))([0-9]{3}[1-9]|[0-9]{2}[1-9][0-9]{1}|[0-9]{1}[1-9][0-9]{2}|[1-9][0-9]{3}))|(0229(([0-9]{2})(0[48]|[2468][048]|[13579][26])|((0[48]|[2468][048]|[3579][26])00)))"", ""placeholder"": ""01151970"", ""required"": true, ""tooltip"": ""You need input the date in MMDDYYYY format"", ""value"": """"}"
AL_2022,Alabama,Rev. 26/04/2022 (0403),DOI,1,DOI,Issue date,input,True,08262023,((((0[13578]|1[02])(0[1-9]|[12][0-9]|3[01]))|((0[469]|11)(0[1-9]|[12][0-9]|30))|(02)(0[1-9]|[1][0-9]|2[0-8]))([0-9]{3}[1-9]|[0-9]{2}[1-9][0-9]{1}|[0-9]{1}[1-9][0-9]{2}|[1-9][0-9]{3}))|(0229(([0-9]{2})(0[48]|[2468][048]|[13579][26])|((0[48]|[2468][048]|[3579][26])00))),8,8,,You need input the date in MMDDYYYY format,[],"{""element"": ""input"", ""label"": ""Issue date"", ""maxlength"": 8, ""minlength"": 8, ""name"": ""DOI"", ""pattern"": ""((((0[13578]|1[02])(0[1-9]|[12][0-9]|3[01]))|((0[469]|11)(0[1-9]|[12][0-9]|30))|(02)(0[1-9]|[1][0-9]|2[0-8]))([0-9]{3}[1-9]|[0-9]{2}[1-9][0-9]{1}|[0-9]{1}[1-9][0-9]{2}|[1-9][0-9]{3}))|(0229(([0-9]{2})(0[48]|[2468][048]|[13579][26])|((0[48]|[2468][048]|[3579][26])00)))"", ""placeholder"": ""08262023"", ""required"": true, ""tooltip"": ""You need input the date in MMDDYYYY format"", ""value"": """"}"
AL_2022,Alabama,Rev. 26/04/2022 (0403),DOE,1,DOE,Expiry date,input,True,08262027,((((0[13578]|1[02])(0[1-9]|[12][0-9]|3[01]))|((0[469]|11)(0[1-9]|[12][0-9]|30))|(02)(0[1-9]|[1][0-9]|2[0-8]))([0-9]{3}[1-9]|[0-9]{2}[1-9][0-9]{1}|[0-9]{1}[1-9][0-9]{2}|[1-9][0-9]{3}))|(0229(([0-9]{2})(0[48]|[2468][048]|[13579][26])|((0[48]|[2468][048]|[3579][26])00))),8,8,,Same month and day as in birth date. 5 years after the year of issue,[],"{""element"": ""input"", ""label"": ""Expiry date"", ""maxlength"": 8, ""minlength"": 8, ""name"": ""DOE"", ""pattern"": ""((((0[13578]|1[02])(0[1-9]|[12][0-9]|3[01]))|((0[469]|11)(0[1-9]|[12][0-9]|30))|(02)(0[1-9]|[1][0-9]|2[0-8]))([0-9]{3}[1-9]|[0-9]{2}[1-9][0-9]{1}|[0-9]{1}[1-9][0-9]{2}|[1-9][0-9]{3}))|(0229(([0-9]{2})(0[48]|[2468][048]|[13579][26])|((0[48]|[2468][048]|[3579][26])00)))"", ""placeholder"": ""08262027"", ""required"": true, ""tooltip"": ""Same month and day as in birth date. 5 years after the year of issue"", ""value"": """"}"
AL_2022,Alabama,Rev. 26/04/2022 (0403),DD,1,DD,DD,input,True,NONE,,,,NONE,,[],"{""element"": ""input"", ""label"": ""DD"", ""name"": ""DD"", ""pattern"": null, ""placeholder"": ""NONE"", ""required"": true, ""tooltip"": null, ""value"": ""NONE""}"
AL_2022,Alabama,Rev. 26/04/2022 (0403),ICN,1,ICN,ICN,input,True,50764683783372324201,[0-9]+,20,20,,Document number + 5 random digits + 2 digits of issue year + 3 digits is number of days from the beginning of the year to document + 01. You can click on the calculator icon to calculate ICN <b>automatically!</b>,[],"{""element"": ""input"", ""label"": ""ICN"", ""maxlength"": 20, ""minlength"": 20, ""name"": ""ICN"", ""pattern"": ""[0-9]+"", ""placeholder"": ""50764683783372324201"", ""required"": true, ""tooltip"": ""Document number + 5 random digits + 2 digits of issue year + 3 digits is number of days from the beginning of the year to document + 01. You can click on the calculator icon to calculate ICN <b>automatically!</b>"", ""value"": null}"
AL_2022,Alabama,Rev. 26/04/2022 (0403),RESTRICTIONS,1,RESTRICTIONS,Restrictions,input,True,NONE,,,,NONE,,[],"{""element"": ""input"", ""label"": ""Restrictions"", ""name"": ""RESTRICTIONS"", ""pattern"": null, ""placeholder"": ""NONE"", ""required"": true, ""tooltip"": null, ""value"": ""NONE""}"
AL_2022,Alabama,Rev. 26/04/2022 (0403),ENDORSEMENT,1,ENDORSEMENT,Endorsement,input,True,NONE,,,,NONE,,[],"{""element"": ""input"", ""label"": ""Endorsement"", ""name"": ""ENDORSEMENT"", ""pattern"": null, ""placeholder"": ""NONE"", ""required"": true, ""tooltip"": null, ""value"": ""NONE""}"
AL_2022,Alabama,Rev. 26/04/2022 (0403),HEIGHT,1,HEIGHT,Height (in.),input,True,69,,,2,69,,[],"{""element"": ""input"", ""label"": ""Height (in.)"", ""maxlength"": 2, ""name"": ""HEIGHT"", ""pattern"": null, ""placeholder"": ""69"", ""required"": true, ""tooltip"": null, ""value"": ""69""}"
AL_2022,Alabama,Rev. 26/04/2022 (0403),REALID,1,REALID,Is REAL ID,select,False,,,,,,"Alaska started issuing REAL ID compliant cards on 06/04/2013. If the card issue date is before this date, do not select REAL ID compliant.","[{""value"": ""F"", ""label"": ""Yes""}, {""value"": ""N"", ""label"": ""No""}]","{""element"": ""select"", ""label"": ""Is REAL ID"", ""name"": ""REALID"", ""options"": [{""label"": ""Yes"", ""value"": ""F""}, {""label"": ""No"", ""value"": ""N""}], ""pattern"": null, ""placeholder"": null, ""required"": false, ""tooltip"": ""Alaska started issuing REAL ID compliant cards on 06/04/2013. If the card issue date is before this date, do not select REAL ID compliant."", ""value"": null}"
AL_2022,Alabama,Rev. 26/04/2022 (0403),DCE,1,DCE,Weight Range,select,True,,,,,,,"[{""value"": """", ""label"": ""== Select ==""}, {""value"": ""0"", ""label"": ""up to 31 kg (up to 70 lbs)""}, {""value"": ""1"", ""label"": ""32 – 45 kg (71 – 100 lbs)""}, {""value"": ""2"", ""label"": ""46 - 59 kg (101 – 130 lbs)""}, {""value"": ""3"", ""label"": ""60 - 70 kg (131 – 160 lbs)""}, {""value"": ""4"", ""label"": ""71 - 86 kg (161 – 190 lbs)""}, {""value"": ""5"", ""label"": ""87 - 100 kg (191 – 220 lbs)""}, {""value"": ""6"", ""label"": ""101 - 113 kg (221 – 250 lbs)""}, {""value"": ""7"", ""label"": ""114 - 127 kg (251 – 280 lbs)""}, {""value"": ""8"", ""label"": ""128 – 145 kg (281 – 320 lbs)""}, {""value"": ""9"", ""label"": ""146+ kg (321+ lbs)""}]","{""element"": ""select"", ""label"": ""Weight Range"", ""name"": ""DCE"", ""options"": [{""label"": ""== Select =="", ""value"": """"}, {""label"": ""up to 31 kg (up to 70 lbs)"", ""value"": ""0""}, {""label"": ""32 – 45 kg (71 – 100 lbs)"", ""value"": ""1""}, {""label"": ""46 - 59 kg (101 – 130 lbs)"", ""value"": ""2""}, {""label"": ""60 - 70 kg (131 – 160 lbs)"", ""value"": ""3""}, {""label"": ""71 - 86 kg (161 – 190 lbs)"", ""value"": ""4""}, {""label"": ""87 - 100 kg (191 – 220 lbs)"", ""value"": ""5""}, {""label"": ""101 - 113 kg (221 – 250 lbs)"", ""value"": ""6""}, {""label"": ""114 - 127 kg (251 – 280 lbs)"", ""value"": ""7""}, {""label"": ""128 – 145 kg (281 – 320 lbs)"", ""value"": ""8""}, {""label"": ""146+ kg (321+ lbs)"", ""value"": ""9""}], ""pattern"": null, ""placeholder"": null, ""required"": true, ""tooltip"": null, ""value"": null}"
AL_2022,Alabama,Rev. 26/04/2022 (0403),EYE,1,EYE,Eye (ANSI D-20),select,True,,,,,,,"[{""value"": """", ""label"": ""== Select ==""}, {""value"": ""BLK"", ""label"": ""BLK (Black)""}, {""value"": ""BLU"", ""label"": ""BLU (Blue)""}, {""value"": ""BRO"", ""label"": ""BRO (Brown)""}, {""value"": ""GRY"", ""label"": ""GRY (Gray)""}, {""value"": ""GRN"", ""label"": ""GRN (Green)""}, {""value"": ""HAZ"", ""label"": ""HAZ (Hazel)""}, {""value"": ""MAR"", ""label"": ""MAR (Maroon)""}, {""value"": ""PNK"", ""label"": ""PNK (Pink)""}, {""value"": ""DIC"", ""label"": ""DIC (Dichromatic)""}, {""value"": ""UNK"", ""label"": ""UNK (Unknown)""}]","{""element"": ""select"", ""label"": ""Eye (ANSI D-20)"", ""name"": ""EYE"", ""options"": [{""label"": ""== Select =="", ""value"": """"}, {""label"": ""BLK (Black)"", ""value"": ""BLK""}, {""label"": ""BLU (Blue)"", ""value"": ""BLU""}, {""label"": ""BRO (Brown)"", ""value"": ""BRO""}, {""label"": ""GRY (Gray)"", ""value"": ""GRY""}, {""label"": ""GRN (Green)"", ""value"": ""GRN""}, {""label"": ""HAZ (Hazel)"", ""value"": ""HAZ""}, {""label"": ""MAR (Maroon)"", ""value"": ""MAR""}, {""label"": ""PNK (Pink)"", ""value"": ""PNK""}, {""label"": ""DIC (Dichromatic)"", ""value"": ""DIC""}, {""label"": ""UNK (Unknown)"", ""value"": ""UNK""}], ""pattern"": null, ""placeholder"": null, ""required"": true, ""tooltip"": null, ""value"": null}"
AL_2022,Alabama,Rev. 26/04/2022 (0403),HAIR,1,HAIR,Hair (ANSI D-20),select,True,,,,,,,"[{""value"": """", ""label"": ""== Select ==""}, {""value"": ""BLK"", ""label"": ""BLK (Black)""}, {""value"": ""BLN"", ""label"": ""BLN (Blond)""}, {""value"": ""BRO"", ""label"": ""BRO (Brown)""}, {""value"": ""GRY"", ""label"": ""GRY (Grey)""}, {""value"": ""RED"", ""label"": ""RED (Red/Auburn)""}, {""value"": ""SDY"", ""label"": ""SDY (Sandy)""}, {""value"": ""WHI"", ""label"": ""WHI (White)""}, {""value"": ""UNK"", ""label"": ""UNK (Unknown)""}, {""value"": ""BAL"", ""label"": ""BAL (Bald)""}]","{""element"": ""select"", ""label"": ""Hair (ANSI D-20)"", ""name"": ""HAIR"", ""options"": [{""label"": ""== Select =="", ""value"": """"}, {""label"": ""BLK (Black)"", ""value"": ""BLK""}, {""label"": ""BLN (Blond)"", ""value"": ""BLN""}, {""label"": ""BRO (Brown)"", ""value"": ""BRO""}, {""label"": ""GRY (Grey)"", ""value"": ""GRY""}, {""label"": ""RED (Red/Auburn)"", ""value"": ""RED""}, {""label"": ""SDY (Sandy)"", ""value"": ""SDY""}, {""label"": ""WHI (White)"", ""value"": ""WHI""}, {""label"": ""UNK (Unknown)"", ""value"": ""UNK""}, {""label"": ""BAL (Bald)"", ""value"": ""BAL""}], ""pattern"": null, ""placeholder"": null, ""required"": true, ""tooltip"": null, ""value"": null}"
AK,Alaska,Rev. 11/01/2018 (0901),NUMBER,1,NUMBER,DL Number,input,True,7476172,[0-9]{7},7,7,, You can click on the calculator icon to calculate number <b>automatically!</b>,[],"{""element"": ""input"", ""label"": ""DL Number"", ""maxlength"": 7, ""minlength"": 7, ""name"": ""NUMBER"", ""pattern"": ""[0-9]{7}"", ""placeholder"": ""7476172"", ""required"": true, ""tooltip"": "" You can click on the calculator icon to calculate number <b>automatically!</b>"", ""value"": """"}"
AK,Alaska,Rev. 11/01/2018 (0901),LASTNAME,1,LASTNAME,Last name,input,True,Doe,[a-zA-Z\s]+,,,,,[],"{""element"": ""input"", ""label"": ""Last name"", ""name"": ""LASTNAME"", ""pattern"": ""[a-zA-Z\\s]+"", ""placeholder"": ""Doe"", ""required"": true, ""tooltip"": null, ""value"": """"}"
AK,Alaska,Rev. 11/01/2018 (0901),FIRSTNAME,1,FIRSTNAME,First name,input,True,John,[a-zA-Z\s]+,,,,,[],"{""element"": ""input"", ""label"": ""First name"", ""name"": ""FIRSTNAME"", ""pattern"": ""[a-zA-Z\\s]+"", ""placeholder"": ""John"", ""required"": true, ""tooltip"": null, ""value"": """"}"
AK,Alaska,Rev. 11/01/2018 (0901),MIDDLENAME,1,MIDDLENAME,Middle name,input,False,,,,,,This field is optional. You can click on the calculator icon to generate random name. Select gender in the field below to specify name gender.,[],"{""element"": ""input"", ""label"": ""Middle name"", ""name"": ""MIDDLENAME"", ""pattern"": null, ""placeholder"": """", ""required"": false, ""tooltip"": ""This field is optional. You can click on the calculator icon to generate random name. Select gender in the field below to specify name gender."", ""value"": """"}"
AK,Alaska,Rev. 11/01/2018 (0901),ADDRESS,1,ADDRESS,Address,input,True,3201 Legacy Dr,,,,3201 Legacy Dr,,[],"{""element"": ""input"", ""label"": ""Address"", ""name"": ""ADDRESS"", ""pattern"": null, ""placeholder"": ""3201 Legacy Dr"", ""required"": true, ""tooltip"": null, ""value"": ""3201 Legacy Dr""}"
AK,Alaska,Rev. 11/01/2018 (0901),CITY,1,CITY,City,input,True,Anchorage,,,,Anchorage,,[],"{""element"": ""input"", ""label"": ""City"", ""name"": ""CITY"", ""pattern"": null, ""placeholder"": ""Anchorage"", ""required"": true, ""tooltip"": null, ""value"": ""Anchorage""}"
AK,Alaska,Rev. 11/01/2018 (0901),ZIP,1,ZIP,Zip code,input,True,995162765,[0-9]{9},9,9,995162765,,[],"{""element"": ""input"", ""label"": ""Zip code"", ""maxlength"": 9, ""minlength"": 9, ""name"": ""ZIP"", ""pattern"": ""[0-9]{9}"", ""placeholder"": ""995162765"", ""required"": true, ""tooltip"": null, ""value"": ""995162765""}"
AK,Alaska,Rev. 11/01/2018 (0901),CLASS,1,CLASS,DL Class,input,True,D,"[A-Z1-9,\s]+",1,7,D,,[],"{""element"": ""input"", ""label"": ""DL Class"", ""maxlength"": 7, ""minlength"": 1, ""name"": ""CLASS"", ""pattern"": ""[A-Z1-9,\\s]+"", ""placeholder"": ""D"", ""required"": true, ""tooltip"": null, ""value"": ""D""}"
AK,Alaska,Rev. 11/01/2018 (0901),SEX,1,SEX,Sex,select,False,,,,,,,"[{""value"": ""M"", ""label"": ""M""}, {""value"": ""F"", ""label"": ""F""}]","{""element"": ""select"", ""label"": ""Sex"", ""name"": ""SEX"", ""options"": [{""label"": ""M"", ""value"": ""M""}, {""label"": ""F"", ""value"": ""F""}], ""pattern"": null, ""placeholder"": null, ""required"": false, ""tooltip"": null, ""value"": null}"
AK,Alaska,Rev. 11/01/2018 (0901),DONOR,1,DONOR,Donor,select,False,,,,,,,"[{""value"": ""NO"", ""label"": ""No""}, {""value"": ""YES"", ""label"": ""Yes""}]","{""element"": ""select"", ""label"": ""Donor"", ""name"": ""DONOR"", ""options"": [{""label"": ""No"", ""value"": ""NO""}, {""label"": ""Yes"", ""value"": ""YES""}], ""pattern"": null, ""placeholder"": null, ""required"": false, ""tooltip"": null, ""value"": null}"
AK,Alaska,Rev. 11/01/2018 (0901),DOB,1,DOB,Birth date,input,True,01151970,((((0[13578]|1[02])(0[1-9]|[12][0-9]|3[01]))|((0[469]|11)(0[1-9]|[12][0-9]|30))|(02)(0[1-9]|[1][0-9]|2[0-8]))([0-9]{3}[1-9]|[0-9]{2}[1-9][0-9]{1}|[0-9]{1}[1-9][0-9]{2}|[1-9][0-9]{3}))|(0229(([0-9]{2})(0[48]|[2468][048]|[13579][26])|((0[48]|[2468][048]|[3579][26])00))),8,8,,You need input the date in MMDDYYYY format,[],"{""element"": ""input"", ""label"": ""Birth date"", ""maxlength"": 8, ""minlength"": 8, ""name"": ""DOB"", ""pattern"": ""((((0[13578]|1[02])(0[1-9]|[12][0-9]|3[01]))|((0[469]|11)(0[1-9]|[12][0-9]|30))|(02)(0[1-9]|[1][0-9]|2[0-8]))([0-9]{3}[1-9]|[0-9]{2}[1-9][0-9]{1}|[0-9]{1}[1-9][0-9]{2}|[1-9][0-9]{3}))|(0229(([0-9]{2})(0[48]|[2468][048]|[13579][26])|((0[48]|[2468][048]|[3579][26])00)))"", ""placeholder"": ""01151970"", ""required"": true, ""tooltip"": ""You need input the date in MMDDYYYY format"", ""value"": """"}"
AK,Alaska,Rev. 11/01/2018 (0901),DOI,1,DOI,Issue date,input,True,08262020,((((0[13578]|1[02])(0[1-9]|[12][0-9]|3[01]))|((0[469]|11)(0[1-9]|[12][0-9]|30))|(02)(0[1-9]|[1][0-9]|2[0-8]))([0-9]{3}[1-9]|[0-9]{2}[1-9][0-9]{1}|[0-9]{1}[1-9][0-9]{2}|[1-9][0-9]{3}))|(0229(([0-9]{2})(0[48]|[2468][048]|[13579][26])|((0[48]|[2468][048]|[3579][26])00))),8,8,,You need input the date in MMDDYYYY format,[],"{""element"": ""input"", ""label"": ""Issue date"", ""maxlength"": 8, ""minlength"": 8, ""name"": ""DOI"", ""pattern"": ""((((0[13578]|1[02])(0[1-9]|[12][0-9]|3[01]))|((0[469]|11)(0[1-9]|[12][0-9]|30))|(02)(0[1-9]|[1][0-9]|2[0-8]))([0-9]{3}[1-9]|[0-9]{2}[1-9][0-9]{1}|[0-9]{1}[1-9][0-9]{2}|[1-9][0-9]{3}))|(0229(([0-9]{2})(0[48]|[2468][048]|[13579][26])|((0[48]|[2468][048]|[3579][26])00)))"", ""placeholder"": ""08262020"", ""required"": true, ""tooltip"": ""You need input the date in MMDDYYYY format"", ""value"": """"}"
AK,Alaska,Rev. 11/01/2018 (0901),DOE,1,DOE,Expiry date,input,True,01152028,((((0[13578]|1[02])(0[1-9]|[12][0-9]|3[01]))|((0[469]|11)(0[1-9]|[12][0-9]|30))|(02)(0[1-9]|[1][0-9]|2[0-8]))([0-9]{3}[1-9]|[0-9]{2}[1-9][0-9]{1}|[0-9]{1}[1-9][0-9]{2}|[1-9][0-9]{3}))|(0229(([0-9]{2})(0[48]|[2468][048]|[13579][26])|((0[48]|[2468][048]|[3579][26])00))),8,8,,"As of Tanuary 2019, 8 years, expires on birthday in 7th or 8th year; previously issued cards, 5 years.",[],"{""element"": ""input"", ""label"": ""Expiry date"", ""maxlength"": 8, ""minlength"": 8, ""name"": ""DOE"", ""pattern"": ""((((0[13578]|1[02])(0[1-9]|[12][0-9]|3[01]))|((0[469]|11)(0[1-9]|[12][0-9]|30))|(02)(0[1-9]|[1][0-9]|2[0-8]))([0-9]{3}[1-9]|[0-9]{2}[1-9][0-9]{1}|[0-9]{1}[1-9][0-9]{2}|[1-9][0-9]{3}))|(0229(([0-9]{2})(0[48]|[2468][048]|[13579][26])|((0[48]|[2468][048]|[3579][26])00)))"", ""placeholder"": ""01152028"", ""required"": true, ""tooltip"": ""As of Tanuary 2019, 8 years, expires on birthday in 7th or 8th year; previously issued cards, 5 years."", ""value"": """"}"
AK,Alaska,Rev. 11/01/2018 (0901),ICN,1,ICN,ICN,input,True,1000728920,[0-9]{10},10,10,,10 digits. You can click on the calculator icon to calculate ICN <b>automatically!</b>,[],"{""element"": ""input"", ""label"": ""ICN"", ""maxlength"": 10, ""minlength"": 10, ""name"": ""ICN"", ""pattern"": ""[0-9]{10}"", ""placeholder"": ""1000728920"", ""required"": true, ""tooltip"": ""10 digits. You can click on the calculator icon to calculate ICN <b>automatically!</b>"", ""value"": null}"
AK,Alaska,Rev. 11/01/2018 (0901),DD,1,DD,DD,input,True,8475992 460200826PNV-1,[0-9]{7}\s[0-9]{9}[a-zA-Z]{3}-[01],22,22,,7 digits + whitespace + 3 ditis + issue date (YYMMDD) + 3 letters + -1 or -0. You can click on the calculator icon to calculate DD <b>automatically!</b>,[],"{""element"": ""input"", ""label"": ""DD"", ""maxlength"": 22, ""minlength"": 22, ""name"": ""DD"", ""pattern"": ""[0-9]{7}\\s[0-9]{9}[a-zA-Z]{3}-[01]"", ""placeholder"": ""8475992 460200826PNV-1"", ""required"": true, ""tooltip"": ""7 digits + whitespace + 3 ditis + issue date (YYMMDD) + 3 letters + -1 or -0. You can click on the calculator icon to calculate DD <b>automatically!</b>"", ""value"": null}"
AK,Alaska,Rev. 11/01/2018 (0901),RESTRICTIONS,1,RESTRICTIONS,Restrictions,input,True,NONE,,,,NONE,,[],"{""element"": ""input"", ""label"": ""Restrictions"", ""name"": ""RESTRICTIONS"", ""pattern"": null, ""placeholder"": ""NONE"", ""required"": true, ""tooltip"": null, ""value"": ""NONE""}"
AK,Alaska,Rev. 11/01/2018 (0901),ENDORSEMENT,1,ENDORSEMENT,Endorsement,input,True,NONE,,,,NONE,,[],"{""element"": ""input"", ""label"": ""Endorsement"", ""name"": ""ENDORSEMENT"", ""pattern"": null, ""placeholder"": ""NONE"", ""required"": true, ""tooltip"": null, ""value"": ""NONE""}"
AK,Alaska,Rev. 11/01/2018 (0901),HEIGHT,1,HEIGHT,Height (in.),input,True,69,,,2,69,,[],"{""element"": ""input"", ""label"": ""Height (in.)"", ""maxlength"": 2, ""name"": ""HEIGHT"", ""pattern"": null, ""placeholder"": ""69"", ""required"": true, ""tooltip"": null, ""value"": ""69""}"
AK,Alaska,Rev. 11/01/2018 (0901),WEIGHT,1,WEIGHT,Weight (lb.),input,True,169,,,3,169,,[],"{""element"": ""input"", ""label"": ""Weight (lb.)"", ""maxlength"": 3, ""name"": ""WEIGHT"", ""pattern"": null, ""placeholder"": ""169"", ""required"": true, ""tooltip"": null, ""value"": ""169""}"
AK,Alaska,Rev. 11/01/2018 (0901),EYE,1,EYE,Eye (ANSI D-20),select,True,,,,,,,"[{""value"": """", ""label"": ""== Select ==""}, {""value"": ""BLK"", ""label"": ""BLK (Black)""}, {""value"": ""BLU"", ""label"": ""BLU (Blue)""}, {""value"": ""BRO"", ""label"": ""BRO (Brown)""}, {""value"": ""GRY"", ""label"": ""GRY (Gray)""}, {""value"": ""GRN"", ""label"": ""GRN (Green)""}, {""value"": ""HAZ"", ""label"": ""HAZ (Hazel)""}, {""value"": ""MAR"", ""label"": ""MAR (Maroon)""}, {""value"": ""PNK"", ""label"": ""PNK (Pink)""}, {""value"": ""DIC"", ""label"": ""DIC (Dichromatic)""}, {""value"": ""UNK"", ""label"": ""UNK (Unknown)""}]","{""element"": ""select"", ""label"": ""Eye (ANSI D-20)"", ""name"": ""EYE"", ""options"": [{""label"": ""== Select =="", ""value"": """"}, {""label"": ""BLK (Black)"", ""value"": ""BLK""}, {""label"": ""BLU (Blue)"", ""value"": ""BLU""}, {""label"": ""BRO (Brown)"", ""value"": ""BRO""}, {""label"": ""GRY (Gray)"", ""value"": ""GRY""}, {""label"": ""GRN (Green)"", ""value"": ""GRN""}, {""label"": ""HAZ (Hazel)"", ""value"": ""HAZ""}, {""label"": ""MAR (Maroon)"", ""value"": ""MAR""}, {""label"": ""PNK (Pink)"", ""value"": ""PNK""}, {""label"": ""DIC (Dichromatic)"", ""value"": ""DIC""}, {""label"": ""UNK (Unknown)"", ""value"": ""UNK""}], ""pattern"": null, ""placeholder"": null, ""required"": true, ""tooltip"": null, ""value"": null}"
AK,Alaska,Rev. 11/01/2018 (0901),HAIR,1,HAIR,Hair (ANSI D-20),select,True,,,,,,,"[{""value"": """", ""label"": ""== Select ==""}, {""value"": ""BLK"", ""label"": ""BLK (Black)""}, {""value"": ""BLN"", ""label"": ""BLN (Blond)""}, {""value"": ""BRO"", ""label"": ""BRO (Brown)""}, {""value"": ""GRY"", ""label"": ""GRY (Grey)""}, {""value"": ""RED"", ""label"": ""RED (Red/Auburn)""}, {""value"": ""SDY"", ""label"": ""SDY (Sandy)""}, {""value"": ""WHI"", ""label"": ""WHI (White)""}, {""value"": ""UNK"", ""label"": ""UNK (Unknown)""}, {""value"": ""BAL"", ""label"": ""BAL (Bald)""}]","{""element"": ""select"", ""label"": ""Hair (ANSI D-20)"", ""name"": ""HAIR"", ""options"": [{""label"": ""== Select =="", ""value"": """"}, {""label"": ""BLK (Black)"", ""value"": ""BLK""}, {""label"": ""BLN (Blond)"", ""value"": ""BLN""}, {""label"": ""BRO (Brown)"", ""value"": ""BRO""}, {""label"": ""GRY (Grey)"", ""value"": ""GRY""}, {""label"": ""RED (Red/Auburn)"", ""value"": ""RED""}, {""label"": ""SDY (Sandy)"", ""value"": ""SDY""}, {""label"": ""WHI (White)"", ""value"": ""WHI""}, {""label"": ""UNK (Unknown)"", ""value"": ""UNK""}, {""label"": ""BAL (Bald)"", ""value"": ""BAL""}], ""pattern"": null, ""placeholder"": null, ""required"": true, ""tooltip"": null, ""value"": null}"
AK,Alaska,Rev. 11/01/2018 (0901),REALID,1,REALID,Is REAL ID,select,False,,,,,,"Alaska started issuing REAL ID compliant cards on 06/04/2013. If the card issue date is before this date, do not select REAL ID compliant.","[{""value"": ""F"", ""label"": ""Yes""}, {""value"": ""N"", ""label"": ""No""}]","{""element"": ""select"", ""label"": ""Is REAL ID"", ""name"": ""REALID"", ""options"": [{""label"": ""Yes"", ""value"": ""F""}, {""label"": ""No"", ""value"": ""N""}], ""pattern"": null, ""placeholder"": null, ""required"": false, ""tooltip"": ""Alaska started issuing REAL ID compliant cards on 06/04/2013. If the card issue date is before this date, do not select REAL ID compliant."", ""value"": null}"
AZ,Arizona,Rev 02/14/2014 (7000),NUMBER,1,NUMBER,DL Number,input,True,D28375514,[a-zA-Z][0-9]{8},9,9,,Letter + 8 random digits. You can click on the calculator icon to calculate number <b>automatically!</b>,[],"{""element"": ""input"", ""label"": ""DL Number"", ""maxlength"": 9, ""minlength"": 9, ""name"": ""NUMBER"", ""pattern"": ""[a-zA-Z][0-9]{8}"", ""placeholder"": ""D28375514"", ""required"": true, ""tooltip"": ""Letter + 8 random digits. You can click on the calculator icon to calculate number <b>automatically!</b>"", ""value"": """"}"
AZ,Arizona,Rev 02/14/2014 (7000),FIRSTNAME,1,FIRSTNAME,First name,input,True,John,[a-zA-Z\s]+,,,,,[],"{""element"": ""input"", ""label"": ""First name"", ""name"": ""FIRSTNAME"", ""pattern"": ""[a-zA-Z\\s]+"", ""placeholder"": ""John"", ""required"": true, ""tooltip"": null, ""value"": """"}"
AZ,Arizona,Rev 02/14/2014 (7000),LASTNAME,1,LASTNAME,Last name,input,True,Doe,[a-zA-Z\s]+,,,,,[],"{""element"": ""input"", ""label"": ""Last name"", ""name"": ""LASTNAME"", ""pattern"": ""[a-zA-Z\\s]+"", ""placeholder"": ""Doe"", ""required"": true, ""tooltip"": null, ""value"": """"}"
AZ,Arizona,Rev 02/14/2014 (7000),MIDDLENAME,1,MIDDLENAME,Middle name,input,False,,,,,,This field is optional. You can click on the calculator icon to generate random name. Select gender in the field below to specify name gender.,[],"{""element"": ""input"", ""label"": ""Middle name"", ""name"": ""MIDDLENAME"", ""pattern"": null, ""placeholder"": """", ""required"": false, ""tooltip"": ""This field is optional. You can click on the calculator icon to generate random name. Select gender in the field below to specify name gender."", ""value"": """"}"
AZ,Arizona,Rev 02/14/2014 (7000),ADDRESS,1,ADDRESS,Address,input,True,4248 S Red Rock St,,,,4248 S Red Rock St,,[],"{""element"": ""input"", ""label"": ""Address"", ""name"": ""ADDRESS"", ""pattern"": null, ""placeholder"": ""4248 S Red Rock St"", ""required"": true, ""tooltip"": null, ""value"": ""4248 S Red Rock St""}"
AZ,Arizona,Rev 02/14/2014 (7000),CITY,1,CITY,City,input,True,Gilbert,,,,Gilbert,,[],"{""element"": ""input"", ""label"": ""City"", ""name"": ""CITY"", ""pattern"": null, ""placeholder"": ""Gilbert"", ""required"": true, ""tooltip"": null, ""value"": ""Gilbert""}"
AZ,Arizona,Rev 02/14/2014 (7000),ZIP,1,ZIP,Zip code,input,True,85297,[0-9]{5},5,5,85297,,[],"{""element"": ""input"", ""label"": ""Zip code"", ""maxlength"": 5, ""minlength"": 5, ""name"": ""ZIP"", ""pattern"": ""[0-9]{5}"", ""placeholder"": ""85297"", ""required"": true, ""tooltip"": null, ""value"": ""85297""}"
AZ,Arizona,Rev 02/14/2014 (7000),CLASS,1,CLASS,DL Class,input,True,D,[A-Z1-9]+,1,4,D,,[],"{""element"": ""input"", ""label"": ""DL Class"", ""maxlength"": 4, ""minlength"": 1, ""name"": ""CLASS"", ""pattern"": ""[A-Z1-9]+"", ""placeholder"": ""D"", ""required"": true, ""tooltip"": null, ""value"": ""D""}"
AZ,Arizona,Rev 02/14/2014 (7000),SEX,1,SEX,Sex,select,False,,,,,,,"[{""value"": ""M"", ""label"": ""M""}, {""value"": ""F"", ""label"": ""F""}]","{""element"": ""select"", ""label"": ""Sex"", ""name"": ""SEX"", ""options"": [{""label"": ""M"", ""value"": ""M""}, {""label"": ""F"", ""value"": ""F""}], ""pattern"": null, ""placeholder"": null, ""required"": false, ""tooltip"": null, ""value"": null}"
AZ,Arizona,Rev 02/14/2014 (7000),DONOR,1,DONOR,Donor,select,False,,,,,,,"[{""value"": ""NO"", ""label"": ""No""}, {""value"": ""YES"", ""label"": ""Yes""}]","{""element"": ""select"", ""label"": ""Donor"", ""name"": ""DONOR"", ""options"": [{""label"": ""No"", ""value"": ""NO""}, {""label"": ""Yes"", ""value"": ""YES""}], ""pattern"": null, ""placeholder"": null, ""required"": false, ""tooltip"": null, ""value"": null}"
AZ,Arizona,Rev 02/14/2014 (7000),DOB,1,DOB,Birth date,input,True,01151970,((((0[13578]|1[02])(0[1-9]|[12][0-9]|3[01]))|((0[469]|11)(0[1-9]|[12][0-9]|30))|(02)(0[1-9]|[1][0-9]|2[0-8]))([0-9]{3}[1-9]|[0-9]{2}[1-9][0-9]{1}|[0-9]{1}[1-9][0-9]{2}|[1-9][0-9]{3}))|(0229(([0-9]{2})(0[48]|[2468][048]|[13579][26])|((0[48]|[2468][048]|[3579][26])00))),8,8,,You need input the date in MMDDYYYY format,[],"{""element"": ""input"", ""label"": ""Birth date"", ""maxlength"": 8, ""minlength"": 8, ""name"": ""DOB"", ""pattern"": ""((((0[13578]|1[02])(0[1-9]|[12][0-9]|3[01]))|((0[469]|11)(0[1-9]|[12][0-9]|30))|(02)(0[1-9]|[1][0-9]|2[0-8]))([0-9]{3}[1-9]|[0-9]{2}[1-9][0-9]{1}|[0-9]{1}[1-9][0-9]{2}|[1-9][0-9]{3}))|(0229(([0-9]{2})(0[48]|[2468][048]|[13579][26])|((0[48]|[2468][048]|[3579][26])00)))"", ""placeholder"": ""01151970"", ""required"": true, ""tooltip"": ""You need input the date in MMDDYYYY format"", ""value"": """"}"
AZ,Arizona,Rev 02/14/2014 (7000),DOI,1,DOI,Issue date,input,True,12262016,((((0[13578]|1[02])(0[1-9]|[12][0-9]|3[01]))|((0[469]|11)(0[1-9]|[12][0-9]|30))|(02)(0[1-9]|[1][0-9]|2[0-8]))([0-9]{3}[1-9]|[0-9]{2}[1-9][0-9]{1}|[0-9]{1}[1-9][0-9]{2}|[1-9][0-9]{3}))|(0229(([0-9]{2})(0[48]|[2468][048]|[13579][26])|((0[48]|[2468][048]|[3579][26])00))),8,8,,You need input the date in MMDDYYYY format,[],"{""element"": ""input"", ""label"": ""Issue date"", ""maxlength"": 8, ""minlength"": 8, ""name"": ""DOI"", ""pattern"": ""((((0[13578]|1[02])(0[1-9]|[12][0-9]|3[01]))|((0[469]|11)(0[1-9]|[12][0-9]|30))|(02)(0[1-9]|[1][0-9]|2[0-8]))([0-9]{3}[1-9]|[0-9]{2}[1-9][0-9]{1}|[0-9]{1}[1-9][0-9]{2}|[1-9][0-9]{3}))|(0229(([0-9]{2})(0[48]|[2468][048]|[13579][26])|((0[48]|[2468][048]|[3579][26])00)))"", ""placeholder"": ""12262016"", ""required"": true, ""tooltip"": ""You need input the date in MMDDYYYY format"", ""value"": """"}"
AZ,Arizona,Rev 02/14/2014 (7000),DOE,1,DOE,Expiry date,input,True,01152035,((((0[13578]|1[02])(0[1-9]|[12][0-9]|3[01]))|((0[469]|11)(0[1-9]|[12][0-9]|30))|(02)(0[1-9]|[1][0-9]|2[0-8]))([0-9]{3}[1-9]|[0-9]{2}[1-9][0-9]{1}|[0-9]{1}[1-9][0-9]{2}|[1-9][0-9]{3}))|(0229(([0-9]{2})(0[48]|[2468][048]|[13579][26])|((0[48]|[2468][048]|[3579][26])00))),8,8,,Same month and day as in birth date. 6 years after the year of issue,[],"{""element"": ""input"", ""label"": ""Expiry date"", ""maxlength"": 8, ""minlength"": 8, ""name"": ""DOE"", ""pattern"": ""((((0[13578]|1[02])(0[1-9]|[12][0-9]|3[01]))|((0[469]|11)(0[1-9]|[12][0-9]|30))|(02)(0[1-9]|[1][0-9]|2[0-8]))([0-9]{3}[1-9]|[0-9]{2}[1-9][0-9]{1}|[0-9]{1}[1-9][0-9]{2}|[1-9][0-9]{3}))|(0229(([0-9]{2})(0[48]|[2468][048]|[13579][26])|((0[48]|[2468][048]|[3579][26])00)))"", ""placeholder"": ""01152035"", ""required"": true, ""tooltip"": ""Same month and day as in birth date. 6 years after the year of issue"", ""value"": """"}"
AZ,Arizona,Rev 02/14/2014 (7000),ICN,1,ICN,ICN,input,True,16361AZ0068743540301,[a-zA-Z0-9]{20},20,20,,You can click on the calculator icon to calculate ICN <b>automatically!</b>,[],"{""element"": ""input"", ""label"": ""ICN"", ""maxlength"": 20, ""minlength"": 20, ""name"": ""ICN"", ""pattern"": ""[a-zA-Z0-9]{20}"", ""placeholder"": ""16361AZ0068743540301"", ""required"": true, ""tooltip"": ""You can click on the calculator icon to calculate ICN <b>automatically!</b>"", ""value"": null}"
AZ,Arizona,Rev 02/14/2014 (7000),DD,1,DD,DD,input,True,5641GS561D7977J0,[0-9]{4}[a-zA-Z0-9]{2}[0-9]{3}[a-zA-Z][0-9]{4}[a-zA-Z][0-9],16,16,,You can click on the calculator icon to calculate DD <b>automatically!</b>,[],"{""element"": ""input"", ""label"": ""DD"", ""maxlength"": 16, ""minlength"": 16, ""name"": ""DD"", ""pattern"": ""[0-9]{4}[a-zA-Z0-9]{2}[0-9]{3}[a-zA-Z][0-9]{4}[a-zA-Z][0-9]"", ""placeholder"": ""5641GS561D7977J0"", ""required"": true, ""tooltip"": ""You can click on the calculator icon to calculate DD <b>automatically!</b>"", ""value"": null}"
AZ,Arizona,Rev 02/14/2014 (7000),RESTRICTIONS,1,RESTRICTIONS,Restrictions,input,True,NONE,,,,NONE,,[],"{""element"": ""input"", ""label"": ""Restrictions"", ""name"": ""RESTRICTIONS"", ""pattern"": null, ""placeholder"": ""NONE"", ""required"": true, ""tooltip"": null, ""value"": ""NONE""}"
AZ,Arizona,Rev 02/14/2014 (7000),ENDORSEMENT,1,ENDORSEMENT,Endorsement,input,True,NONE,,,,NONE,,[],"{""element"": ""input"", ""label"": ""Endorsement"", ""name"": ""ENDORSEMENT"", ""pattern"": null, ""placeholder"": ""NONE"", ""required"": true, ""tooltip"": null, ""value"": ""NONE""}"
AZ,Arizona,Rev 02/14/2014 (7000),HEIGHT,1,HEIGHT,Height (in.),input,True,69,,,2,69,,[],"{""element"": ""input"", ""label"": ""Height (in.)"", ""maxlength"": 2, ""name"": ""HEIGHT"", ""pattern"": null, ""placeholder"": ""69"", ""required"": true, ""tooltip"": null, ""value"": ""69""}"
AZ,Arizona,Rev 02/14/2014 (7000),WEIGHT,1,WEIGHT,Weight (lb.),input,True,169,,,3,169,,[],"{""element"": ""input"", ""label"": ""Weight (lb.)"", ""maxlength"": 3, ""name"": ""WEIGHT"", ""pattern"": null, ""placeholder"": ""169"", ""required"": true, ""tooltip"": null, ""value"": ""169""}"
AZ,Arizona,Rev 02/14/2014 (7000),EYE,1,EYE,Eye (ANSI D-20),select,True,,,,,,,"[{""value"": """", ""label"": ""== Select ==""}, {""value"": ""BLK"", ""label"": ""BLK (Black)""}, {""value"": ""BLU"", ""label"": ""BLU (Blue)""}, {""value"": ""BRO"", ""label"": ""BRO (Brown)""}, {""value"": ""GRY"", ""label"": ""GRY (Gray)""}, {""value"": ""GRN"", ""label"": ""GRN (Green)""}, {""value"": ""HAZ"", ""label"": ""HAZ (Hazel)""}, {""value"": ""MAR"", ""label"": ""MAR (Maroon)""}, {""value"": ""PNK"", ""label"": ""PNK (Pink)""}, {""value"": ""DIC"", ""label"": ""DIC (Dichromatic)""}, {""value"": ""UNK"", ""label"": ""UNK (Unknown)""}]","{""element"": ""select"", ""label"": ""Eye (ANSI D-20)"", ""name"": ""EYE"", ""options"": [{""label"": ""== Select =="", ""value"": """"}, {""label"": ""BLK (Black)"", ""value"": ""BLK""}, {""label"": ""BLU (Blue)"", ""value"": ""BLU""}, {""label"": ""BRO (Brown)"", ""value"": ""BRO""}, {""label"": ""GRY (Gray)"", ""value"": ""GRY""}, {""label"": ""GRN (Green)"", ""value"": ""GRN""}, {""label"": ""HAZ (Hazel)"", ""value"": ""HAZ""}, {""label"": ""MAR (Maroon)"", ""value"": ""MAR""}, {""label"": ""PNK (Pink)"", ""value"": ""PNK""}, {""label"": ""DIC (Dichromatic)"", ""value"": ""DIC""}, {""label"": ""UNK (Unknown)"", ""value"": ""UNK""}], ""pattern"": null, ""placeholder"": null, ""required"": true, ""tooltip"": null, ""value"": null}"
AZ,Arizona,Rev 02/14/2014 (7000),HAIR,1,HAIR,Hair (ANSI D-20),select,True,,,,,,,"[{""value"": """", ""label"": ""== Select ==""}, {""value"": ""BLK"", ""label"": ""BLK (Black)""}, {""value"": ""BLN"", ""label"": ""BLN (Blond)""}, {""value"": ""BRO"", ""label"": ""BRO (Brown)""}, {""value"": ""GRY"", ""label"": ""GRY (Grey)""}, {""value"": ""RED"", ""label"": ""RED (Red/Auburn)""}, {""value"": ""SDY"", ""label"": ""SDY (Sandy)""}, {""value"": ""WHI"", ""label"": ""WHI (White)""}, {""value"": ""UNK"", ""label"": ""UNK (Unknown)""}, {""value"": ""BAL"", ""label"": ""BAL (Bald)""}]","{""element"": ""select"", ""label"": ""Hair (ANSI D-20)"", ""name"": ""HAIR"", ""options"": [{""label"": ""== Select =="", ""value"": """"}, {""label"": ""BLK (Black)"", ""value"": ""BLK""}, {""label"": ""BLN (Blond)"", ""value"": ""BLN""}, {""label"": ""BRO (Brown)"", ""value"": ""BRO""}, {""label"": ""GRY (Grey)"", ""value"": ""GRY""}, {""label"": ""RED (Red/Auburn)"", ""value"": ""RED""}, {""label"": ""SDY (Sandy)"", ""value"": ""SDY""}, {""label"": ""WHI (White)"", ""value"": ""WHI""}, {""label"": ""UNK (Unknown)"", ""value"": ""UNK""}, {""label"": ""BAL (Bald)"", ""value"": ""BAL""}], ""pattern"": null, ""placeholder"": null, ""required"": true, ""tooltip"": null, ""value"": null}"
AZ_2023,Arizona,Rev 02/28/2023 (1001),NUMBER,1,NUMBER,DL Number,input,True,D28375514,[a-zA-Z][0-9]{8},9,9,,Letter + 8 random digits. You can click on the calculator icon to calculate number <b>automatically!</b>,[],"{""element"": ""input"", ""label"": ""DL Number"", ""maxlength"": 9, ""minlength"": 9, ""name"": ""NUMBER"", ""pattern"": ""[a-zA-Z][0-9]{8}"", ""placeholder"": ""D28375514"", ""required"": true, ""tooltip"": ""Letter + 8 random digits. You can click on the calculator icon to calculate number <b>automatically!</b>"", ""value"": """"}"
AZ_2023,Arizona,Rev 02/28/2023 (1001),FIRSTNAME,1,FIRSTNAME,First name,input,True,John,[a-zA-Z\s]+,,,,,[],"{""element"": ""input"", ""label"": ""First name"", ""name"": ""FIRSTNAME"", ""pattern"": ""[a-zA-Z\\s]+"", ""placeholder"": ""John"", ""required"": true, ""tooltip"": null, ""value"": """"}"
AZ_2023,Arizona,Rev 02/28/2023 (1001),LASTNAME,1,LASTNAME,Last name,input,True,Doe,[a-zA-Z\s]+,,,,,[],"{""element"": ""input"", ""label"": ""Last name"", ""name"": ""LASTNAME"", ""pattern"": ""[a-zA-Z\\s]+"", ""placeholder"": ""Doe"", ""required"": true, ""tooltip"": null, ""value"": """"}"
AZ_2023,Arizona,Rev 02/28/2023 (1001),MIDDLENAME,1,MIDDLENAME,Middle name,input,False,,,,,,This field is optional. You can click on the calculator icon to generate random name. Select gender in the field below to specify name gender.,[],"{""element"": ""input"", ""label"": ""Middle name"", ""name"": ""MIDDLENAME"", ""pattern"": null, ""placeholder"": """", ""required"": false, ""tooltip"": ""This field is optional. You can click on the calculator icon to generate random name. Select gender in the field below to specify name gender."", ""value"": """"}"
AZ_2023,Arizona,Rev 02/28/2023 (1001),ADDRESS,1,ADDRESS,Address,input,True,4248 S Red Rock St,,,,4248 S Red Rock St,,[],"{""element"": ""input"", ""label"": ""Address"", ""name"": ""ADDRESS"", ""pattern"": null, ""placeholder"": ""4248 S Red Rock St"", ""required"": true, ""tooltip"": null, ""value"": ""4248 S Red Rock St""}"
AZ_2023,Arizona,Rev 02/28/2023 (1001),CITY,1,CITY,City,input,True,Gilbert,,,,Gilbert,,[],"{""element"": ""input"", ""label"": ""City"", ""name"": ""CITY"", ""pattern"": null, ""placeholder"": ""Gilbert"", ""required"": true, ""tooltip"": null, ""value"": ""Gilbert""}"
AZ_2023,Arizona,Rev 02/28/2023 (1001),ZIP,1,ZIP,Zip code,input,True,852974501 ,[0-9]{9},9,9,852974501,,[],"{""element"": ""input"", ""label"": ""Zip code"", ""maxlength"": 9, ""minlength"": 9, ""name"": ""ZIP"", ""pattern"": ""[0-9]{9}"", ""placeholder"": ""852974501 "", ""required"": true, ""tooltip"": null, ""value"": ""852974501""}"
AZ_2023,Arizona,Rev 02/28/2023 (1001),CLASS,1,CLASS,DL Class,input,True,D,[A-Z1-9]+,1,4,D,,[],"{""element"": ""input"", ""label"": ""DL Class"", ""maxlength"": 4, ""minlength"": 1, ""name"": ""CLASS"", ""pattern"": ""[A-Z1-9]+"", ""placeholder"": ""D"", ""required"": true, ""tooltip"": null, ""value"": ""D""}"
AZ_2023,Arizona,Rev 02/28/2023 (1001),SEX,1,SEX,Sex,select,False,,,,,,,"[{""value"": ""M"", ""label"": ""M""}, {""value"": ""F"", ""label"": ""F""}]","{""element"": ""select"", ""label"": ""Sex"", ""name"": ""SEX"", ""options"": [{""label"": ""M"", ""value"": ""M""}, {""label"": ""F"", ""value"": ""F""}], ""pattern"": null, ""placeholder"": null, ""required"": false, ""tooltip"": null, ""value"": null}"
AZ_2023,Arizona,Rev 02/28/2023 (1001),DONOR,1,DONOR,Donor,select,False,,,,,,,"[{""value"": ""NO"", ""label"": ""No""}, {""value"": ""YES"", ""label"": ""Yes""}]","{""element"": ""select"", ""label"": ""Donor"", ""name"": ""DONOR"", ""options"": [{""label"": ""No"", ""value"": ""NO""}, {""label"": ""Yes"", ""value"": ""YES""}], ""pattern"": null, ""placeholder"": null, ""required"": false, ""tooltip"": null, ""value"": null}"
AZ_2023,Arizona,Rev 02/28/2023 (1001),DOB,1,DOB,Birth date,input,True,01151970,((((0[13578]|1[02])(0[1-9]|[12][0-9]|3[01]))|((0[469]|11)(0[1-9]|[12][0-9]|30))|(02)(0[1-9]|[1][0-9]|2[0-8]))([0-9]{3}[1-9]|[0-9]{2}[1-9][0-9]{1}|[0-9]{1}[1-9][0-9]{2}|[1-9][0-9]{3}))|(0229(([0-9]{2})(0[48]|[2468][048]|[13579][26])|((0[48]|[2468][048]|[3579][26])00))),8,8,,You need input the date in MMDDYYYY format,[],"{""element"": ""input"", ""label"": ""Birth date"", ""maxlength"": 8, ""minlength"": 8, ""name"": ""DOB"", ""pattern"": ""((((0[13578]|1[02])(0[1-9]|[12][0-9]|3[01]))|((0[469]|11)(0[1-9]|[12][0-9]|30))|(02)(0[1-9]|[1][0-9]|2[0-8]))([0-9]{3}[1-9]|[0-9]{2}[1-9][0-9]{1}|[0-9]{1}[1-9][0-9]{2}|[1-9][0-9]{3}))|(0229(([0-9]{2})(0[48]|[2468][048]|[13579][26])|((0[48]|[2468][048]|[3579][26])00)))"", ""placeholder"": ""01151970"", ""required"": true, ""tooltip"": ""You need input the date in MMDDYYYY format"", ""value"": """"}"
AZ_2023,Arizona,Rev 02/28/2023 (1001),DOI,1,DOI,Issue date,input,True,12262016,((((0[13578]|1[02])(0[1-9]|[12][0-9]|3[01]))|((0[469]|11)(0[1-9]|[12][0-9]|30))|(02)(0[1-9]|[1][0-9]|2[0-8]))([0-9]{3}[1-9]|[0-9]{2}[1-9][0-9]{1}|[0-9]{1}[1-9][0-9]{2}|[1-9][0-9]{3}))|(0229(([0-9]{2})(0[48]|[2468][048]|[13579][26])|((0[48]|[2468][048]|[3579][26])00))),8,8,,You need input the date in MMDDYYYY format,[],"{""element"": ""input"", ""label"": ""Issue date"", ""maxlength"": 8, ""minlength"": 8, ""name"": ""DOI"", ""pattern"": ""((((0[13578]|1[02])(0[1-9]|[12][0-9]|3[01]))|((0[469]|11)(0[1-9]|[12][0-9]|30))|(02)(0[1-9]|[1][0-9]|2[0-8]))([0-9]{3}[1-9]|[0-9]{2}[1-9][0-9]{1}|[0-9]{1}[1-9][0-9]{2}|[1-9][0-9]{3}))|(0229(([0-9]{2})(0[48]|[2468][048]|[13579][26])|((0[48]|[2468][048]|[3579][26])00)))"", ""placeholder"": ""12262016"", ""required"": true, ""tooltip"": ""You need input the date in MMDDYYYY format"", ""value"": """"}"
AZ_2023,Arizona,Rev 02/28/2023 (1001),DOE,1,DOE,Expiry date,input,True,01152035,((((0[13578]|1[02])(0[1-9]|[12][0-9]|3[01]))|((0[469]|11)(0[1-9]|[12][0-9]|30))|(02)(0[1-9]|[1][0-9]|2[0-8]))([0-9]{3}[1-9]|[0-9]{2}[1-9][0-9]{1}|[0-9]{1}[1-9][0-9]{2}|[1-9][0-9]{3}))|(0229(([0-9]{2})(0[48]|[2468][048]|[13579][26])|((0[48]|[2468][048]|[3579][26])00))),8,8,,Same month and day as in birth date. 6 years after the year of issue,[],"{""element"": ""input"", ""label"": ""Expiry date"", ""maxlength"": 8, ""minlength"": 8, ""name"": ""DOE"", ""pattern"": ""((((0[13578]|1[02])(0[1-9]|[12][0-9]|3[01]))|((0[469]|11)(0[1-9]|[12][0-9]|30))|(02)(0[1-9]|[1][0-9]|2[0-8]))([0-9]{3}[1-9]|[0-9]{2}[1-9][0-9]{1}|[0-9]{1}[1-9][0-9]{2}|[1-9][0-9]{3}))|(0229(([0-9]{2})(0[48]|[2468][048]|[13579][26])|((0[48]|[2468][048]|[3579][26])00)))"", ""placeholder"": ""01152035"", ""required"": true, ""tooltip"": ""Same month and day as in birth date. 6 years after the year of issue"", ""value"": """"}"
AZ_2023,Arizona,Rev 02/28/2023 (1001),ICN,1,ICN,ICN,input,True,48908420864,[a-zA-Z0-9]{11},11,11,,You can click on the calculator icon to calculate ICN <b>automatically!</b>,[],"{""element"": ""input"", ""label"": ""ICN"", ""maxlength"": 11, ""minlength"": 11, ""name"": ""ICN"", ""pattern"": ""[a-zA-Z0-9]{11}"", ""placeholder"": ""48908420864"", ""required"": true, ""tooltip"": ""You can click on the calculator icon to calculate ICN <b>automatically!</b>"", ""value"": null}"
AZ_2023,Arizona,Rev 02/28/2023 (1001),DD,1,DD,DD,input,True,5641GS561D7977J0,[0-9]{4}[a-zA-Z0-9]{2}[0-9]{3}[a-zA-Z][0-9]{4}[a-zA-Z][0-9],16,16,,You can click on the calculator icon to calculate DD <b>automatically!</b>,[],"{""element"": ""input"", ""label"": ""DD"", ""maxlength"": 16, ""minlength"": 16, ""name"": ""DD"", ""pattern"": ""[0-9]{4}[a-zA-Z0-9]{2}[0-9]{3}[a-zA-Z][0-9]{4}[a-zA-Z][0-9]"", ""placeholder"": ""5641GS561D7977J0"", ""required"": true, ""tooltip"": ""You can click on the calculator icon to calculate DD <b>automatically!</b>"", ""value"": null}"
AZ_2023,Arizona,Rev 02/28/2023 (1001),RESTRICTIONS,1,RESTRICTIONS,Restrictions,input,True,NONE,,,,NONE,,[],"{""element"": ""input"", ""label"": ""Restrictions"", ""name"": ""RESTRICTIONS"", ""pattern"": null, ""placeholder"": ""NONE"", ""required"": true, ""tooltip"": null, ""value"": ""NONE""}"
AZ_2023,Arizona,Rev 02/28/2023 (1001),ENDORSEMENT,1,ENDORSEMENT,Endorsement,input,True,NONE,,,,NONE,,[],"{""element"": ""input"", ""label"": ""Endorsement"", ""name"": ""ENDORSEMENT"", ""pattern"": null, ""placeholder"": ""NONE"", ""required"": true, ""tooltip"": null, ""value"": ""NONE""}"
AZ_2023,Arizona,Rev 02/28/2023 (1001),HEIGHT,1,HEIGHT,Height (in.),input,True,69,,,2,69,,[],"{""element"": ""input"", ""label"": ""Height (in.)"", ""maxlength"": 2, ""name"": ""HEIGHT"", ""pattern"": null, ""placeholder"": ""69"", ""required"": true, ""tooltip"": null, ""value"": ""69""}"
AZ_2023,Arizona,Rev 02/28/2023 (1001),WEIGHT,1,WEIGHT,Weight (lb.),input,True,169,,,3,169,,[],"{""element"": ""input"", ""label"": ""Weight (lb.)"", ""maxlength"": 3, ""name"": ""WEIGHT"", ""pattern"": null, ""placeholder"": ""169"", ""required"": true, ""tooltip"": null, ""value"": ""169""}"
AZ_2023,Arizona,Rev 02/28/2023 (1001),EYE,1,EYE,Eye (ANSI D-20),select,True,,,,,,,"[{""value"": """", ""label"": ""== Select ==""}, {""value"": ""BLK"", ""label"": ""BLK (Black)""}, {""value"": ""BLU"", ""label"": ""BLU (Blue)""}, {""value"": ""BRO"", ""label"": ""BRO (Brown)""}, {""value"": ""GRY"", ""label"": ""GRY (Gray)""}, {""value"": ""GRN"", ""label"": ""GRN (Green)""}, {""value"": ""HAZ"", ""label"": ""HAZ (Hazel)""}, {""value"": ""MAR"", ""label"": ""MAR (Maroon)""}, {""value"": ""PNK"", ""label"": ""PNK (Pink)""}, {""value"": ""DIC"", ""label"": ""DIC (Dichromatic)""}, {""value"": ""UNK"", ""label"": ""UNK (Unknown)""}]","{""element"": ""select"", ""label"": ""Eye (ANSI D-20)"", ""name"": ""EYE"", ""options"": [{""label"": ""== Select =="", ""value"": """"}, {""label"": ""BLK (Black)"", ""value"": ""BLK""}, {""label"": ""BLU (Blue)"", ""value"": ""BLU""}, {""label"": ""BRO (Brown)"", ""value"": ""BRO""}, {""label"": ""GRY (Gray)"", ""value"": ""GRY""}, {""label"": ""GRN (Green)"", ""value"": ""GRN""}, {""label"": ""HAZ (Hazel)"", ""value"": ""HAZ""}, {""label"": ""MAR (Maroon)"", ""value"": ""MAR""}, {""label"": ""PNK (Pink)"", ""value"": ""PNK""}, {""label"": ""DIC (Dichromatic)"", ""value"": ""DIC""}, {""label"": ""UNK (Unknown)"", ""value"": ""UNK""}], ""pattern"": null, ""placeholder"": null, ""required"": true, ""tooltip"": null, ""value"": null}"
AZ_2023,Arizona,Rev 02/28/2023 (1001),HAIR,1,HAIR,Hair (ANSI D-20),select,True,,,,,,,"[{""value"": """", ""label"": ""== Select ==""}, {""value"": ""BLK"", ""label"": ""BLK (Black)""}, {""value"": ""BLN"", ""label"": ""BLN (Blond)""}, {""value"": ""BRO"", ""label"": ""BRO (Brown)""}, {""value"": ""GRY"", ""label"": ""GRY (Grey)""}, {""value"": ""RED"", ""label"": ""RED (Red/Auburn)""}, {""value"": ""SDY"", ""label"": ""SDY (Sandy)""}, {""value"": ""WHI"", ""label"": ""WHI (White)""}, {""value"": ""UNK"", ""label"": ""UNK (Unknown)""}, {""value"": ""BAL"", ""label"": ""BAL (Bald)""}]","{""element"": ""select"", ""label"": ""Hair (ANSI D-20)"", ""name"": ""HAIR"", ""options"": [{""label"": ""== Select =="", ""value"": """"}, {""label"": ""BLK (Black)"", ""value"": ""BLK""}, {""label"": ""BLN (Blond)"", ""value"": ""BLN""}, {""label"": ""BRO (Brown)"", ""value"": ""BRO""}, {""label"": ""GRY (Grey)"", ""value"": ""GRY""}, {""label"": ""RED (Red/Auburn)"", ""value"": ""RED""}, {""label"": ""SDY (Sandy)"", ""value"": ""SDY""}, {""label"": ""WHI (White)"", ""value"": ""WHI""}, {""label"": ""UNK (Unknown)"", ""value"": ""UNK""}, {""label"": ""BAL (Bald)"", ""value"": ""BAL""}], ""pattern"": null, ""placeholder"": null, ""required"": true, ""tooltip"": null, ""value"": null}"
AR,Arkansas,Rev. 03/01/2018 (0900),NUMBER,1,NUMBER,DL Number,input,True,926203938,9[0-9]{8},9,9,,'9' + 8 digits. You can click on the calculator icon to calculate number <b>automatically!</b>,[],"{""element"": ""input"", ""label"": ""DL Number"", ""maxlength"": 9, ""minlength"": 9, ""name"": ""NUMBER"", ""pattern"": ""9[0-9]{8}"", ""placeholder"": ""926203938"", ""required"": true, ""tooltip"": ""'9' + 8 digits. You can click on the calculator icon to calculate number <b>automatically!</b>"", ""value"": """"}"
AR,Arkansas,Rev. 03/01/2018 (0900),LASTNAME,1,LASTNAME,Last name,input,True,Doe,[a-zA-Z\s]+,,,,,[],"{""element"": ""input"", ""label"": ""Last name"", ""name"": ""LASTNAME"", ""pattern"": ""[a-zA-Z\\s]+"", ""placeholder"": ""Doe"", ""required"": true, ""tooltip"": null, ""value"": """"}"
AR,Arkansas,Rev. 03/01/2018 (0900),FIRSTNAME,1,FIRSTNAME,First name,input,True,John,[a-zA-Z\s]+,,,,,[],"{""element"": ""input"", ""label"": ""First name"", ""name"": ""FIRSTNAME"", ""pattern"": ""[a-zA-Z\\s]+"", ""placeholder"": ""John"", ""required"": true, ""tooltip"": null, ""value"": """"}"
AR,Arkansas,Rev. 03/01/2018 (0900),MIDDLENAME,1,MIDDLENAME,Middle name,input,False,,,,,,This field is optional. You can click on the calculator icon to generate random name. Select gender in the field below to specify name gender.,[],"{""element"": ""input"", ""label"": ""Middle name"", ""name"": ""MIDDLENAME"", ""pattern"": null, ""placeholder"": """", ""required"": false, ""tooltip"": ""This field is optional. You can click on the calculator icon to generate random name. Select gender in the field below to specify name gender."", ""value"": """"}"
AR,Arkansas,Rev. 03/01/2018 (0900),ADDRESS,1,ADDRESS,Address,input,True,707 Fairway Cir,,,,707 Fairway Cir,,[],"{""element"": ""input"", ""label"": ""Address"", ""name"": ""ADDRESS"", ""pattern"": null, ""placeholder"": ""707 Fairway Cir"", ""required"": true, ""tooltip"": null, ""value"": ""707 Fairway Cir""}"
AR,Arkansas,Rev. 03/01/2018 (0900),CITY,1,CITY,City,input,True,Springdale,,,,Springdale,,[],"{""element"": ""input"", ""label"": ""City"", ""name"": ""CITY"", ""pattern"": null, ""placeholder"": ""Springdale"", ""required"": true, ""tooltip"": null, ""value"": ""Springdale""}"
AR,Arkansas,Rev. 03/01/2018 (0900),ZIP,1,ZIP,Zip code,input,True,727641027,[0-9]{9},9,9,727641027,,[],"{""element"": ""input"", ""label"": ""Zip code"", ""maxlength"": 9, ""minlength"": 9, ""name"": ""ZIP"", ""pattern"": ""[0-9]{9}"", ""placeholder"": ""727641027"", ""required"": true, ""tooltip"": null, ""value"": ""727641027""}"
AR,Arkansas,Rev. 03/01/2018 (0900),CLASS,1,CLASS,DL Class,input,True,D,[A-Z1-9]+,1,4,D,,[],"{""element"": ""input"", ""label"": ""DL Class"", ""maxlength"": 4, ""minlength"": 1, ""name"": ""CLASS"", ""pattern"": ""[A-Z1-9]+"", ""placeholder"": ""D"", ""required"": true, ""tooltip"": null, ""value"": ""D""}"
AR,Arkansas,Rev. 03/01/2018 (0900),SEX,1,SEX,Sex,select,False,,,,,,,"[{""value"": ""M"", ""label"": ""M""}, {""value"": ""F"", ""label"": ""F""}]","{""element"": ""select"", ""label"": ""Sex"", ""name"": ""SEX"", ""options"": [{""label"": ""M"", ""value"": ""M""}, {""label"": ""F"", ""value"": ""F""}], ""pattern"": null, ""placeholder"": null, ""required"": false, ""tooltip"": null, ""value"": null}"
AR,Arkansas,Rev. 03/01/2018 (0900),DONOR,1,DONOR,Donor,select,False,,,,,,,"[{""value"": ""NO"", ""label"": ""No""}, {""value"": ""YES"", ""label"": ""Yes""}]","{""element"": ""select"", ""label"": ""Donor"", ""name"": ""DONOR"", ""options"": [{""label"": ""No"", ""value"": ""NO""}, {""label"": ""Yes"", ""value"": ""YES""}], ""pattern"": null, ""placeholder"": null, ""required"": false, ""tooltip"": null, ""value"": null}"
AR,Arkansas,Rev. 03/01/2018 (0900),DOB,1,DOB,Birth date,input,True,01151970,((((0[13578]|1[02])(0[1-9]|[12][0-9]|3[01]))|((0[469]|11)(0[1-9]|[12][0-9]|30))|(02)(0[1-9]|[1][0-9]|2[0-8]))([0-9]{3}[1-9]|[0-9]{2}[1-9][0-9]{1}|[0-9]{1}[1-9][0-9]{2}|[1-9][0-9]{3}))|(0229(([0-9]{2})(0[48]|[2468][048]|[13579][26])|((0[48]|[2468][048]|[3579][26])00))),8,8,,You need input the date in MMDDYYYY format,[],"{""element"": ""input"", ""label"": ""Birth date"", ""maxlength"": 8, ""minlength"": 8, ""name"": ""DOB"", ""pattern"": ""((((0[13578]|1[02])(0[1-9]|[12][0-9]|3[01]))|((0[469]|11)(0[1-9]|[12][0-9]|30))|(02)(0[1-9]|[1][0-9]|2[0-8]))([0-9]{3}[1-9]|[0-9]{2}[1-9][0-9]{1}|[0-9]{1}[1-9][0-9]{2}|[1-9][0-9]{3}))|(0229(([0-9]{2})(0[48]|[2468][048]|[13579][26])|((0[48]|[2468][048]|[3579][26])00)))"", ""placeholder"": ""01151970"", ""required"": true, ""tooltip"": ""You need input the date in MMDDYYYY format"", ""value"": """"}"
AR,Arkansas,Rev. 03/01/2018 (0900),DOI,1,DOI,Issue date,input,True,08262020,((((0[13578]|1[02])(0[1-9]|[12][0-9]|3[01]))|((0[469]|11)(0[1-9]|[12][0-9]|30))|(02)(0[1-9]|[1][0-9]|2[0-8]))([0-9]{3}[1-9]|[0-9]{2}[1-9][0-9]{1}|[0-9]{1}[1-9][0-9]{2}|[1-9][0-9]{3}))|(0229(([0-9]{2})(0[48]|[2468][048]|[13579][26])|((0[48]|[2468][048]|[3579][26])00))),8,8,,You need input the date in MMDDYYYY format,[],"{""element"": ""input"", ""label"": ""Issue date"", ""maxlength"": 8, ""minlength"": 8, ""name"": ""DOI"", ""pattern"": ""((((0[13578]|1[02])(0[1-9]|[12][0-9]|3[01]))|((0[469]|11)(0[1-9]|[12][0-9]|30))|(02)(0[1-9]|[1][0-9]|2[0-8]))([0-9]{3}[1-9]|[0-9]{2}[1-9][0-9]{1}|[0-9]{1}[1-9][0-9]{2}|[1-9][0-9]{3}))|(0229(([0-9]{2})(0[48]|[2468][048]|[13579][26])|((0[48]|[2468][048]|[3579][26])00)))"", ""placeholder"": ""08262020"", ""required"": true, ""tooltip"": ""You need input the date in MMDDYYYY format"", ""value"": """"}"
AR,Arkansas,Rev. 03/01/2018 (0900),DOE,1,DOE,Expiry date,input,True,011520286,((((0[13578]|1[02])(0[1-9]|[12][0-9]|3[01]))|((0[469]|11)(0[1-9]|[12][0-9]|30))|(02)(0[1-9]|[1][0-9]|2[0-8]))([0-9]{3}[1-9]|[0-9]{2}[1-9][0-9]{1}|[0-9]{1}[1-9][0-9]{2}|[1-9][0-9]{3}))|(0229(([0-9]{2})(0[48]|[2468][048]|[13579][26])|((0[48]|[2468][048]|[3579][26])00))),8,8,,Same month and day as in birth date. 8 years after the year of issue,[],"{""element"": ""input"", ""label"": ""Expiry date"", ""maxlength"": 8, ""minlength"": 8, ""name"": ""DOE"", ""pattern"": ""((((0[13578]|1[02])(0[1-9]|[12][0-9]|3[01]))|((0[469]|11)(0[1-9]|[12][0-9]|30))|(02)(0[1-9]|[1][0-9]|2[0-8]))([0-9]{3}[1-9]|[0-9]{2}[1-9][0-9]{1}|[0-9]{1}[1-9][0-9]{2}|[1-9][0-9]{3}))|(0229(([0-9]{2})(0[48]|[2468][048]|[13579][26])|((0[48]|[2468][048]|[3579][26])00)))"", ""placeholder"": ""011520286"", ""required"": true, ""tooltip"": ""Same month and day as in birth date. 8 years after the year of issue"", ""value"": """"}"
AR,Arkansas,Rev. 03/01/2018 (0900),ICN,1,ICN,ICN,input,True,0210119836604160,02101[0-9]{11},16,16,,02101 + 11 digtis. You can click on the calculator icon to calculate ICN <b>automatically!</b>,[],"{""element"": ""input"", ""label"": ""ICN"", ""maxlength"": 16, ""minlength"": 16, ""name"": ""ICN"", ""pattern"": ""02101[0-9]{11}"", ""placeholder"": ""0210119836604160"", ""required"": true, ""tooltip"": ""02101 + 11 digtis. You can click on the calculator icon to calculate ICN <b>automatically!</b>"", ""value"": null}"
AR,Arkansas,Rev. 03/01/2018 (0900),DD,1,DD,DD,input,True,212232102 2160,"[0-9]{9,10} [0-9]{4}",14,15,,9 or 10 digtis + ' ' + 4 digits. You can click on the calculator icon to calculate DD <b>automatically!</b>,[],"{""element"": ""input"", ""label"": ""DD"", ""maxlength"": 15, ""minlength"": 14, ""name"": ""DD"", ""pattern"": ""[0-9]{9,10} [0-9]{4}"", ""placeholder"": ""212232102 2160"", ""required"": true, ""tooltip"": ""9 or 10 digtis + ' ' + 4 digits. You can click on the calculator icon to calculate DD <b>automatically!</b>"", ""value"": null}"
AR,Arkansas,Rev. 03/01/2018 (0900),RESTRICTIONS,1,RESTRICTIONS,Restrictions,input,True,NONE,,,,NONE,,[],"{""element"": ""input"", ""label"": ""Restrictions"", ""name"": ""RESTRICTIONS"", ""pattern"": null, ""placeholder"": ""NONE"", ""required"": true, ""tooltip"": null, ""value"": ""NONE""}"
AR,Arkansas,Rev. 03/01/2018 (0900),ENDORSEMENT,1,ENDORSEMENT,Endorsement,input,True,NONE,,,,NONE,,[],"{""element"": ""input"", ""label"": ""Endorsement"", ""name"": ""ENDORSEMENT"", ""pattern"": null, ""placeholder"": ""NONE"", ""required"": true, ""tooltip"": null, ""value"": ""NONE""}"
AR,Arkansas,Rev. 03/01/2018 (0900),HEIGHT,1,HEIGHT,Height (in.),input,True,69,,,2,69,,[],"{""element"": ""input"", ""label"": ""Height (in.)"", ""maxlength"": 2, ""name"": ""HEIGHT"", ""pattern"": null, ""placeholder"": ""69"", ""required"": true, ""tooltip"": null, ""value"": ""69""}"
AR,Arkansas,Rev. 03/01/2018 (0900),EYE,1,EYE,Eye (ANSI D-20),select,True,,,,,,,"[{""value"": """", ""label"": ""== Select ==""}, {""value"": ""BLK"", ""label"": ""BLK (Black)""}, {""value"": ""BLU"", ""label"": ""BLU (Blue)""}, {""value"": ""BRO"", ""label"": ""BRO (Brown)""}, {""value"": ""GRY"", ""label"": ""GRY (Gray)""}, {""value"": ""GRN"", ""label"": ""GRN (Green)""}, {""value"": ""HAZ"", ""label"": ""HAZ (Hazel)""}, {""value"": ""MAR"", ""label"": ""MAR (Maroon)""}, {""value"": ""PNK"", ""label"": ""PNK (Pink)""}, {""value"": ""DIC"", ""label"": ""DIC (Dichromatic)""}, {""value"": ""UNK"", ""label"": ""UNK (Unknown)""}]","{""element"": ""select"", ""label"": ""Eye (ANSI D-20)"", ""name"": ""EYE"", ""options"": [{""label"": ""== Select =="", ""value"": """"}, {""label"": ""BLK (Black)"", ""value"": ""BLK""}, {""label"": ""BLU (Blue)"", ""value"": ""BLU""}, {""label"": ""BRO (Brown)"", ""value"": ""BRO""}, {""label"": ""GRY (Gray)"", ""value"": ""GRY""}, {""label"": ""GRN (Green)"", ""value"": ""GRN""}, {""label"": ""HAZ (Hazel)"", ""value"": ""HAZ""}, {""label"": ""MAR (Maroon)"", ""value"": ""MAR""}, {""label"": ""PNK (Pink)"", ""value"": ""PNK""}, {""label"": ""DIC (Dichromatic)"", ""value"": ""DIC""}, {""label"": ""UNK (Unknown)"", ""value"": ""UNK""}], ""pattern"": null, ""placeholder"": null, ""required"": true, ""tooltip"": null, ""value"": null}"
CA,California,Rev. 08/29/2017 (0901),NUMBER,1,NUMBER,DL Number,input,True,D1234567,[a-zA-Z][0-9]{7},8,8,,Random letter + 7 random digits. You can click on the calculator icon to calculate number <b>automatically!</b>,[],"{""element"": ""input"", ""label"": ""DL Number"", ""maxlength"": 8, ""minlength"": 8, ""name"": ""NUMBER"", ""pattern"": ""[a-zA-Z][0-9]{7}"", ""placeholder"": ""D1234567"", ""required"": true, ""tooltip"": ""Random letter + 7 random digits. You can click on the calculator icon to calculate number <b>automatically!</b>"", ""value"": """"}"
CA,California,Rev. 08/29/2017 (0901),FIRSTNAME,1,FIRSTNAME,First name,input,True,John,[a-zA-Z\s]+,,,,,[],"{""element"": ""input"", ""label"": ""First name"", ""name"": ""FIRSTNAME"", ""pattern"": ""[a-zA-Z\\s]+"", ""placeholder"": ""John"", ""required"": true, ""tooltip"": null, ""value"": """"}"
CA,California,Rev. 08/29/2017 (0901),LASTNAME,1,LASTNAME,Last name,input,True,Doe,[a-zA-Z\s]+,,,,,[],"{""element"": ""input"", ""label"": ""Last name"", ""name"": ""LASTNAME"", ""pattern"": ""[a-zA-Z\\s]+"", ""placeholder"": ""Doe"", ""required"": true, ""tooltip"": null, ""value"": """"}"
CA,California,Rev. 08/29/2017 (0901),MIDDLENAME,1,MIDDLENAME,Middle name,input,False,,,,,,This field is optional. You can click on the calculator icon to generate random name. Select gender in the field below to specify name gender.,[],"{""element"": ""input"", ""label"": ""Middle name"", ""name"": ""MIDDLENAME"", ""pattern"": null, ""placeholder"": """", ""required"": false, ""tooltip"": ""This field is optional. You can click on the calculator icon to generate random name. Select gender in the field below to specify name gender."", ""value"": """"}"
CA,California,Rev. 08/29/2017 (0901),ADDRESS,1,ADDRESS,Address,input,True,516 Anson Ct,,,,516 Anson Ct,,[],"{""element"": ""input"", ""label"": ""Address"", ""name"": ""ADDRESS"", ""pattern"": null, ""placeholder"": ""516 Anson Ct"", ""required"": true, ""tooltip"": null, ""value"": ""516 Anson Ct""}"
CA,California,Rev. 08/29/2017 (0901),CITY,1,CITY,City,input,True,Ronhert Park,,,,Ronhert Park,,[],"{""element"": ""input"", ""label"": ""City"", ""name"": ""CITY"", ""pattern"": null, ""placeholder"": ""Ronhert Park"", ""required"": true, ""tooltip"": null, ""value"": ""Ronhert Park""}"
CA,California,Rev. 08/29/2017 (0901),ZIP,1,ZIP,Zip code,input,True,875420000,[0-9]+,9,9,875420000,,[],"{""element"": ""input"", ""label"": ""Zip code"", ""maxlength"": 9, ""minlength"": 9, ""name"": ""ZIP"", ""pattern"": ""[0-9]+"", ""placeholder"": ""875420000"", ""required"": true, ""tooltip"": null, ""value"": ""875420000""}"
CA,California,Rev. 08/29/2017 (0901),CLASS,1,CLASS,DL Class,input,True,C,[A-Z1-9]+,1,3,C,,[],"{""element"": ""input"", ""label"": ""DL Class"", ""maxlength"": 3, ""minlength"": 1, ""name"": ""CLASS"", ""pattern"": ""[A-Z1-9]+"", ""placeholder"": ""C"", ""required"": true, ""tooltip"": null, ""value"": ""C""}"
CA,California,Rev. 08/29/2017 (0901),SEX,1,SEX,Sex,select,False,,,,,,,"[{""value"": ""M"", ""label"": ""M""}, {""value"": ""F"", ""label"": ""F""}]","{""element"": ""select"", ""label"": ""Sex"", ""name"": ""SEX"", ""options"": [{""label"": ""M"", ""value"": ""M""}, {""label"": ""F"", ""value"": ""F""}], ""pattern"": null, ""placeholder"": null, ""required"": false, ""tooltip"": null, ""value"": null}"
CA,California,Rev. 08/29/2017 (0901),DONOR,1,DONOR,Donor,select,False,,,,,,,"[{""value"": ""NO"", ""label"": ""No""}, {""value"": ""YES"", ""label"": ""Yes""}]","{""element"": ""select"", ""label"": ""Donor"", ""name"": ""DONOR"", ""options"": [{""label"": ""No"", ""value"": ""NO""}, {""label"": ""Yes"", ""value"": ""YES""}], ""pattern"": null, ""placeholder"": null, ""required"": false, ""tooltip"": null, ""value"": null}"
CA,California,Rev. 08/29/2017 (0901),DOB,1,DOB,Birth date,input,True,01151970,((((0[13578]|1[02])(0[1-9]|[12][0-9]|3[01]))|((0[469]|11)(0[1-9]|[12][0-9]|30))|(02)(0[1-9]|[1][0-9]|2[0-8]))([0-9]{3}[1-9]|[0-9]{2}[1-9][0-9]{1}|[0-9]{1}[1-9][0-9]{2}|[1-9][0-9]{3}))|(0229(([0-9]{2})(0[48]|[2468][048]|[13579][26])|((0[48]|[2468][048]|[3579][26])00))),8,8,,You need input the date in MMDDYYYY format,[],"{""element"": ""input"", ""label"": ""Birth date"", ""maxlength"": 8, ""minlength"": 8, ""name"": ""DOB"", ""pattern"": ""((((0[13578]|1[02])(0[1-9]|[12][0-9]|3[01]))|((0[469]|11)(0[1-9]|[12][0-9]|30))|(02)(0[1-9]|[1][0-9]|2[0-8]))([0-9]{3}[1-9]|[0-9]{2}[1-9][0-9]{1}|[0-9]{1}[1-9][0-9]{2}|[1-9][0-9]{3}))|(0229(([0-9]{2})(0[48]|[2468][048]|[13579][26])|((0[48]|[2468][048]|[3579][26])00)))"", ""placeholder"": ""01151970"", ""required"": true, ""tooltip"": ""You need input the date in MMDDYYYY format"", ""value"": """"}"
CA,California,Rev. 08/29/2017 (0901),DOI,1,DOI,Issue date,input,True,08262021,((((0[13578]|1[02])(0[1-9]|[12][0-9]|3[01]))|((0[469]|11)(0[1-9]|[12][0-9]|30))|(02)(0[1-9]|[1][0-9]|2[0-8]))([0-9]{3}[1-9]|[0-9]{2}[1-9][0-9]{1}|[0-9]{1}[1-9][0-9]{2}|[1-9][0-9]{3}))|(0229(([0-9]{2})(0[48]|[2468][048]|[13579][26])|((0[48]|[2468][048]|[3579][26])00))),8,8,,Valid issue period is 12/28/2020 - till now,[],"{""element"": ""input"", ""label"": ""Issue date"", ""maxlength"": 8, ""minlength"": 8, ""name"": ""DOI"", ""pattern"": ""((((0[13578]|1[02])(0[1-9]|[12][0-9]|3[01]))|((0[469]|11)(0[1-9]|[12][0-9]|30))|(02)(0[1-9]|[1][0-9]|2[0-8]))([0-9]{3}[1-9]|[0-9]{2}[1-9][0-9]{1}|[0-9]{1}[1-9][0-9]{2}|[1-9][0-9]{3}))|(0229(([0-9]{2})(0[48]|[2468][048]|[13579][26])|((0[48]|[2468][048]|[3579][26])00)))"", ""placeholder"": ""08262021"", ""required"": true, ""tooltip"": ""Valid issue period is 12/28/2020 - till now"", ""value"": """"}"
CA,California,Rev. 08/29/2017 (0901),DOE,1,DOE,Expiry date,input,True,01152026,((((0[13578]|1[02])(0[1-9]|[12][0-9]|3[01]))|((0[469]|11)(0[1-9]|[12][0-9]|30))|(02)(0[1-9]|[1][0-9]|2[0-8]))([0-9]{3}[1-9]|[0-9]{2}[1-9][0-9]{1}|[0-9]{1}[1-9][0-9]{2}|[1-9][0-9]{3}))|(0229(([0-9]{2})(0[48]|[2468][048]|[13579][26])|((0[48]|[2468][048]|[3579][26])00))),8,8,,Same month and day as in birth date. 5 years after the year of issue,[],"{""element"": ""input"", ""label"": ""Expiry date"", ""maxlength"": 8, ""minlength"": 8, ""name"": ""DOE"", ""pattern"": ""((((0[13578]|1[02])(0[1-9]|[12][0-9]|3[01]))|((0[469]|11)(0[1-9]|[12][0-9]|30))|(02)(0[1-9]|[1][0-9]|2[0-8]))([0-9]{3}[1-9]|[0-9]{2}[1-9][0-9]{1}|[0-9]{1}[1-9][0-9]{2}|[1-9][0-9]{3}))|(0229(([0-9]{2})(0[48]|[2468][048]|[13579][26])|((0[48]|[2468][048]|[3579][26])00)))"", ""placeholder"": ""01152026"", ""required"": true, ""tooltip"": ""Same month and day as in birth date. 5 years after the year of issue"", ""value"": """"}"
CA,California,Rev. 08/29/2017 (0901),DD,1,DD,DD,input,True,08/25/202165508/AAFD/26,,,,,First 8 digits is issue date in DD/MM/YYYY format. The last 2 digits is expiry year. <br> You can click on the calculator icon to calculate DD <b>automatically!</b>,[],"{""element"": ""input"", ""label"": ""DD"", ""name"": ""DD"", ""pattern"": null, ""placeholder"": ""08/25/202165508/AAFD/26"", ""required"": true, ""tooltip"": ""First 8 digits is issue date in DD/MM/YYYY format. The last 2 digits is expiry year. <br> You can click on the calculator icon to calculate DD <b>automatically!</b>"", ""value"": null}"
CA,California,Rev. 08/29/2017 (0901),ICN,1,ICN,ICN,input,True,21237D12345670401,,,,,First 2 digits is issue year. Next 3 digits is number of days from the beginning of the year to document. Next numbers is document number + 0401. You can click on the calculator icon to calculate ICN <b>automatically!</b>,[],"{""element"": ""input"", ""label"": ""ICN"", ""name"": ""ICN"", ""pattern"": null, ""placeholder"": ""21237D12345670401"", ""required"": true, ""tooltip"": ""First 2 digits is issue year. Next 3 digits is number of days from the beginning of the year to document. Next numbers is document number + 0401. You can click on the calculator icon to calculate ICN <b>automatically!</b>"", ""value"": null}"
CA,California,Rev. 08/29/2017 (0901),RESTRICTIONS,1,RESTRICTIONS,Restrictions,input,True,NONE,,,,NONE,,[],"{""element"": ""input"", ""label"": ""Restrictions"", ""name"": ""RESTRICTIONS"", ""pattern"": null, ""placeholder"": ""NONE"", ""required"": true, ""tooltip"": null, ""value"": ""NONE""}"
CA,California,Rev. 08/29/2017 (0901),ENDORSEMENT,1,ENDORSEMENT,Endorsement,input,True,NONE,,,,NONE,,[],"{""element"": ""input"", ""label"": ""Endorsement"", ""name"": ""ENDORSEMENT"", ""pattern"": null, ""placeholder"": ""NONE"", ""required"": true, ""tooltip"": null, ""value"": ""NONE""}"
CA,California,Rev. 08/29/2017 (0901),HEIGHT,1,HEIGHT,Height (in.),input,True,69,,,2,69,,[],"{""element"": ""input"", ""label"": ""Height (in.)"", ""maxlength"": 2, ""name"": ""HEIGHT"", ""pattern"": null, ""placeholder"": ""69"", ""required"": true, ""tooltip"": null, ""value"": ""69""}"
CA,California,Rev. 08/29/2017 (0901),WEIGHT,1,WEIGHT,Weight (lb.),input,True,169,,,3,169,,[],"{""element"": ""input"", ""label"": ""Weight (lb.)"", ""maxlength"": 3, ""name"": ""WEIGHT"", ""pattern"": null, ""placeholder"": ""169"", ""required"": true, ""tooltip"": null, ""value"": ""169""}"
CA,California,Rev. 08/29/2017 (0901),EYE,1,EYE2,Eye (as on DL),select,True,,,,,,,"[{""value"": """", ""label"": ""== Select ==""}, {""value"": ""BLK"", ""label"": ""BLK (Black)""}, {""value"": ""BLU"", ""label"": ""BLU  (Blue)""}, {""value"": ""BRN"", ""label"": ""BRN  (Brown)""}, {""value"": ""GRN"", ""label"": ""GRN (Green)""}, {""value"": ""GRY"", ""label"": ""GRY (Gray)""}, {""value"": ""HAZ"", ""label"": ""HAZ (Hazel)""}, {""value"": ""MAR"", ""label"": ""MAR (Maroon)""}, {""value"": ""MUL"", ""label"": ""MUL (Multicolored)""}, {""value"": ""PNK"", ""label"": ""PNK (Pink)""}, {""value"": ""UNK"", ""label"": ""UNK (Unknown)""}]","{""element"": ""select"", ""label"": ""Eye (as on DL)"", ""name"": ""EYE2"", ""options"": [{""label"": ""== Select =="", ""value"": """"}, {""label"": ""BLK (Black)"", ""value"": ""BLK""}, {""label"": ""BLU  (Blue)"", ""value"": ""BLU""}, {""label"": ""BRN  (Brown)"", ""value"": ""BRN""}, {""label"": ""GRN (Green)"", ""value"": ""GRN""}, {""label"": ""GRY (Gray)"", ""value"": ""GRY""}, {""label"": ""HAZ (Hazel)"", ""value"": ""HAZ""}, {""label"": ""MAR (Maroon)"", ""value"": ""MAR""}, {""label"": ""MUL (Multicolored)"", ""value"": ""MUL""}, {""label"": ""PNK (Pink)"", ""value"": ""PNK""}, {""label"": ""UNK (Unknown)"", ""value"": ""UNK""}], ""pattern"": null, ""placeholder"": null, ""required"": true, ""tooltip"": null, ""value"": null}"
CA,California,Rev. 08/29/2017 (0901),EYE,2,EYE,Eye (ANSI D-20),select,True,,,,,,,"[{""value"": """", ""label"": ""== Select ==""}, {""value"": ""BLK"", ""label"": ""BLK (Black)""}, {""value"": ""BLU"", ""label"": ""BLU (Blue)""}, {""value"": ""BRO"", ""label"": ""BRO (Brown)""}, {""value"": ""GRY"", ""label"": ""GRY (Gray)""}, {""value"": ""GRN"", ""label"": ""GRN (Green)""}, {""value"": ""HAZ"", ""label"": ""HAZ (Hazel)""}, {""value"": ""MAR"", ""label"": ""MAR (Maroon)""}, {""value"": ""PNK"", ""label"": ""PNK (Pink)""}, {""value"": ""DIC"", ""label"": ""DIC (Dichromatic)""}, {""value"": ""UNK"", ""label"": ""UNK (Unknown)""}]","{""element"": ""select"", ""label"": ""Eye (ANSI D-20)"", ""name"": ""EYE"", ""options"": [{""label"": ""== Select =="", ""value"": """"}, {""label"": ""BLK (Black)"", ""value"": ""BLK""}, {""label"": ""BLU (Blue)"", ""value"": ""BLU""}, {""label"": ""BRO (Brown)"", ""value"": ""BRO""}, {""label"": ""GRY (Gray)"", ""value"": ""GRY""}, {""label"": ""GRN (Green)"", ""value"": ""GRN""}, {""label"": ""HAZ (Hazel)"", ""value"": ""HAZ""}, {""label"": ""MAR (Maroon)"", ""value"": ""MAR""}, {""label"": ""PNK (Pink)"", ""value"": ""PNK""}, {""label"": ""DIC (Dichromatic)"", ""value"": ""DIC""}, {""label"": ""UNK (Unknown)"", ""value"": ""UNK""}], ""pattern"": null, ""placeholder"": null, ""required"": true, ""tooltip"": null, ""value"": null}"
CA,California,Rev. 08/29/2017 (0901),HAIR,1,HAIR2,Hair (as on DL),select,True,,,,,,,"[{""value"": """", ""label"": ""== Select ==""}, {""value"": ""BLK"", ""label"": ""BLK (Black)""}, {""value"": ""BLN"", ""label"": ""BLN (Blond)""}, {""value"": ""BRN"", ""label"": ""BRN (Brown)""}, {""value"": ""DBR"", ""label"": ""DBR (Dark Brown)""}, {""value"": ""GRY"", ""label"": ""GRY (Gray)""}, {""value"": ""LBR"", ""label"": ""LBR (Light Brown)""}, {""value"": ""RED"", ""label"": ""RED (Red/Auburn)""}, {""value"": ""SDY"", ""label"": ""SDY (Sandy)""}, {""value"": ""WHI"", ""label"": ""WHI (White)""}, {""value"": ""UNK"", ""label"": ""UNK (Unknown/Bald)""}]","{""element"": ""select"", ""label"": ""Hair (as on DL)"", ""name"": ""HAIR2"", ""options"": [{""label"": ""== Select =="", ""value"": """"}, {""label"": ""BLK (Black)"", ""value"": ""BLK""}, {""label"": ""BLN (Blond)"", ""value"": ""BLN""}, {""label"": ""BRN (Brown)"", ""value"": ""BRN""}, {""label"": ""DBR (Dark Brown)"", ""value"": ""DBR""}, {""label"": ""GRY (Gray)"", ""value"": ""GRY""}, {""label"": ""LBR (Light Brown)"", ""value"": ""LBR""}, {""label"": ""RED (Red/Auburn)"", ""value"": ""RED""}, {""label"": ""SDY (Sandy)"", ""value"": ""SDY""}, {""label"": ""WHI (White)"", ""value"": ""WHI""}, {""label"": ""UNK (Unknown/Bald)"", ""value"": ""UNK""}], ""pattern"": null, ""placeholder"": null, ""required"": true, ""tooltip"": null, ""value"": null}"
CA,California,Rev. 08/29/2017 (0901),HAIR,2,HAIR,Hair (ANSI D-20),select,True,,,,,,,"[{""value"": """", ""label"": ""== Select ==""}, {""value"": ""BLK"", ""label"": ""BLK (Black)""}, {""value"": ""BLN"", ""label"": ""BLN (Blond)""}, {""value"": ""BRO"", ""label"": ""BRO (Brown)""}, {""value"": ""GRY"", ""label"": ""GRY (Grey)""}, {""value"": ""RED"", ""label"": ""RED (Red/Auburn)""}, {""value"": ""SDY"", ""label"": ""SDY (Sandy)""}, {""value"": ""WHI"", ""label"": ""WHI (White)""}, {""value"": ""UNK"", ""label"": ""UNK (Unknown)""}, {""value"": ""BAL"", ""label"": ""BAL (Bald)""}]","{""element"": ""select"", ""label"": ""Hair (ANSI D-20)"", ""name"": ""HAIR"", ""options"": [{""label"": ""== Select =="", ""value"": """"}, {""label"": ""BLK (Black)"", ""value"": ""BLK""}, {""label"": ""BLN (Blond)"", ""value"": ""BLN""}, {""label"": ""BRO (Brown)"", ""value"": ""BRO""}, {""label"": ""GRY (Grey)"", ""value"": ""GRY""}, {""label"": ""RED (Red/Auburn)"", ""value"": ""RED""}, {""label"": ""SDY (Sandy)"", ""value"": ""SDY""}, {""label"": ""WHI (White)"", ""value"": ""WHI""}, {""label"": ""UNK (Unknown)"", ""value"": ""UNK""}, {""label"": ""BAL (Bald)"", ""value"": ""BAL""}], ""pattern"": null, ""placeholder"": null, ""required"": true, ""tooltip"": null, ""value"": null}"
CA_2024,California,Rev. 2024 (1001),NUMBER,1,NUMBER,DL Number,input,True,D1234567,[a-zA-Z][0-9]{7},8,8,,Random letter + 7 random digits. You can click on the calculator icon to calculate number <b>automatically!</b>,[],"{""element"": ""input"", ""label"": ""DL Number"", ""maxlength"": 8, ""minlength"": 8, ""name"": ""NUMBER"", ""pattern"": ""[a-zA-Z][0-9]{7}"", ""placeholder"": ""D1234567"", ""required"": true, ""tooltip"": ""Random letter + 7 random digits. You can click on the calculator icon to calculate number <b>automatically!</b>"", ""value"": """"}"
CA_2024,California,Rev. 2024 (1001),FIRSTNAME,1,FIRSTNAME,First name,input,True,John,[a-zA-Z\s]+,,,,,[],"{""element"": ""input"", ""label"": ""First name"", ""name"": ""FIRSTNAME"", ""pattern"": ""[a-zA-Z\\s]+"", ""placeholder"": ""John"", ""required"": true, ""tooltip"": null, ""value"": """"}"
CA_2024,California,Rev. 2024 (1001),LASTNAME,1,LASTNAME,Last name,input,True,Doe,[a-zA-Z\s]+,,,,,[],"{""element"": ""input"", ""label"": ""Last name"", ""name"": ""LASTNAME"", ""pattern"": ""[a-zA-Z\\s]+"", ""placeholder"": ""Doe"", ""required"": true, ""tooltip"": null, ""value"": """"}"
CA_2024,California,Rev. 2024 (1001),MIDDLENAME,1,MIDDLENAME,Middle name,input,False,,,,,,This field is optional. You can click on the calculator icon to generate random name. Select gender in the field below to specify name gender.,[],"{""element"": ""input"", ""label"": ""Middle name"", ""name"": ""MIDDLENAME"", ""pattern"": null, ""placeholder"": """", ""required"": false, ""tooltip"": ""This field is optional. You can click on the calculator icon to generate random name. Select gender in the field below to specify name gender."", ""value"": """"}"
CA_2024,California,Rev. 2024 (1001),ADDRESS,1,ADDRESS,Address,input,True,516 Anson Ct,,,,516 Anson Ct,,[],"{""element"": ""input"", ""label"": ""Address"", ""name"": ""ADDRESS"", ""pattern"": null, ""placeholder"": ""516 Anson Ct"", ""required"": true, ""tooltip"": null, ""value"": ""516 Anson Ct""}"
CA_2024,California,Rev. 2024 (1001),CITY,1,CITY,City,input,True,Ronhert Park,,,,Ronhert Park,,[],"{""element"": ""input"", ""label"": ""City"", ""name"": ""CITY"", ""pattern"": null, ""placeholder"": ""Ronhert Park"", ""required"": true, ""tooltip"": null, ""value"": ""Ronhert Park""}"
CA_2024,California,Rev. 2024 (1001),ZIP,1,ZIP,Zip code,input,True,875420000,[0-9]+,9,9,875420000,,[],"{""element"": ""input"", ""label"": ""Zip code"", ""maxlength"": 9, ""minlength"": 9, ""name"": ""ZIP"", ""pattern"": ""[0-9]+"", ""placeholder"": ""875420000"", ""required"": true, ""tooltip"": null, ""value"": ""875420000""}"
CA_2024,California,Rev. 2024 (1001),CLASS,1,CLASS,DL Class,input,True,C,[A-Z1-9]+,1,3,C,,[],"{""element"": ""input"", ""label"": ""DL Class"", ""maxlength"": 3, ""minlength"": 1, ""name"": ""CLASS"", ""pattern"": ""[A-Z1-9]+"", ""placeholder"": ""C"", ""required"": true, ""tooltip"": null, ""value"": ""C""}"
CA_2024,California,Rev. 2024 (1001),SEX,1,SEX,Sex,select,False,,,,,,,"[{""value"": ""M"", ""label"": ""M""}, {""value"": ""F"", ""label"": ""F""}]","{""element"": ""select"", ""label"": ""Sex"", ""name"": ""SEX"", ""options"": [{""label"": ""M"", ""value"": ""M""}, {""label"": ""F"", ""value"": ""F""}], ""pattern"": null, ""placeholder"": null, ""required"": false, ""tooltip"": null, ""value"": null}"
CA_2024,California,Rev. 2024 (1001),DONOR,1,DONOR,Donor,select,False,,,,,,,"[{""value"": ""NO"", ""label"": ""No""}, {""value"": ""YES"", ""label"": ""Yes""}]","{""element"": ""select"", ""label"": ""Donor"", ""name"": ""DONOR"", ""options"": [{""label"": ""No"", ""value"": ""NO""}, {""label"": ""Yes"", ""value"": ""YES""}], ""pattern"": null, ""placeholder"": null, ""required"": false, ""tooltip"": null, ""value"": null}"
CA_2024,California,Rev. 2024 (1001),DOB,1,DOB,Birth date,input,True,01151970,((((0[13578]|1[02])(0[1-9]|[12][0-9]|3[01]))|((0[469]|11)(0[1-9]|[12][0-9]|30))|(02)(0[1-9]|[1][0-9]|2[0-8]))([0-9]{3}[1-9]|[0-9]{2}[1-9][0-9]{1}|[0-9]{1}[1-9][0-9]{2}|[1-9][0-9]{3}))|(0229(([0-9]{2})(0[48]|[2468][048]|[13579][26])|((0[48]|[2468][048]|[3579][26])00))),8,8,,You need input the date in MMDDYYYY format,[],"{""element"": ""input"", ""label"": ""Birth date"", ""maxlength"": 8, ""minlength"": 8, ""name"": ""DOB"", ""pattern"": ""((((0[13578]|1[02])(0[1-9]|[12][0-9]|3[01]))|((0[469]|11)(0[1-9]|[12][0-9]|30))|(02)(0[1-9]|[1][0-9]|2[0-8]))([0-9]{3}[1-9]|[0-9]{2}[1-9][0-9]{1}|[0-9]{1}[1-9][0-9]{2}|[1-9][0-9]{3}))|(0229(([0-9]{2})(0[48]|[2468][048]|[13579][26])|((0[48]|[2468][048]|[3579][26])00)))"", ""placeholder"": ""01151970"", ""required"": true, ""tooltip"": ""You need input the date in MMDDYYYY format"", ""value"": """"}"
CA_2024,California,Rev. 2024 (1001),DOI,1,DOI,Issue date,input,True,11262025,((((0[13578]|1[02])(0[1-9]|[12][0-9]|3[01]))|((0[469]|11)(0[1-9]|[12][0-9]|30))|(02)(0[1-9]|[1][0-9]|2[0-8]))([0-9]{3}[1-9]|[0-9]{2}[1-9][0-9]{1}|[0-9]{1}[1-9][0-9]{2}|[1-9][0-9]{3}))|(0229(([0-9]{2})(0[48]|[2468][048]|[13579][26])|((0[48]|[2468][048]|[3579][26])00))),8,8,,Valid issue period is 10/20/2025 - till now,[],"{""element"": ""input"", ""label"": ""Issue date"", ""maxlength"": 8, ""minlength"": 8, ""name"": ""DOI"", ""pattern"": ""((((0[13578]|1[02])(0[1-9]|[12][0-9]|3[01]))|((0[469]|11)(0[1-9]|[12][0-9]|30))|(02)(0[1-9]|[1][0-9]|2[0-8]))([0-9]{3}[1-9]|[0-9]{2}[1-9][0-9]{1}|[0-9]{1}[1-9][0-9]{2}|[1-9][0-9]{3}))|(0229(([0-9]{2})(0[48]|[2468][048]|[13579][26])|((0[48]|[2468][048]|[3579][26])00)))"", ""placeholder"": ""11262025"", ""required"": true, ""tooltip"": ""Valid issue period is 10/20/2025 - till now"", ""value"": """"}"
CA_2024,California,Rev. 2024 (1001),DOE,1,DOE,Expiry date,input,True,01152030,((((0[13578]|1[02])(0[1-9]|[12][0-9]|3[01]))|((0[469]|11)(0[1-9]|[12][0-9]|30))|(02)(0[1-9]|[1][0-9]|2[0-8]))([0-9]{3}[1-9]|[0-9]{2}[1-9][0-9]{1}|[0-9]{1}[1-9][0-9]{2}|[1-9][0-9]{3}))|(0229(([0-9]{2})(0[48]|[2468][048]|[13579][26])|((0[48]|[2468][048]|[3579][26])00))),8,8,,Same month and day as in birth date. 5 years after the year of issue,[],"{""element"": ""input"", ""label"": ""Expiry date"", ""maxlength"": 8, ""minlength"": 8, ""name"": ""DOE"", ""pattern"": ""((((0[13578]|1[02])(0[1-9]|[12][0-9]|3[01]))|((0[469]|11)(0[1-9]|[12][0-9]|30))|(02)(0[1-9]|[1][0-9]|2[0-8]))([0-9]{3}[1-9]|[0-9]{2}[1-9][0-9]{1}|[0-9]{1}[1-9][0-9]{2}|[1-9][0-9]{3}))|(0229(([0-9]{2})(0[48]|[2468][048]|[13579][26])|((0[48]|[2468][048]|[3579][26])00)))"", ""placeholder"": ""01152030"", ""required"": true, ""tooltip"": ""Same month and day as in birth date. 5 years after the year of issue"", ""value"": """"}"
CA_2024,California,Rev. 2024 (1001),DD,1,DD,DD,input,True,08/25/202165508/AAFD/26,,,,,First 8 digits is issue date in DD/MM/YYYY format. The last 2 digits is expiry year. <br> You can click on the calculator icon to calculate DD <b>automatically!</b>,[],"{""element"": ""input"", ""label"": ""DD"", ""name"": ""DD"", ""pattern"": null, ""placeholder"": ""08/25/202165508/AAFD/26"", ""required"": true, ""tooltip"": ""First 8 digits is issue date in DD/MM/YYYY format. The last 2 digits is expiry year. <br> You can click on the calculator icon to calculate DD <b>automatically!</b>"", ""value"": null}"
CA_2024,California,Rev. 2024 (1001),ICN,1,ICN,ICN,input,True,21237D12345670401,,,,,First 2 digits is issue year. Next 3 digits is number of days from the beginning of the year to document. Next numbers is document number + 0401. You can click on the calculator icon to calculate ICN <b>automatically!</b>,[],"{""element"": ""input"", ""label"": ""ICN"", ""name"": ""ICN"", ""pattern"": null, ""placeholder"": ""21237D12345670401"", ""required"": true, ""tooltip"": ""First 2 digits is issue year. Next 3 digits is number of days from the beginning of the year to document. Next numbers is document number + 0401. You can click on the calculator icon to calculate ICN <b>automatically!</b>"", ""value"": null}"
CA_2024,California,Rev. 2024 (1001),RESTRICTIONS,1,RESTRICTIONS,Restrictions,input,True,NONE,,,,NONE,,[],"{""element"": ""input"", ""label"": ""Restrictions"", ""name"": ""RESTRICTIONS"", ""pattern"": null, ""placeholder"": ""NONE"", ""required"": true, ""tooltip"": null, ""value"": ""NONE""}"
CA_2024,California,Rev. 2024 (1001),ENDORSEMENT,1,ENDORSEMENT,Endorsement,input,True,NONE,,,,NONE,,[],"{""element"": ""input"", ""label"": ""Endorsement"", ""name"": ""ENDORSEMENT"", ""pattern"": null, ""placeholder"": ""NONE"", ""required"": true, ""tooltip"": null, ""value"": ""NONE""}"
CA_2024,California,Rev. 2024 (1001),HEIGHT,1,HEIGHT,Height (in.),input,True,69,,,2,69,,[],"{""element"": ""input"", ""label"": ""Height (in.)"", ""maxlength"": 2, ""name"": ""HEIGHT"", ""pattern"": null, ""placeholder"": ""69"", ""required"": true, ""tooltip"": null, ""value"": ""69""}"
CA_2024,California,Rev. 2024 (1001),WEIGHT,1,WEIGHT,Weight (lb.),input,True,169,,,3,169,,[],"{""element"": ""input"", ""label"": ""Weight (lb.)"", ""maxlength"": 3, ""name"": ""WEIGHT"", ""pattern"": null, ""placeholder"": ""169"", ""required"": true, ""tooltip"": null, ""value"": ""169""}"
CA_2024,California,Rev. 2024 (1001),SUFFIX,1,SUFFIX,Name Suffix,select,False,,,,,,"An optional part of a person’s legal name, such as JR, SR, or III, used to distinguish people with the same name. It is included only if it is part of the official name.","[{""value"": ""NONE"", ""label"": ""NONE""}, {""value"": ""JR"", ""label"": ""JR (Junior)""}, {""value"": ""SR"", ""label"": ""SR (Senior)""}, {""value"": ""I"", ""label"": ""1ST or I (First)""}, {""value"": ""II"", ""label"": ""2ND or II (Second)""}, {""value"": ""III"", ""label"": ""3RD or III (Third)""}, {""value"": ""IV"", ""label"": ""4TH or IV (Fourth)""}, {""value"": ""V"", ""label"": ""5TH or V (Fifth)""}, {""value"": ""VI"", ""label"": ""6TH or VI (Sixth)""}]","{""element"": ""select"", ""label"": ""Name Suffix"", ""name"": ""SUFFIX"", ""options"": [{""label"": ""NONE"", ""value"": ""NONE""}, {""label"": ""JR (Junior)"", ""value"": ""JR""}, {""label"": ""SR (Senior)"", ""value"": ""SR""}, {""label"": ""1ST or I (First)"", ""value"": ""I""}, {""label"": ""2ND or II (Second)"", ""value"": ""II""}, {""label"": ""3RD or III (Third)"", ""value"": ""III""}, {""label"": ""4TH or IV (Fourth)"", ""value"": ""IV""}, {""label"": ""5TH or V (Fifth)"", ""value"": ""V""}, {""label"": ""6TH or VI (Sixth)"", ""value"": ""VI""}], ""pattern"": null, ""placeholder"": null, ""required"": false, ""tooltip"": ""An optional part of a person’s legal name, such as JR, SR, or III, used to distinguish people with the same name. It is included only if it is part of the official name."", ""value"": null}"
CA_2024,California,Rev. 2024 (1001),LIMITED_TERM,1,LIMITED_TERM,Limited Term,select,False,,,,,,"Indicates that the driver license or ID is valid for a limited period, usually due to temporary legal status. It is an administrative indicator and does not affect driving privileges.","[{""value"": ""NO"", ""label"": ""No""}, {""value"": ""YES"", ""label"": ""Yes""}]","{""element"": ""select"", ""label"": ""Limited Term"", ""name"": ""LIMITED_TERM"", ""options"": [{""label"": ""No"", ""value"": ""NO""}, {""label"": ""Yes"", ""value"": ""YES""}], ""pattern"": null, ""placeholder"": null, ""required"": false, ""tooltip"": ""Indicates that the driver license or ID is valid for a limited period, usually due to temporary legal status. It is an administrative indicator and does not affect driving privileges."", ""value"": null}"
CA_2024,California,Rev. 2024 (1001),EYE,1,EYE2,Eye (as on DL),select,True,,,,,,An additional eye color code shown on the front side of the driver license. It represents the same eye color as the main eye color field but may use a different code selected by the issuing state.,"[{""value"": """", ""label"": ""== Select ==""}, {""value"": ""BLK"", ""label"": ""BLK (Black)""}, {""value"": ""BLU"", ""label"": ""BLU  (Blue)""}, {""value"": ""BRN"", ""label"": ""BRN  (Brown)""}, {""value"": ""GRN"", ""label"": ""GRN (Green)""}, {""value"": ""GRY"", ""label"": ""GRY (Gray)""}, {""value"": ""HZL"", ""label"": ""HAZ (Hazel)""}, {""value"": ""MAR"", ""label"": ""MAR (Maroon)""}, {""value"": ""MUL"", ""label"": ""MUL (Multicolored)""}, {""value"": ""PNK"", ""label"": ""PNK (Pink)""}, {""value"": ""DIC"", ""label"": ""DIC (Dichromatic)""}, {""value"": ""UNK"", ""label"": ""UNK (Unknown)""}]","{""element"": ""select"", ""label"": ""Eye (as on DL)"", ""name"": ""EYE2"", ""options"": [{""label"": ""== Select =="", ""value"": """"}, {""label"": ""BLK (Black)"", ""value"": ""BLK""}, {""label"": ""BLU  (Blue)"", ""value"": ""BLU""}, {""label"": ""BRN  (Brown)"", ""value"": ""BRN""}, {""label"": ""GRN (Green)"", ""value"": ""GRN""}, {""label"": ""GRY (Gray)"", ""value"": ""GRY""}, {""label"": ""HAZ (Hazel)"", ""value"": ""HZL""}, {""label"": ""MAR (Maroon)"", ""value"": ""MAR""}, {""label"": ""MUL (Multicolored)"", ""value"": ""MUL""}, {""label"": ""PNK (Pink)"", ""value"": ""PNK""}, {""label"": ""DIC (Dichromatic)"", ""value"": ""DIC""}, {""label"": ""UNK (Unknown)"", ""value"": ""UNK""}], ""pattern"": null, ""placeholder"": null, ""required"": true, ""tooltip"": ""An additional eye color code shown on the front side of the driver license. It represents the same eye color as the main eye color field but may use a different code selected by the issuing state."", ""value"": null}"
CA_2024,California,Rev. 2024 (1001),EYE,2,EYE,Eye (ANSI D-20),select,True,,,,,,,"[{""value"": """", ""label"": ""== Select ==""}, {""value"": ""BLK"", ""label"": ""BLK (Black)""}, {""value"": ""BLU"", ""label"": ""BLU (Blue)""}, {""value"": ""BRO"", ""label"": ""BRO (Brown)""}, {""value"": ""GRY"", ""label"": ""GRY (Gray)""}, {""value"": ""GRN"", ""label"": ""GRN (Green)""}, {""value"": ""HAZ"", ""label"": ""HAZ (Hazel)""}, {""value"": ""MAR"", ""label"": ""MAR (Maroon)""}, {""value"": ""PNK"", ""label"": ""PNK (Pink)""}, {""value"": ""DIC"", ""label"": ""DIC (Dichromatic)""}, {""value"": ""UNK"", ""label"": ""UNK (Unknown)""}]","{""element"": ""select"", ""label"": ""Eye (ANSI D-20)"", ""name"": ""EYE"", ""options"": [{""label"": ""== Select =="", ""value"": """"}, {""label"": ""BLK (Black)"", ""value"": ""BLK""}, {""label"": ""BLU (Blue)"", ""value"": ""BLU""}, {""label"": ""BRO (Brown)"", ""value"": ""BRO""}, {""label"": ""GRY (Gray)"", ""value"": ""GRY""}, {""label"": ""GRN (Green)"", ""value"": ""GRN""}, {""label"": ""HAZ (Hazel)"", ""value"": ""HAZ""}, {""label"": ""MAR (Maroon)"", ""value"": ""MAR""}, {""label"": ""PNK (Pink)"", ""value"": ""PNK""}, {""label"": ""DIC (Dichromatic)"", ""value"": ""DIC""}, {""label"": ""UNK (Unknown)"", ""value"": ""UNK""}], ""pattern"": null, ""placeholder"": null, ""required"": true, ""tooltip"": null, ""value"": null}"
CA_2024,California,Rev. 2024 (1001),HAIR,1,HAIR2,Hair (as on DL),select,True,,,,,,An additional hair color code shown on the front side of the driver license. It describes the person’s hair color using an alternative or more specific code chosen by the issuing state.,"[{""value"": """", ""label"": ""== Select ==""}, {""value"": ""BLK"", ""label"": ""BLK (Black)""}, {""value"": ""BLN"", ""label"": ""BLN (Blond)""}, {""value"": ""BRN"", ""label"": ""BRN (Brown)""}, {""value"": ""DBR"", ""label"": ""DBR (Dark Brown)""}, {""value"": ""GRY"", ""label"": ""GRY (Gray)""}, {""value"": ""LBR"", ""label"": ""LBR (Light Brown)""}, {""value"": ""AUB"", ""label"": ""AUB (Red/Auburn)""}, {""value"": ""SDY"", ""label"": ""SDY (Sandy)""}, {""value"": ""WHI"", ""label"": ""WHI (White)""}, {""value"": ""UNK"", ""label"": ""UNK (Unknown/Bald)""}]","{""element"": ""select"", ""label"": ""Hair (as on DL)"", ""name"": ""HAIR2"", ""options"": [{""label"": ""== Select =="", ""value"": """"}, {""label"": ""BLK (Black)"", ""value"": ""BLK""}, {""label"": ""BLN (Blond)"", ""value"": ""BLN""}, {""label"": ""BRN (Brown)"", ""value"": ""BRN""}, {""label"": ""DBR (Dark Brown)"", ""value"": ""DBR""}, {""label"": ""GRY (Gray)"", ""value"": ""GRY""}, {""label"": ""LBR (Light Brown)"", ""value"": ""LBR""}, {""label"": ""AUB (Red/Auburn)"", ""value"": ""AUB""}, {""label"": ""SDY (Sandy)"", ""value"": ""SDY""}, {""label"": ""WHI (White)"", ""value"": ""WHI""}, {""label"": ""UNK (Unknown/Bald)"", ""value"": ""UNK""}], ""pattern"": null, ""placeholder"": null, ""required"": true, ""tooltip"": ""An additional hair color code shown on the front side of the driver license. It describes the person’s hair color using an alternative or more specific code chosen by the issuing state."", ""value"": null}"
CA_2024,California,Rev. 2024 (1001),HAIR,2,HAIR,Hair (ANSI D-20),select,True,,,,,,,"[{""value"": """", ""label"": ""== Select ==""}, {""value"": ""BLK"", ""label"": ""BLK (Black)""}, {""value"": ""BLN"", ""label"": ""BLN (Blond)""}, {""value"": ""BRO"", ""label"": ""BRO (Brown)""}, {""value"": ""GRY"", ""label"": ""GRY (Grey)""}, {""value"": ""RED"", ""label"": ""RED (Red/Auburn)""}, {""value"": ""SDY"", ""label"": ""SDY (Sandy)""}, {""value"": ""WHI"", ""label"": ""WHI (White)""}, {""value"": ""UNK"", ""label"": ""UNK (Unknown)""}, {""value"": ""BAL"", ""label"": ""BAL (Bald)""}]","{""element"": ""select"", ""label"": ""Hair (ANSI D-20)"", ""name"": ""HAIR"", ""options"": [{""label"": ""== Select =="", ""value"": """"}, {""label"": ""BLK (Black)"", ""value"": ""BLK""}, {""label"": ""BLN (Blond)"", ""value"": ""BLN""}, {""label"": ""BRO (Brown)"", ""value"": ""BRO""}, {""label"": ""GRY (Grey)"", ""value"": ""GRY""}, {""label"": ""RED (Red/Auburn)"", ""value"": ""RED""}, {""label"": ""SDY (Sandy)"", ""value"": ""SDY""}, {""label"": ""WHI (White)"", ""value"": ""WHI""}, {""label"": ""UNK (Unknown)"", ""value"": ""UNK""}, {""label"": ""BAL (Bald)"", ""value"": ""BAL""}], ""pattern"": null, ""placeholder"": null, ""required"": true, ""tooltip"": null, ""value"": null}"
CO_2015,Colorado,(Rev. 10/30/2015),NUMBER,1,NUMBER,DL Number,input,True,316168738,[0-9]{9},9,9,,9 random digits. You can click on the calculator icon to calculate number <b>automatically!</b>,[],"{""element"": ""input"", ""label"": ""DL Number"", ""maxlength"": 9, ""minlength"": 9, ""name"": ""NUMBER"", ""pattern"": ""[0-9]{9}"", ""placeholder"": ""316168738"", ""required"": true, ""tooltip"": ""9 random digits. You can click on the calculator icon to calculate number <b>automatically!</b>"", ""value"": """"}"
CO_2015,Colorado,(Rev. 10/30/2015),FIRSTNAME,1,FIRSTNAME,First name,input,True,John,[a-zA-Z\s]+,,,,,[],"{""element"": ""input"", ""label"": ""First name"", ""name"": ""FIRSTNAME"", ""pattern"": ""[a-zA-Z\\s]+"", ""placeholder"": ""John"", ""required"": true, ""tooltip"": null, ""value"": """"}"
CO_2015,Colorado,(Rev. 10/30/2015),LASTNAME,1,LASTNAME,Last name,input,True,Doe,[a-zA-Z\s]+,,,,,[],"{""element"": ""input"", ""label"": ""Last name"", ""name"": ""LASTNAME"", ""pattern"": ""[a-zA-Z\\s]+"", ""placeholder"": ""Doe"", ""required"": true, ""tooltip"": null, ""value"": """"}"
CO_2015,Colorado,(Rev. 10/30/2015),MIDDLENAME,1,MIDDLENAME,Middle name,input,False,,,,,,This field is optional. You can click on the calculator icon to generate random name. Select gender in the field below to specify name gender.,[],"{""element"": ""input"", ""label"": ""Middle name"", ""name"": ""MIDDLENAME"", ""pattern"": null, ""placeholder"": """", ""required"": false, ""tooltip"": ""This field is optional. You can click on the calculator icon to generate random name. Select gender in the field below to specify name gender."", ""value"": """"}"
CO_2015,Colorado,(Rev. 10/30/2015),ADDRESS,1,ADDRESS,Address,input,True,435 N 35th Ave,,,,435 N 35th Ave,,[],"{""element"": ""input"", ""label"": ""Address"", ""name"": ""ADDRESS"", ""pattern"": null, ""placeholder"": ""435 N 35th Ave"", ""required"": true, ""tooltip"": null, ""value"": ""435 N 35th Ave""}"
CO_2015,Colorado,(Rev. 10/30/2015),CITY,1,CITY,City,input,True,Greeley,,,,Greeley,,[],"{""element"": ""input"", ""label"": ""City"", ""name"": ""CITY"", ""pattern"": null, ""placeholder"": ""Greeley"", ""required"": true, ""tooltip"": null, ""value"": ""Greeley""}"
CO_2015,Colorado,(Rev. 10/30/2015),ZIP,1,ZIP,Zip code,input,True,80634,[0-9]{5},5,5,80634,,[],"{""element"": ""input"", ""label"": ""Zip code"", ""maxlength"": 5, ""minlength"": 5, ""name"": ""ZIP"", ""pattern"": ""[0-9]{5}"", ""placeholder"": ""80634"", ""required"": true, ""tooltip"": null, ""value"": ""80634""}"
CO_2015,Colorado,(Rev. 10/30/2015),CLASS,1,CLASS,DL Class,input,True,R,[A-Z1-9]+,1,4,R,,[],"{""element"": ""input"", ""label"": ""DL Class"", ""maxlength"": 4, ""minlength"": 1, ""name"": ""CLASS"", ""pattern"": ""[A-Z1-9]+"", ""placeholder"": ""R"", ""required"": true, ""tooltip"": null, ""value"": ""R""}"
CO_2015,Colorado,(Rev. 10/30/2015),SEX,1,SEX,Sex,select,False,,,,,,,"[{""value"": ""M"", ""label"": ""M""}, {""value"": ""F"", ""label"": ""F""}]","{""element"": ""select"", ""label"": ""Sex"", ""name"": ""SEX"", ""options"": [{""label"": ""M"", ""value"": ""M""}, {""label"": ""F"", ""value"": ""F""}], ""pattern"": null, ""placeholder"": null, ""required"": false, ""tooltip"": null, ""value"": null}"
CO_2015,Colorado,(Rev. 10/30/2015),DONOR,1,DONOR,Donor,select,False,,,,,,,"[{""value"": ""NO"", ""label"": ""No""}, {""value"": ""YES"", ""label"": ""Yes""}]","{""element"": ""select"", ""label"": ""Donor"", ""name"": ""DONOR"", ""options"": [{""label"": ""No"", ""value"": ""NO""}, {""label"": ""Yes"", ""value"": ""YES""}], ""pattern"": null, ""placeholder"": null, ""required"": false, ""tooltip"": null, ""value"": null}"
CO_2015,Colorado,(Rev. 10/30/2015),DOB,1,DOB,Birth date,input,True,01151970,((((0[13578]|1[02])(0[1-9]|[12][0-9]|3[01]))|((0[469]|11)(0[1-9]|[12][0-9]|30))|(02)(0[1-9]|[1][0-9]|2[0-8]))([0-9]{3}[1-9]|[0-9]{2}[1-9][0-9]{1}|[0-9]{1}[1-9][0-9]{2}|[1-9][0-9]{3}))|(0229(([0-9]{2})(0[48]|[2468][048]|[13579][26])|((0[48]|[2468][048]|[3579][26])00))),8,8,,You need input the date in MMDDYYYY format,[],"{""element"": ""input"", ""label"": ""Birth date"", ""maxlength"": 8, ""minlength"": 8, ""name"": ""DOB"", ""pattern"": ""((((0[13578]|1[02])(0[1-9]|[12][0-9]|3[01]))|((0[469]|11)(0[1-9]|[12][0-9]|30))|(02)(0[1-9]|[1][0-9]|2[0-8]))([0-9]{3}[1-9]|[0-9]{2}[1-9][0-9]{1}|[0-9]{1}[1-9][0-9]{2}|[1-9][0-9]{3}))|(0229(([0-9]{2})(0[48]|[2468][048]|[13579][26])|((0[48]|[2468][048]|[3579][26])00)))"", ""placeholder"": ""01151970"", ""required"": true, ""tooltip"": ""You need input the date in MMDDYYYY format"", ""value"": """"}"
CO_2015,Colorado,(Rev. 10/30/2015),DOI,1,DOI,Issue date,input,True,02212018,((((0[13578]|1[02])(0[1-9]|[12][0-9]|3[01]))|((0[469]|11)(0[1-9]|[12][0-9]|30))|(02)(0[1-9]|[1][0-9]|2[0-8]))([0-9]{3}[1-9]|[0-9]{2}[1-9][0-9]{1}|[0-9]{1}[1-9][0-9]{2}|[1-9][0-9]{3}))|(0229(([0-9]{2})(0[48]|[2468][048]|[13579][26])|((0[48]|[2468][048]|[3579][26])00))),8,8,,You need input the date in MMDDYYYY format,[],"{""element"": ""input"", ""label"": ""Issue date"", ""maxlength"": 8, ""minlength"": 8, ""name"": ""DOI"", ""pattern"": ""((((0[13578]|1[02])(0[1-9]|[12][0-9]|3[01]))|((0[469]|11)(0[1-9]|[12][0-9]|30))|(02)(0[1-9]|[1][0-9]|2[0-8]))([0-9]{3}[1-9]|[0-9]{2}[1-9][0-9]{1}|[0-9]{1}[1-9][0-9]{2}|[1-9][0-9]{3}))|(0229(([0-9]{2})(0[48]|[2468][048]|[13579][26])|((0[48]|[2468][048]|[3579][26])00)))"", ""placeholder"": ""02212018"", ""required"": true, ""tooltip"": ""You need input the date in MMDDYYYY format"", ""value"": """"}"
CO_2015,Colorado,(Rev. 10/30/2015),DOE,1,DOE,Expiry date,input,True,01152023,((((0[13578]|1[02])(0[1-9]|[12][0-9]|3[01]))|((0[469]|11)(0[1-9]|[12][0-9]|30))|(02)(0[1-9]|[1][0-9]|2[0-8]))([0-9]{3}[1-9]|[0-9]{2}[1-9][0-9]{1}|[0-9]{1}[1-9][0-9]{2}|[1-9][0-9]{3}))|(0229(([0-9]{2})(0[48]|[2468][048]|[13579][26])|((0[48]|[2468][048]|[3579][26])00))),8,8,,Same month and day as in birth date. 6 years after the year of issue,[],"{""element"": ""input"", ""label"": ""Expiry date"", ""maxlength"": 8, ""minlength"": 8, ""name"": ""DOE"", ""pattern"": ""((((0[13578]|1[02])(0[1-9]|[12][0-9]|3[01]))|((0[469]|11)(0[1-9]|[12][0-9]|30))|(02)(0[1-9]|[1][0-9]|2[0-8]))([0-9]{3}[1-9]|[0-9]{2}[1-9][0-9]{1}|[0-9]{1}[1-9][0-9]{2}|[1-9][0-9]{3}))|(0229(([0-9]{2})(0[48]|[2468][048]|[13579][26])|((0[48]|[2468][048]|[3579][26])00)))"", ""placeholder"": ""01152023"", ""required"": true, ""tooltip"": ""Same month and day as in birth date. 6 years after the year of issue"", ""value"": """"}"
CO_2015,Colorado,(Rev. 10/30/2015),AUDIT,1,AUDIT,Audit info,input,True,CODL_0_082720_01876,CODL_0_[0-9]{6}_[0-9]{5},19,19,,CODL_0_ + Date of issue + 1 day in MMDDYY format + '_' + 5 random digits. You can click on the calculator icon to calculate data <b>automatically!</b>,[],"{""element"": ""input"", ""label"": ""Audit info"", ""maxlength"": 19, ""minlength"": 19, ""name"": ""AUDIT"", ""pattern"": ""CODL_0_[0-9]{6}_[0-9]{5}"", ""placeholder"": ""CODL_0_082720_01876"", ""required"": true, ""tooltip"": ""CODL_0_ + Date of issue + 1 day in MMDDYY format + '_' + 5 random digits. You can click on the calculator icon to calculate data <b>automatically!</b>"", ""value"": null}"
CO_2015,Colorado,(Rev. 10/30/2015),DD,1,DD,DD,input,True,5211068,[0-9]{7},7,7,,7 random digits <br> You can click on the calculator icon to calculate DD <b>automatically!</b>,[],"{""element"": ""input"", ""label"": ""DD"", ""maxlength"": 7, ""minlength"": 7, ""name"": ""DD"", ""pattern"": ""[0-9]{7}"", ""placeholder"": ""5211068"", ""required"": true, ""tooltip"": ""7 random digits <br> You can click on the calculator icon to calculate DD <b>automatically!</b>"", ""value"": null}"
CO_2015,Colorado,(Rev. 10/30/2015),RESTRICTIONS,1,RESTRICTIONS,Restrictions,input,True,NONE,,,,NONE,,[],"{""element"": ""input"", ""label"": ""Restrictions"", ""name"": ""RESTRICTIONS"", ""pattern"": null, ""placeholder"": ""NONE"", ""required"": true, ""tooltip"": null, ""value"": ""NONE""}"
CO_2015,Colorado,(Rev. 10/30/2015),ENDORSEMENT,1,ENDORSEMENT,Endorsement,input,True,NONE,,,,NONE,,[],"{""element"": ""input"", ""label"": ""Endorsement"", ""name"": ""ENDORSEMENT"", ""pattern"": null, ""placeholder"": ""NONE"", ""required"": true, ""tooltip"": null, ""value"": ""NONE""}"
CO_2015,Colorado,(Rev. 10/30/2015),HEIGHT,1,HEIGHT,Height (in.),input,True,69,,,2,69,,[],"{""element"": ""input"", ""label"": ""Height (in.)"", ""maxlength"": 2, ""name"": ""HEIGHT"", ""pattern"": null, ""placeholder"": ""69"", ""required"": true, ""tooltip"": null, ""value"": ""69""}"
CO_2015,Colorado,(Rev. 10/30/2015),WEIGHT,1,WEIGHT,Weight (lb.),input,True,169,,,3,169,,[],"{""element"": ""input"", ""label"": ""Weight (lb.)"", ""maxlength"": 3, ""name"": ""WEIGHT"", ""pattern"": null, ""placeholder"": ""169"", ""required"": true, ""tooltip"": null, ""value"": ""169""}"
CO_2015,Colorado,(Rev. 10/30/2015),EYE,1,EYE,Eye (ANSI D-20),select,True,,,,,,,"[{""value"": """", ""label"": ""== Select ==""}, {""value"": ""BLK"", ""label"": ""BLK (Black)""}, {""value"": ""BLU"", ""label"": ""BLU (Blue)""}, {""value"": ""BRO"", ""label"": ""BRO (Brown)""}, {""value"": ""GRY"", ""label"": ""GRY (Gray)""}, {""value"": ""GRN"", ""label"": ""GRN (Green)""}, {""value"": ""HAZ"", ""label"": ""HAZ (Hazel)""}, {""value"": ""MAR"", ""label"": ""MAR (Maroon)""}, {""value"": ""PNK"", ""label"": ""PNK (Pink)""}, {""value"": ""DIC"", ""label"": ""DIC (Dichromatic)""}, {""value"": ""UNK"", ""label"": ""UNK (Unknown)""}]","{""element"": ""select"", ""label"": ""Eye (ANSI D-20)"", ""name"": ""EYE"", ""options"": [{""label"": ""== Select =="", ""value"": """"}, {""label"": ""BLK (Black)"", ""value"": ""BLK""}, {""label"": ""BLU (Blue)"", ""value"": ""BLU""}, {""label"": ""BRO (Brown)"", ""value"": ""BRO""}, {""label"": ""GRY (Gray)"", ""value"": ""GRY""}, {""label"": ""GRN (Green)"", ""value"": ""GRN""}, {""label"": ""HAZ (Hazel)"", ""value"": ""HAZ""}, {""label"": ""MAR (Maroon)"", ""value"": ""MAR""}, {""label"": ""PNK (Pink)"", ""value"": ""PNK""}, {""label"": ""DIC (Dichromatic)"", ""value"": ""DIC""}, {""label"": ""UNK (Unknown)"", ""value"": ""UNK""}], ""pattern"": null, ""placeholder"": null, ""required"": true, ""tooltip"": null, ""value"": null}"
CO_2015,Colorado,(Rev. 10/30/2015),HAIR,1,HAIR,Hair (ANSI D-20),select,True,,,,,,,"[{""value"": """", ""label"": ""== Select ==""}, {""value"": ""BLK"", ""label"": ""BLK (Black)""}, {""value"": ""BLN"", ""label"": ""BLN (Blond)""}, {""value"": ""BRO"", ""label"": ""BRO (Brown)""}, {""value"": ""GRY"", ""label"": ""GRY (Grey)""}, {""value"": ""RED"", ""label"": ""RED (Red/Auburn)""}, {""value"": ""SDY"", ""label"": ""SDY (Sandy)""}, {""value"": ""WHI"", ""label"": ""WHI (White)""}, {""value"": ""UNK"", ""label"": ""UNK (Unknown)""}, {""value"": ""BAL"", ""label"": ""BAL (Bald)""}]","{""element"": ""select"", ""label"": ""Hair (ANSI D-20)"", ""name"": ""HAIR"", ""options"": [{""label"": ""== Select =="", ""value"": """"}, {""label"": ""BLK (Black)"", ""value"": ""BLK""}, {""label"": ""BLN (Blond)"", ""value"": ""BLN""}, {""label"": ""BRO (Brown)"", ""value"": ""BRO""}, {""label"": ""GRY (Grey)"", ""value"": ""GRY""}, {""label"": ""RED (Red/Auburn)"", ""value"": ""RED""}, {""label"": ""SDY (Sandy)"", ""value"": ""SDY""}, {""label"": ""WHI (White)"", ""value"": ""WHI""}, {""label"": ""UNK (Unknown)"", ""value"": ""UNK""}, {""label"": ""BAL (Bald)"", ""value"": ""BAL""}], ""pattern"": null, ""placeholder"": null, ""required"": true, ""tooltip"": null, ""value"": null}"
CO_2022,Colorado,Rev 02/28/2022 (1001),NUMBER,1,NUMBER,DL Number,input,True,316168738,[0-9]{9},9,9,,9 random digits. You can click on the calculator icon to calculate number <b>automatically!</b>,[],"{""element"": ""input"", ""label"": ""DL Number"", ""maxlength"": 9, ""minlength"": 9, ""name"": ""NUMBER"", ""pattern"": ""[0-9]{9}"", ""placeholder"": ""316168738"", ""required"": true, ""tooltip"": ""9 random digits. You can click on the calculator icon to calculate number <b>automatically!</b>"", ""value"": """"}"
CO_2022,Colorado,Rev 02/28/2022 (1001),FIRSTNAME,1,FIRSTNAME,First name,input,True,John,[a-zA-Z\s]+,,,,,[],"{""element"": ""input"", ""label"": ""First name"", ""name"": ""FIRSTNAME"", ""pattern"": ""[a-zA-Z\\s]+"", ""placeholder"": ""John"", ""required"": true, ""tooltip"": null, ""value"": """"}"
CO_2022,Colorado,Rev 02/28/2022 (1001),LASTNAME,1,LASTNAME,Last name,input,True,Doe,[a-zA-Z\s]+,,,,,[],"{""element"": ""input"", ""label"": ""Last name"", ""name"": ""LASTNAME"", ""pattern"": ""[a-zA-Z\\s]+"", ""placeholder"": ""Doe"", ""required"": true, ""tooltip"": null, ""value"": """"}"
CO_2022,Colorado,Rev 02/28/2022 (1001),MIDDLENAME,1,MIDDLENAME,Middle name,input,False,,,,,,This field is optional. You can click on the calculator icon to generate random name. Select gender in the field below to specify name gender.,[],"{""element"": ""input"", ""label"": ""Middle name"", ""name"": ""MIDDLENAME"", ""pattern"": null, ""placeholder"": """", ""required"": false, ""tooltip"": ""This field is optional. You can click on the calculator icon to generate random name. Select gender in the field below to specify name gender."", ""value"": """"}"
CO_2022,Colorado,Rev 02/28/2022 (1001),ADDRESS,1,ADDRESS,Address,input,True,2913 W 17th St,,,,2913 W 17th St,,[],"{""element"": ""input"", ""label"": ""Address"", ""name"": ""ADDRESS"", ""pattern"": null, ""placeholder"": ""2913 W 17th St"", ""required"": true, ""tooltip"": null, ""value"": ""2913 W 17th St""}"
CO_2022,Colorado,Rev 02/28/2022 (1001),CITY,1,CITY,City,input,True,Greeley,,,,Greeley,,[],"{""element"": ""input"", ""label"": ""City"", ""name"": ""CITY"", ""pattern"": null, ""placeholder"": ""Greeley"", ""required"": true, ""tooltip"": null, ""value"": ""Greeley""}"
CO_2022,Colorado,Rev 02/28/2022 (1001),ZIP,1,ZIP,Zip code,input,True,806346807,[0-9]{9},9,9,806346807,,[],"{""element"": ""input"", ""label"": ""Zip code"", ""maxlength"": 9, ""minlength"": 9, ""name"": ""ZIP"", ""pattern"": ""[0-9]{9}"", ""placeholder"": ""806346807"", ""required"": true, ""tooltip"": null, ""value"": ""806346807""}"
CO_2022,Colorado,Rev 02/28/2022 (1001),CLASS,1,CLASS,DL Class,input,True,R,[A-Z1-9]+,1,4,R,,[],"{""element"": ""input"", ""label"": ""DL Class"", ""maxlength"": 4, ""minlength"": 1, ""name"": ""CLASS"", ""pattern"": ""[A-Z1-9]+"", ""placeholder"": ""R"", ""required"": true, ""tooltip"": null, ""value"": ""R""}"
CO_2022,Colorado,Rev 02/28/2022 (1001),SEX,1,SEX,Sex,select,False,,,,,,,"[{""value"": ""M"", ""label"": ""M""}, {""value"": ""F"", ""label"": ""F""}]","{""element"": ""select"", ""label"": ""Sex"", ""name"": ""SEX"", ""options"": [{""label"": ""M"", ""value"": ""M""}, {""label"": ""F"", ""value"": ""F""}], ""pattern"": null, ""placeholder"": null, ""required"": false, ""tooltip"": null, ""value"": null}"
CO_2022,Colorado,Rev 02/28/2022 (1001),DONOR,1,DONOR,Donor,select,False,,,,,,,"[{""value"": ""NO"", ""label"": ""No""}, {""value"": ""YES"", ""label"": ""Yes""}]","{""element"": ""select"", ""label"": ""Donor"", ""name"": ""DONOR"", ""options"": [{""label"": ""No"", ""value"": ""NO""}, {""label"": ""Yes"", ""value"": ""YES""}], ""pattern"": null, ""placeholder"": null, ""required"": false, ""tooltip"": null, ""value"": null}"
CO_2022,Colorado,Rev 02/28/2022 (1001),DOB,1,DOB,Birth date,input,True,01151970,((((0[13578]|1[02])(0[1-9]|[12][0-9]|3[01]))|((0[469]|11)(0[1-9]|[12][0-9]|30))|(02)(0[1-9]|[1][0-9]|2[0-8]))([0-9]{3}[1-9]|[0-9]{2}[1-9][0-9]{1}|[0-9]{1}[1-9][0-9]{2}|[1-9][0-9]{3}))|(0229(([0-9]{2})(0[48]|[2468][048]|[13579][26])|((0[48]|[2468][048]|[3579][26])00))),8,8,,You need input the date in MMDDYYYY format,[],"{""element"": ""input"", ""label"": ""Birth date"", ""maxlength"": 8, ""minlength"": 8, ""name"": ""DOB"", ""pattern"": ""((((0[13578]|1[02])(0[1-9]|[12][0-9]|3[01]))|((0[469]|11)(0[1-9]|[12][0-9]|30))|(02)(0[1-9]|[1][0-9]|2[0-8]))([0-9]{3}[1-9]|[0-9]{2}[1-9][0-9]{1}|[0-9]{1}[1-9][0-9]{2}|[1-9][0-9]{3}))|(0229(([0-9]{2})(0[48]|[2468][048]|[13579][26])|((0[48]|[2468][048]|[3579][26])00)))"", ""placeholder"": ""01151970"", ""required"": true, ""tooltip"": ""You need input the date in MMDDYYYY format"", ""value"": """"}"
CO_2022,Colorado,Rev 02/28/2022 (1001),DOI,1,DOI,Issue date,input,True,02212023,((((0[13578]|1[02])(0[1-9]|[12][0-9]|3[01]))|((0[469]|11)(0[1-9]|[12][0-9]|30))|(02)(0[1-9]|[1][0-9]|2[0-8]))([0-9]{3}[1-9]|[0-9]{2}[1-9][0-9]{1}|[0-9]{1}[1-9][0-9]{2}|[1-9][0-9]{3}))|(0229(([0-9]{2})(0[48]|[2468][048]|[13579][26])|((0[48]|[2468][048]|[3579][26])00))),8,8,,You need input the date in MMDDYYYY format,[],"{""element"": ""input"", ""label"": ""Issue date"", ""maxlength"": 8, ""minlength"": 8, ""name"": ""DOI"", ""pattern"": ""((((0[13578]|1[02])(0[1-9]|[12][0-9]|3[01]))|((0[469]|11)(0[1-9]|[12][0-9]|30))|(02)(0[1-9]|[1][0-9]|2[0-8]))([0-9]{3}[1-9]|[0-9]{2}[1-9][0-9]{1}|[0-9]{1}[1-9][0-9]{2}|[1-9][0-9]{3}))|(0229(([0-9]{2})(0[48]|[2468][048]|[13579][26])|((0[48]|[2468][048]|[3579][26])00)))"", ""placeholder"": ""02212023"", ""required"": true, ""tooltip"": ""You need input the date in MMDDYYYY format"", ""value"": """"}"
CO_2022,Colorado,Rev 02/28/2022 (1001),DOE,1,DOE,Expiry date,input,True,01152028,((((0[13578]|1[02])(0[1-9]|[12][0-9]|3[01]))|((0[469]|11)(0[1-9]|[12][0-9]|30))|(02)(0[1-9]|[1][0-9]|2[0-8]))([0-9]{3}[1-9]|[0-9]{2}[1-9][0-9]{1}|[0-9]{1}[1-9][0-9]{2}|[1-9][0-9]{3}))|(0229(([0-9]{2})(0[48]|[2468][048]|[13579][26])|((0[48]|[2468][048]|[3579][26])00))),8,8,,Same month and day as in birth date. 6 years after the year of issue,[],"{""element"": ""input"", ""label"": ""Expiry date"", ""maxlength"": 8, ""minlength"": 8, ""name"": ""DOE"", ""pattern"": ""((((0[13578]|1[02])(0[1-9]|[12][0-9]|3[01]))|((0[469]|11)(0[1-9]|[12][0-9]|30))|(02)(0[1-9]|[1][0-9]|2[0-8]))([0-9]{3}[1-9]|[0-9]{2}[1-9][0-9]{1}|[0-9]{1}[1-9][0-9]{2}|[1-9][0-9]{3}))|(0229(([0-9]{2})(0[48]|[2468][048]|[13579][26])|((0[48]|[2468][048]|[3579][26])00)))"", ""placeholder"": ""01152028"", ""required"": true, ""tooltip"": ""Same month and day as in birth date. 6 years after the year of issue"", ""value"": """"}"
CO_2022,Colorado,Rev 02/28/2022 (1001),AUDIT,1,AUDIT,Audit info,input,True,CODL_0_082720_01876,CODL_0_[0-9]{6}_[0-9]{5},19,19,,CODL_0_ + Date of issue + 1 day in MMDDYY format + '_' + 5 random digits. You can click on the calculator icon to calculate data <b>automatically!</b>,[],"{""element"": ""input"", ""label"": ""Audit info"", ""maxlength"": 19, ""minlength"": 19, ""name"": ""AUDIT"", ""pattern"": ""CODL_0_[0-9]{6}_[0-9]{5}"", ""placeholder"": ""CODL_0_082720_01876"", ""required"": true, ""tooltip"": ""CODL_0_ + Date of issue + 1 day in MMDDYY format + '_' + 5 random digits. You can click on the calculator icon to calculate data <b>automatically!</b>"", ""value"": null}"
CO_2022,Colorado,Rev 02/28/2022 (1001),DD,1,DD,DD,input,True,5211068,[0-9]{7},7,7,,7 random digits <br> You can click on the calculator icon to calculate DD <b>automatically!</b>,[],"{""element"": ""input"", ""label"": ""DD"", ""maxlength"": 7, ""minlength"": 7, ""name"": ""DD"", ""pattern"": ""[0-9]{7}"", ""placeholder"": ""5211068"", ""required"": true, ""tooltip"": ""7 random digits <br> You can click on the calculator icon to calculate DD <b>automatically!</b>"", ""value"": null}"
CO_2022,Colorado,Rev 02/28/2022 (1001),RACE,1,RACE,Race (ANSI D-20),select,True,,,,,,,"[{""value"": """", ""label"": ""== Select ==""}, {""value"": ""AI"", ""label"": ""Alaskan or American Indian""}, {""value"": ""AP"", ""label"": ""Asian or Pacific Islander""}, {""value"": ""BK"", ""label"": ""Black""}, {""value"": ""H"", ""label"": ""Hispanic Origin""}, {""value"": ""O"", ""label"": ""Non-hispanic""}, {""value"": ""U"", ""label"": ""Unknown""}, {""value"": ""W"", ""label"": ""White""}]","{""element"": ""select"", ""label"": ""Race (ANSI D-20)"", ""name"": ""RACE"", ""options"": [{""label"": ""== Select =="", ""value"": """"}, {""label"": ""Alaskan or American Indian"", ""value"": ""AI""}, {""label"": ""Asian or Pacific Islander"", ""value"": ""AP""}, {""label"": ""Black"", ""value"": ""BK""}, {""label"": ""Hispanic Origin"", ""value"": ""H""}, {""label"": ""Non-hispanic"", ""value"": ""O""}, {""label"": ""Unknown"", ""value"": ""U""}, {""label"": ""White"", ""value"": ""W""}], ""pattern"": null, ""placeholder"": null, ""required"": true, ""tooltip"": null, ""value"": null}"
CO_2022,Colorado,Rev 02/28/2022 (1001),RESTRICTIONS,1,RESTRICTIONS,Restrictions,input,True,NONE,,,,NONE,,[],"{""element"": ""input"", ""label"": ""Restrictions"", ""name"": ""RESTRICTIONS"", ""pattern"": null, ""placeholder"": ""NONE"", ""required"": true, ""tooltip"": null, ""value"": ""NONE""}"
CO_2022,Colorado,Rev 02/28/2022 (1001),ENDORSEMENT,1,ENDORSEMENT,Endorsement,input,True,NONE,,,,NONE,,[],"{""element"": ""input"", ""label"": ""Endorsement"", ""name"": ""ENDORSEMENT"", ""pattern"": null, ""placeholder"": ""NONE"", ""required"": true, ""tooltip"": null, ""value"": ""NONE""}"
CO_2022,Colorado,Rev 02/28/2022 (1001),HEIGHT,1,HEIGHT,Height (in.),input,True,69,,,2,69,,[],"{""element"": ""input"", ""label"": ""Height (in.)"", ""maxlength"": 2, ""name"": ""HEIGHT"", ""pattern"": null, ""placeholder"": ""69"", ""required"": true, ""tooltip"": null, ""value"": ""69""}"
CO_2022,Colorado,Rev 02/28/2022 (1001),WEIGHT,1,WEIGHT,Weight (lb.),input,True,169,,,3,169,,[],"{""element"": ""input"", ""label"": ""Weight (lb.)"", ""maxlength"": 3, ""name"": ""WEIGHT"", ""pattern"": null, ""placeholder"": ""169"", ""required"": true, ""tooltip"": null, ""value"": ""169""}"
CO_2022,Colorado,Rev 02/28/2022 (1001),EYE,1,EYE,Eye (ANSI D-20),select,True,,,,,,,"[{""value"": """", ""label"": ""== Select ==""}, {""value"": ""BLK"", ""label"": ""BLK (Black)""}, {""value"": ""BLU"", ""label"": ""BLU (Blue)""}, {""value"": ""BRO"", ""label"": ""BRO (Brown)""}, {""value"": ""GRY"", ""label"": ""GRY (Gray)""}, {""value"": ""GRN"", ""label"": ""GRN (Green)""}, {""value"": ""HAZ"", ""label"": ""HAZ (Hazel)""}, {""value"": ""MAR"", ""label"": ""MAR (Maroon)""}, {""value"": ""PNK"", ""label"": ""PNK (Pink)""}, {""value"": ""DIC"", ""label"": ""DIC (Dichromatic)""}, {""value"": ""UNK"", ""label"": ""UNK (Unknown)""}]","{""element"": ""select"", ""label"": ""Eye (ANSI D-20)"", ""name"": ""EYE"", ""options"": [{""label"": ""== Select =="", ""value"": """"}, {""label"": ""BLK (Black)"", ""value"": ""BLK""}, {""label"": ""BLU (Blue)"", ""value"": ""BLU""}, {""label"": ""BRO (Brown)"", ""value"": ""BRO""}, {""label"": ""GRY (Gray)"", ""value"": ""GRY""}, {""label"": ""GRN (Green)"", ""value"": ""GRN""}, {""label"": ""HAZ (Hazel)"", ""value"": ""HAZ""}, {""label"": ""MAR (Maroon)"", ""value"": ""MAR""}, {""label"": ""PNK (Pink)"", ""value"": ""PNK""}, {""label"": ""DIC (Dichromatic)"", ""value"": ""DIC""}, {""label"": ""UNK (Unknown)"", ""value"": ""UNK""}], ""pattern"": null, ""placeholder"": null, ""required"": true, ""tooltip"": null, ""value"": null}"
CO_2022,Colorado,Rev 02/28/2022 (1001),HAIR,1,HAIR,Hair (ANSI D-20),select,True,,,,,,,"[{""value"": """", ""label"": ""== Select ==""}, {""value"": ""BLK"", ""label"": ""BLK (Black)""}, {""value"": ""BLN"", ""label"": ""BLN (Blond)""}, {""value"": ""BRO"", ""label"": ""BRO (Brown)""}, {""value"": ""GRY"", ""label"": ""GRY (Grey)""}, {""value"": ""RED"", ""label"": ""RED (Red/Auburn)""}, {""value"": ""SDY"", ""label"": ""SDY (Sandy)""}, {""value"": ""WHI"", ""label"": ""WHI (White)""}, {""value"": ""UNK"", ""label"": ""UNK (Unknown)""}, {""value"": ""BAL"", ""label"": ""BAL (Bald)""}]","{""element"": ""select"", ""label"": ""Hair (ANSI D-20)"", ""name"": ""HAIR"", ""options"": [{""label"": ""== Select =="", ""value"": """"}, {""label"": ""BLK (Black)"", ""value"": ""BLK""}, {""label"": ""BLN (Blond)"", ""value"": ""BLN""}, {""label"": ""BRO (Brown)"", ""value"": ""BRO""}, {""label"": ""GRY (Grey)"", ""value"": ""GRY""}, {""label"": ""RED (Red/Auburn)"", ""value"": ""RED""}, {""label"": ""SDY (Sandy)"", ""value"": ""SDY""}, {""label"": ""WHI (White)"", ""value"": ""WHI""}, {""label"": ""UNK (Unknown)"", ""value"": ""UNK""}, {""label"": ""BAL (Bald)"", ""value"": ""BAL""}], ""pattern"": null, ""placeholder"": null, ""required"": true, ""tooltip"": null, ""value"": null}"
CT,Connecticut,Rev. 02/10/2017 (0900),NUMBER,1,NUMBER,DL Number,input,True,137010702,[0-2][0-9]{8},9,9,,Month of birth: 01-12 (odd birth year) or 13-24 (even birth year) + 7 random digits. You can click on the calculator icon to calculate number <b>automatically!</b>,[],"{""element"": ""input"", ""label"": ""DL Number"", ""maxlength"": 9, ""minlength"": 9, ""name"": ""NUMBER"", ""pattern"": ""[0-2][0-9]{8}"", ""placeholder"": ""137010702"", ""required"": true, ""tooltip"": ""Month of birth: 01-12 (odd birth year) or 13-24 (even birth year) + 7 random digits. You can click on the calculator icon to calculate number <b>automatically!</b>"", ""value"": """"}"
CT,Connecticut,Rev. 02/10/2017 (0900),FIRSTNAME,1,FIRSTNAME,First name,input,True,John,[a-zA-Z\s]+,,,,,[],"{""element"": ""input"", ""label"": ""First name"", ""name"": ""FIRSTNAME"", ""pattern"": ""[a-zA-Z\\s]+"", ""placeholder"": ""John"", ""required"": true, ""tooltip"": null, ""value"": """"}"
CT,Connecticut,Rev. 02/10/2017 (0900),LASTNAME,1,LASTNAME,Last name,input,True,Doe,[a-zA-Z\s]+,,,,,[],"{""element"": ""input"", ""label"": ""Last name"", ""name"": ""LASTNAME"", ""pattern"": ""[a-zA-Z\\s]+"", ""placeholder"": ""Doe"", ""required"": true, ""tooltip"": null, ""value"": """"}"
CT,Connecticut,Rev. 02/10/2017 (0900),MIDDLENAME,1,MIDDLENAME,Middle name,input,False,,,,,,This field is optional. You can click on the calculator icon to generate random name. Select gender in the field below to specify name gender.,[],"{""element"": ""input"", ""label"": ""Middle name"", ""name"": ""MIDDLENAME"", ""pattern"": null, ""placeholder"": """", ""required"": false, ""tooltip"": ""This field is optional. You can click on the calculator icon to generate random name. Select gender in the field below to specify name gender."", ""value"": """"}"
CT,Connecticut,Rev. 02/10/2017 (0900),ADDRESS,1,ADDRESS,Address,input,True,229 Wintonbury Ave,,,,229 Wintonbury Ave,,[],"{""element"": ""input"", ""label"": ""Address"", ""name"": ""ADDRESS"", ""pattern"": null, ""placeholder"": ""229 Wintonbury Ave"", ""required"": true, ""tooltip"": null, ""value"": ""229 Wintonbury Ave""}"
CT,Connecticut,Rev. 02/10/2017 (0900),CITY,1,CITY,City,input,True,Bloomfield,,,,Bloomfield,,[],"{""element"": ""input"", ""label"": ""City"", ""name"": ""CITY"", ""pattern"": null, ""placeholder"": ""Bloomfield"", ""required"": true, ""tooltip"": null, ""value"": ""Bloomfield""}"
CT,Connecticut,Rev. 02/10/2017 (0900),ZIP,1,ZIP,Zip code,input,True,060021949,[0-9]{9},9,9,060021949,,[],"{""element"": ""input"", ""label"": ""Zip code"", ""maxlength"": 9, ""minlength"": 9, ""name"": ""ZIP"", ""pattern"": ""[0-9]{9}"", ""placeholder"": ""060021949"", ""required"": true, ""tooltip"": null, ""value"": ""060021949""}"
CT,Connecticut,Rev. 02/10/2017 (0900),CLASS,1,CLASS,DL Class,input,True,D,[A-Z1-9]+,1,4,D,,[],"{""element"": ""input"", ""label"": ""DL Class"", ""maxlength"": 4, ""minlength"": 1, ""name"": ""CLASS"", ""pattern"": ""[A-Z1-9]+"", ""placeholder"": ""D"", ""required"": true, ""tooltip"": null, ""value"": ""D""}"
CT,Connecticut,Rev. 02/10/2017 (0900),SEX,1,SEX,Sex,select,False,,,,,,,"[{""value"": ""M"", ""label"": ""M""}, {""value"": ""F"", ""label"": ""F""}]","{""element"": ""select"", ""label"": ""Sex"", ""name"": ""SEX"", ""options"": [{""label"": ""M"", ""value"": ""M""}, {""label"": ""F"", ""value"": ""F""}], ""pattern"": null, ""placeholder"": null, ""required"": false, ""tooltip"": null, ""value"": null}"
CT,Connecticut,Rev. 02/10/2017 (0900),DONOR,1,DONOR,Donor,select,False,,,,,,,"[{""value"": ""NO"", ""label"": ""No""}, {""value"": ""YES"", ""label"": ""Yes""}]","{""element"": ""select"", ""label"": ""Donor"", ""name"": ""DONOR"", ""options"": [{""label"": ""No"", ""value"": ""NO""}, {""label"": ""Yes"", ""value"": ""YES""}], ""pattern"": null, ""placeholder"": null, ""required"": false, ""tooltip"": null, ""value"": null}"
CT,Connecticut,Rev. 02/10/2017 (0900),DOB,1,DOB,Birth date,input,True,01151970,((((0[13578]|1[02])(0[1-9]|[12][0-9]|3[01]))|((0[469]|11)(0[1-9]|[12][0-9]|30))|(02)(0[1-9]|[1][0-9]|2[0-8]))([0-9]{3}[1-9]|[0-9]{2}[1-9][0-9]{1}|[0-9]{1}[1-9][0-9]{2}|[1-9][0-9]{3}))|(0229(([0-9]{2})(0[48]|[2468][048]|[13579][26])|((0[48]|[2468][048]|[3579][26])00))),8,8,,You need input the date in MMDDYYYY format,[],"{""element"": ""input"", ""label"": ""Birth date"", ""maxlength"": 8, ""minlength"": 8, ""name"": ""DOB"", ""pattern"": ""((((0[13578]|1[02])(0[1-9]|[12][0-9]|3[01]))|((0[469]|11)(0[1-9]|[12][0-9]|30))|(02)(0[1-9]|[1][0-9]|2[0-8]))([0-9]{3}[1-9]|[0-9]{2}[1-9][0-9]{1}|[0-9]{1}[1-9][0-9]{2}|[1-9][0-9]{3}))|(0229(([0-9]{2})(0[48]|[2468][048]|[13579][26])|((0[48]|[2468][048]|[3579][26])00)))"", ""placeholder"": ""01151970"", ""required"": true, ""tooltip"": ""You need input the date in MMDDYYYY format"", ""value"": """"}"
CT,Connecticut,Rev. 02/10/2017 (0900),DOI,1,DOI,Issue date,input,True,08262020,((((0[13578]|1[02])(0[1-9]|[12][0-9]|3[01]))|((0[469]|11)(0[1-9]|[12][0-9]|30))|(02)(0[1-9]|[1][0-9]|2[0-8]))([0-9]{3}[1-9]|[0-9]{2}[1-9][0-9]{1}|[0-9]{1}[1-9][0-9]{2}|[1-9][0-9]{3}))|(0229(([0-9]{2})(0[48]|[2468][048]|[13579][26])|((0[48]|[2468][048]|[3579][26])00))),8,8,,You need input the date in MMDDYYYY format,[],"{""element"": ""input"", ""label"": ""Issue date"", ""maxlength"": 8, ""minlength"": 8, ""name"": ""DOI"", ""pattern"": ""((((0[13578]|1[02])(0[1-9]|[12][0-9]|3[01]))|((0[469]|11)(0[1-9]|[12][0-9]|30))|(02)(0[1-9]|[1][0-9]|2[0-8]))([0-9]{3}[1-9]|[0-9]{2}[1-9][0-9]{1}|[0-9]{1}[1-9][0-9]{2}|[1-9][0-9]{3}))|(0229(([0-9]{2})(0[48]|[2468][048]|[13579][26])|((0[48]|[2468][048]|[3579][26])00)))"", ""placeholder"": ""08262020"", ""required"": true, ""tooltip"": ""You need input the date in MMDDYYYY format"", ""value"": """"}"
CT,Connecticut,Rev. 02/10/2017 (0900),DOE,1,DOE,Expiry date,input,True,01152026,((((0[13578]|1[02])(0[1-9]|[12][0-9]|3[01]))|((0[469]|11)(0[1-9]|[12][0-9]|30))|(02)(0[1-9]|[1][0-9]|2[0-8]))([0-9]{3}[1-9]|[0-9]{2}[1-9][0-9]{1}|[0-9]{1}[1-9][0-9]{2}|[1-9][0-9]{3}))|(0229(([0-9]{2})(0[48]|[2468][048]|[13579][26])|((0[48]|[2468][048]|[3579][26])00))),8,8,,Same month and day as in birth date. 6 years after the year of issue,[],"{""element"": ""input"", ""label"": ""Expiry date"", ""maxlength"": 8, ""minlength"": 8, ""name"": ""DOE"", ""pattern"": ""((((0[13578]|1[02])(0[1-9]|[12][0-9]|3[01]))|((0[469]|11)(0[1-9]|[12][0-9]|30))|(02)(0[1-9]|[1][0-9]|2[0-8]))([0-9]{3}[1-9]|[0-9]{2}[1-9][0-9]{1}|[0-9]{1}[1-9][0-9]{2}|[1-9][0-9]{3}))|(0229(([0-9]{2})(0[48]|[2468][048]|[13579][26])|((0[48]|[2468][048]|[3579][26])00)))"", ""placeholder"": ""01152026"", ""required"": true, ""tooltip"": ""Same month and day as in birth date. 6 years after the year of issue"", ""value"": """"}"
CT,Connecticut,Rev. 02/10/2017 (0900),ICN,1,ICN,ICN,input,True,137010702CT3ENV01,[0-9]{9}CT[0-9a-zA-Z]{4}01,17,17,,DL Number + 'CT' + special code. You can click on the calculator icon to calculate ICN <b>automatically!</b>,[],"{""element"": ""input"", ""label"": ""ICN"", ""maxlength"": 17, ""minlength"": 17, ""name"": ""ICN"", ""pattern"": ""[0-9]{9}CT[0-9a-zA-Z]{4}01"", ""placeholder"": ""137010702CT3ENV01"", ""required"": true, ""tooltip"": ""DL Number + 'CT' + special code. You can click on the calculator icon to calculate ICN <b>automatically!</b>"", ""value"": null}"
CT,Connecticut,Rev. 02/10/2017 (0900),DD,1,DD,DD,input,True,20082614021501MVS1,[0-9]{12}01[a-zA-Z0-9]{4},18,18,,YYMMDD (Issue date) + 6 digits + 01MV + 2 character. <br> You can click on the calculator icon to calculate DD <b>automatically!</b>,[],"{""element"": ""input"", ""label"": ""DD"", ""maxlength"": 18, ""minlength"": 18, ""name"": ""DD"", ""pattern"": ""[0-9]{12}01[a-zA-Z0-9]{4}"", ""placeholder"": ""20082614021501MVS1"", ""required"": true, ""tooltip"": ""YYMMDD (Issue date) + 6 digits + 01MV + 2 character. <br> You can click on the calculator icon to calculate DD <b>automatically!</b>"", ""value"": null}"
CT,Connecticut,Rev. 02/10/2017 (0900),RESTRICTIONS,1,RESTRICTIONS,Restrictions,input,True,NONE,,,,NONE,,[],"{""element"": ""input"", ""label"": ""Restrictions"", ""name"": ""RESTRICTIONS"", ""pattern"": null, ""placeholder"": ""NONE"", ""required"": true, ""tooltip"": null, ""value"": ""NONE""}"
CT,Connecticut,Rev. 02/10/2017 (0900),ENDORSEMENT,1,ENDORSEMENT,Endorsement,input,True,NONE,,,,NONE,,[],"{""element"": ""input"", ""label"": ""Endorsement"", ""name"": ""ENDORSEMENT"", ""pattern"": null, ""placeholder"": ""NONE"", ""required"": true, ""tooltip"": null, ""value"": ""NONE""}"
CT,Connecticut,Rev. 02/10/2017 (0900),HEIGHT,1,HEIGHT,Height (in.),input,True,69,,,2,69,,[],"{""element"": ""input"", ""label"": ""Height (in.)"", ""maxlength"": 2, ""name"": ""HEIGHT"", ""pattern"": null, ""placeholder"": ""69"", ""required"": true, ""tooltip"": null, ""value"": ""69""}"
CT,Connecticut,Rev. 02/10/2017 (0900),EYE,1,EYE,Eye (ANSI D-20),select,True,,,,,,,"[{""value"": """", ""label"": ""== Select ==""}, {""value"": ""BLK"", ""label"": ""BLK (Black)""}, {""value"": ""BLU"", ""label"": ""BLU (Blue)""}, {""value"": ""BRO"", ""label"": ""BRO (Brown)""}, {""value"": ""GRY"", ""label"": ""GRY (Gray)""}, {""value"": ""GRN"", ""label"": ""GRN (Green)""}, {""value"": ""HAZ"", ""label"": ""HAZ (Hazel)""}, {""value"": ""MAR"", ""label"": ""MAR (Maroon)""}, {""value"": ""PNK"", ""label"": ""PNK (Pink)""}, {""value"": ""DIC"", ""label"": ""DIC (Dichromatic)""}, {""value"": ""UNK"", ""label"": ""UNK (Unknown)""}]","{""element"": ""select"", ""label"": ""Eye (ANSI D-20)"", ""name"": ""EYE"", ""options"": [{""label"": ""== Select =="", ""value"": """"}, {""label"": ""BLK (Black)"", ""value"": ""BLK""}, {""label"": ""BLU (Blue)"", ""value"": ""BLU""}, {""label"": ""BRO (Brown)"", ""value"": ""BRO""}, {""label"": ""GRY (Gray)"", ""value"": ""GRY""}, {""label"": ""GRN (Green)"", ""value"": ""GRN""}, {""label"": ""HAZ (Hazel)"", ""value"": ""HAZ""}, {""label"": ""MAR (Maroon)"", ""value"": ""MAR""}, {""label"": ""PNK (Pink)"", ""value"": ""PNK""}, {""label"": ""DIC (Dichromatic)"", ""value"": ""DIC""}, {""label"": ""UNK (Unknown)"", ""value"": ""UNK""}], ""pattern"": null, ""placeholder"": null, ""required"": true, ""tooltip"": null, ""value"": null}"
DE,Delaware,Rev. 08/02/2017 (0900),NUMBER,1,NUMBER,DL Number,input,True,1653296,[0-9]{7},7,7,,7 digits. You can click on the calculator icon to calculate number <b>automatically!</b>,[],"{""element"": ""input"", ""label"": ""DL Number"", ""maxlength"": 7, ""minlength"": 7, ""name"": ""NUMBER"", ""pattern"": ""[0-9]{7}"", ""placeholder"": ""1653296"", ""required"": true, ""tooltip"": ""7 digits. You can click on the calculator icon to calculate number <b>automatically!</b>"", ""value"": """"}"
DE,Delaware,Rev. 08/02/2017 (0900),LASTNAME,1,LASTNAME,Last name,input,True,Doe,[a-zA-Z\s]+,,,,,[],"{""element"": ""input"", ""label"": ""Last name"", ""name"": ""LASTNAME"", ""pattern"": ""[a-zA-Z\\s]+"", ""placeholder"": ""Doe"", ""required"": true, ""tooltip"": null, ""value"": """"}"
DE,Delaware,Rev. 08/02/2017 (0900),FIRSTNAME,1,FIRSTNAME,First name,input,True,John,[a-zA-Z\s]+,,,,,[],"{""element"": ""input"", ""label"": ""First name"", ""name"": ""FIRSTNAME"", ""pattern"": ""[a-zA-Z\\s]+"", ""placeholder"": ""John"", ""required"": true, ""tooltip"": null, ""value"": """"}"
DE,Delaware,Rev. 08/02/2017 (0900),MIDDLENAME,1,MIDDLENAME,Middle name,input,False,,,,,,This field is optional. You can click on the calculator icon to generate random name. Select gender in the field below to specify name gender.,[],"{""element"": ""input"", ""label"": ""Middle name"", ""name"": ""MIDDLENAME"", ""pattern"": null, ""placeholder"": """", ""required"": false, ""tooltip"": ""This field is optional. You can click on the calculator icon to generate random name. Select gender in the field below to specify name gender."", ""value"": """"}"
DE,Delaware,Rev. 08/02/2017 (0900),ADDRESS,1,ADDRESS,Address,input,True,132 Widgeon Way,,,,132 Widgeon Way,,[],"{""element"": ""input"", ""label"": ""Address"", ""name"": ""ADDRESS"", ""pattern"": null, ""placeholder"": ""132 Widgeon Way"", ""required"": true, ""tooltip"": null, ""value"": ""132 Widgeon Way""}"
DE,Delaware,Rev. 08/02/2017 (0900),CITY,1,CITY,City,input,True,Bridgeville,,,,Bridgeville,,[],"{""element"": ""input"", ""label"": ""City"", ""name"": ""CITY"", ""pattern"": null, ""placeholder"": ""Bridgeville"", ""required"": true, ""tooltip"": null, ""value"": ""Bridgeville""}"
DE,Delaware,Rev. 08/02/2017 (0900),ZIP,1,ZIP,Zip code,input,True,199332421,[0-9]{9},9,9,199332421,,[],"{""element"": ""input"", ""label"": ""Zip code"", ""maxlength"": 9, ""minlength"": 9, ""name"": ""ZIP"", ""pattern"": ""[0-9]{9}"", ""placeholder"": ""199332421"", ""required"": true, ""tooltip"": null, ""value"": ""199332421""}"
DE,Delaware,Rev. 08/02/2017 (0900),CLASS,1,CLASS,DL Class,input,True,D,[A-Z1-9]+,1,4,D,,[],"{""element"": ""input"", ""label"": ""DL Class"", ""maxlength"": 4, ""minlength"": 1, ""name"": ""CLASS"", ""pattern"": ""[A-Z1-9]+"", ""placeholder"": ""D"", ""required"": true, ""tooltip"": null, ""value"": ""D""}"
DE,Delaware,Rev. 08/02/2017 (0900),SEX,1,SEX,Sex,select,False,,,,,,,"[{""value"": ""M"", ""label"": ""M""}, {""value"": ""F"", ""label"": ""F""}]","{""element"": ""select"", ""label"": ""Sex"", ""name"": ""SEX"", ""options"": [{""label"": ""M"", ""value"": ""M""}, {""label"": ""F"", ""value"": ""F""}], ""pattern"": null, ""placeholder"": null, ""required"": false, ""tooltip"": null, ""value"": null}"
DE,Delaware,Rev. 08/02/2017 (0900),DONOR,1,DONOR,Donor,select,False,,,,,,,"[{""value"": ""NO"", ""label"": ""No""}, {""value"": ""YES"", ""label"": ""Yes""}]","{""element"": ""select"", ""label"": ""Donor"", ""name"": ""DONOR"", ""options"": [{""label"": ""No"", ""value"": ""NO""}, {""label"": ""Yes"", ""value"": ""YES""}], ""pattern"": null, ""placeholder"": null, ""required"": false, ""tooltip"": null, ""value"": null}"
DE,Delaware,Rev. 08/02/2017 (0900),DOB,1,DOB,Birth date,input,True,01151970,((((0[13578]|1[02])(0[1-9]|[12][0-9]|3[01]))|((0[469]|11)(0[1-9]|[12][0-9]|30))|(02)(0[1-9]|[1][0-9]|2[0-8]))([0-9]{3}[1-9]|[0-9]{2}[1-9][0-9]{1}|[0-9]{1}[1-9][0-9]{2}|[1-9][0-9]{3}))|(0229(([0-9]{2})(0[48]|[2468][048]|[13579][26])|((0[48]|[2468][048]|[3579][26])00))),8,8,,You need input the date in MMDDYYYY format,[],"{""element"": ""input"", ""label"": ""Birth date"", ""maxlength"": 8, ""minlength"": 8, ""name"": ""DOB"", ""pattern"": ""((((0[13578]|1[02])(0[1-9]|[12][0-9]|3[01]))|((0[469]|11)(0[1-9]|[12][0-9]|30))|(02)(0[1-9]|[1][0-9]|2[0-8]))([0-9]{3}[1-9]|[0-9]{2}[1-9][0-9]{1}|[0-9]{1}[1-9][0-9]{2}|[1-9][0-9]{3}))|(0229(([0-9]{2})(0[48]|[2468][048]|[13579][26])|((0[48]|[2468][048]|[3579][26])00)))"", ""placeholder"": ""01151970"", ""required"": true, ""tooltip"": ""You need input the date in MMDDYYYY format"", ""value"": """"}"
DE,Delaware,Rev. 08/02/2017 (0900),DOI,1,DOI,Issue date,input,True,08262020,((((0[13578]|1[02])(0[1-9]|[12][0-9]|3[01]))|((0[469]|11)(0[1-9]|[12][0-9]|30))|(02)(0[1-9]|[1][0-9]|2[0-8]))([0-9]{3}[1-9]|[0-9]{2}[1-9][0-9]{1}|[0-9]{1}[1-9][0-9]{2}|[1-9][0-9]{3}))|(0229(([0-9]{2})(0[48]|[2468][048]|[13579][26])|((0[48]|[2468][048]|[3579][26])00))),8,8,,You need input the date in MMDDYYYY format,[],"{""element"": ""input"", ""label"": ""Issue date"", ""maxlength"": 8, ""minlength"": 8, ""name"": ""DOI"", ""pattern"": ""((((0[13578]|1[02])(0[1-9]|[12][0-9]|3[01]))|((0[469]|11)(0[1-9]|[12][0-9]|30))|(02)(0[1-9]|[1][0-9]|2[0-8]))([0-9]{3}[1-9]|[0-9]{2}[1-9][0-9]{1}|[0-9]{1}[1-9][0-9]{2}|[1-9][0-9]{3}))|(0229(([0-9]{2})(0[48]|[2468][048]|[13579][26])|((0[48]|[2468][048]|[3579][26])00)))"", ""placeholder"": ""08262020"", ""required"": true, ""tooltip"": ""You need input the date in MMDDYYYY format"", ""value"": """"}"
DE,Delaware,Rev. 08/02/2017 (0900),DOE,1,DOE,Expiry date,input,True,01152028,((((0[13578]|1[02])(0[1-9]|[12][0-9]|3[01]))|((0[469]|11)(0[1-9]|[12][0-9]|30))|(02)(0[1-9]|[1][0-9]|2[0-8]))([0-9]{3}[1-9]|[0-9]{2}[1-9][0-9]{1}|[0-9]{1}[1-9][0-9]{2}|[1-9][0-9]{3}))|(0229(([0-9]{2})(0[48]|[2468][048]|[13579][26])|((0[48]|[2468][048]|[3579][26])00))),8,8,,Same month and day as in birth date. 8 years after the year of issue,[],"{""element"": ""input"", ""label"": ""Expiry date"", ""maxlength"": 8, ""minlength"": 8, ""name"": ""DOE"", ""pattern"": ""((((0[13578]|1[02])(0[1-9]|[12][0-9]|3[01]))|((0[469]|11)(0[1-9]|[12][0-9]|30))|(02)(0[1-9]|[1][0-9]|2[0-8]))([0-9]{3}[1-9]|[0-9]{2}[1-9][0-9]{1}|[0-9]{1}[1-9][0-9]{2}|[1-9][0-9]{3}))|(0229(([0-9]{2})(0[48]|[2468][048]|[13579][26])|((0[48]|[2468][048]|[3579][26])00)))"", ""placeholder"": ""01152028"", ""required"": true, ""tooltip"": ""Same month and day as in birth date. 8 years after the year of issue"", ""value"": """"}"
DE,Delaware,Rev. 08/02/2017 (0900),ICN,1,ICN,ICN,input,True,0110157073938301,[0-9]{16},16,16,,0110 + 12 digits. You can click on the calculator icon to calculate ICN <b>automatically!</b>,[],"{""element"": ""input"", ""label"": ""ICN"", ""maxlength"": 16, ""minlength"": 16, ""name"": ""ICN"", ""pattern"": ""[0-9]{16}"", ""placeholder"": ""0110157073938301"", ""required"": true, ""tooltip"": ""0110 + 12 digits. You can click on the calculator icon to calculate ICN <b>automatically!</b>"", ""value"": null}"
DE,Delaware,Rev. 08/02/2017 (0900),DD,1,DD,DD,input,True,L20200826649034C,L[0-9]{8}[0-9]{6}[a-zA-Z],16,16,,L + issue datae (YYYYMMDD) + 6 digits + letter. You can click on the calculator icon to calculate DD <b>automatically!</b>,[],"{""element"": ""input"", ""label"": ""DD"", ""maxlength"": 16, ""minlength"": 16, ""name"": ""DD"", ""pattern"": ""L[0-9]{8}[0-9]{6}[a-zA-Z]"", ""placeholder"": ""L20200826649034C"", ""required"": true, ""tooltip"": ""L + issue datae (YYYYMMDD) + 6 digits + letter. You can click on the calculator icon to calculate DD <b>automatically!</b>"", ""value"": null}"
DE,Delaware,Rev. 08/02/2017 (0900),RESTRICTIONS,1,RESTRICTIONS,Restrictions,input,True,NONE,,,,NONE,,[],"{""element"": ""input"", ""label"": ""Restrictions"", ""name"": ""RESTRICTIONS"", ""pattern"": null, ""placeholder"": ""NONE"", ""required"": true, ""tooltip"": null, ""value"": ""NONE""}"
DE,Delaware,Rev. 08/02/2017 (0900),ENDORSEMENT,1,ENDORSEMENT,Endorsement,input,True,NONE,,,,NONE,,[],"{""element"": ""input"", ""label"": ""Endorsement"", ""name"": ""ENDORSEMENT"", ""pattern"": null, ""placeholder"": ""NONE"", ""required"": true, ""tooltip"": null, ""value"": ""NONE""}"
DE,Delaware,Rev. 08/02/2017 (0900),HEIGHT,1,HEIGHT,Height (in.),input,True,69,,,2,69,,[],"{""element"": ""input"", ""label"": ""Height (in.)"", ""maxlength"": 2, ""name"": ""HEIGHT"", ""pattern"": null, ""placeholder"": ""69"", ""required"": true, ""tooltip"": null, ""value"": ""69""}"
DE,Delaware,Rev. 08/02/2017 (0900),WEIGHT,1,WEIGHT,Weight (lb.),input,True,169,,,3,169,,[],"{""element"": ""input"", ""label"": ""Weight (lb.)"", ""maxlength"": 3, ""name"": ""WEIGHT"", ""pattern"": null, ""placeholder"": ""169"", ""required"": true, ""tooltip"": null, ""value"": ""169""}"
DE,Delaware,Rev. 08/02/2017 (0900),EYE,1,EYE,Eye (ANSI D-20),select,True,,,,,,,"[{""value"": """", ""label"": ""== Select ==""}, {""value"": ""BLK"", ""label"": ""BLK (Black)""}, {""value"": ""BLU"", ""label"": ""BLU (Blue)""}, {""value"": ""BRO"", ""label"": ""BRO (Brown)""}, {""value"": ""GRY"", ""label"": ""GRY (Gray)""}, {""value"": ""GRN"", ""label"": ""GRN (Green)""}, {""value"": ""HAZ"", ""label"": ""HAZ (Hazel)""}, {""value"": ""MAR"", ""label"": ""MAR (Maroon)""}, {""value"": ""PNK"", ""label"": ""PNK (Pink)""}, {""value"": ""DIC"", ""label"": ""DIC (Dichromatic)""}, {""value"": ""UNK"", ""label"": ""UNK (Unknown)""}]","{""element"": ""select"", ""label"": ""Eye (ANSI D-20)"", ""name"": ""EYE"", ""options"": [{""label"": ""== Select =="", ""value"": """"}, {""label"": ""BLK (Black)"", ""value"": ""BLK""}, {""label"": ""BLU (Blue)"", ""value"": ""BLU""}, {""label"": ""BRO (Brown)"", ""value"": ""BRO""}, {""label"": ""GRY (Gray)"", ""value"": ""GRY""}, {""label"": ""GRN (Green)"", ""value"": ""GRN""}, {""label"": ""HAZ (Hazel)"", ""value"": ""HAZ""}, {""label"": ""MAR (Maroon)"", ""value"": ""MAR""}, {""label"": ""PNK (Pink)"", ""value"": ""PNK""}, {""label"": ""DIC (Dichromatic)"", ""value"": ""DIC""}, {""label"": ""UNK (Unknown)"", ""value"": ""UNK""}], ""pattern"": null, ""placeholder"": null, ""required"": true, ""tooltip"": null, ""value"": null}"
DE,Delaware,Rev. 08/02/2017 (0900),REALID,1,REALID,Is REAL ID,select,False,,,,,,"Delaware started issuing REAL ID compliant cards on 07/01/2010. If the card issue date is before this date, do not select REAL ID compliant.","[{""value"": ""F"", ""label"": ""Yes""}, {""value"": ""N"", ""label"": ""No""}]","{""element"": ""select"", ""label"": ""Is REAL ID"", ""name"": ""REALID"", ""options"": [{""label"": ""Yes"", ""value"": ""F""}, {""label"": ""No"", ""value"": ""N""}], ""pattern"": null, ""placeholder"": null, ""required"": false, ""tooltip"": ""Delaware started issuing REAL ID compliant cards on 07/01/2010. If the card issue date is before this date, do not select REAL ID compliant."", ""value"": null}"
FL,Florida,(Rev. 03/16/2017 & 05/01/2019 & 03/01/2020),NUMBER,1,NUMBER,DL Number,input,True,H655435851100,[a-zA-Z][0-9]{12},13,13,,Random letter + 12 random digits. You can click on the calculator icon to calculate number <b>automatically!</b>,[],"{""element"": ""input"", ""label"": ""DL Number"", ""maxlength"": 13, ""minlength"": 13, ""name"": ""NUMBER"", ""pattern"": ""[a-zA-Z][0-9]{12}"", ""placeholder"": ""H655435851100"", ""required"": true, ""tooltip"": ""Random letter + 12 random digits. You can click on the calculator icon to calculate number <b>automatically!</b>"", ""value"": """"}"
FL,Florida,(Rev. 03/16/2017 & 05/01/2019 & 03/01/2020),FIRSTNAME,1,FIRSTNAME,First name,input,True,John,[a-zA-Z\s]+,,,,,[],"{""element"": ""input"", ""label"": ""First name"", ""name"": ""FIRSTNAME"", ""pattern"": ""[a-zA-Z\\s]+"", ""placeholder"": ""John"", ""required"": true, ""tooltip"": null, ""value"": """"}"
FL,Florida,(Rev. 03/16/2017 & 05/01/2019 & 03/01/2020),LASTNAME,1,LASTNAME,Last name,input,True,Doe,[a-zA-Z\s]+,,,,,[],"{""element"": ""input"", ""label"": ""Last name"", ""name"": ""LASTNAME"", ""pattern"": ""[a-zA-Z\\s]+"", ""placeholder"": ""Doe"", ""required"": true, ""tooltip"": null, ""value"": """"}"
FL,Florida,(Rev. 03/16/2017 & 05/01/2019 & 03/01/2020),MIDDLENAME,1,MIDDLENAME,Middle name,input,False,,,,,,This field is optional. You can click on the calculator icon to generate random name. Select gender in the field below to specify name gender.,[],"{""element"": ""input"", ""label"": ""Middle name"", ""name"": ""MIDDLENAME"", ""pattern"": null, ""placeholder"": """", ""required"": false, ""tooltip"": ""This field is optional. You can click on the calculator icon to generate random name. Select gender in the field below to specify name gender."", ""value"": """"}"
FL,Florida,(Rev. 03/16/2017 & 05/01/2019 & 03/01/2020),ADDRESS,1,ADDRESS,Address,input,True,24044 SW 109THPATH,,,,24044 SW 109THPATH,,[],"{""element"": ""input"", ""label"": ""Address"", ""name"": ""ADDRESS"", ""pattern"": null, ""placeholder"": ""24044 SW 109THPATH"", ""required"": true, ""tooltip"": null, ""value"": ""24044 SW 109THPATH""}"
FL,Florida,(Rev. 03/16/2017 & 05/01/2019 & 03/01/2020),CITY,1,CITY,City,input,True,Homestead,,,,Homestead,,[],"{""element"": ""input"", ""label"": ""City"", ""name"": ""CITY"", ""pattern"": null, ""placeholder"": ""Homestead"", ""required"": true, ""tooltip"": null, ""value"": ""Homestead""}"
FL,Florida,(Rev. 03/16/2017 & 05/01/2019 & 03/01/2020),ZIP,1,ZIP,Zip code,input,True,330325131,[0-9]+,9,9,330325131,,[],"{""element"": ""input"", ""label"": ""Zip code"", ""maxlength"": 9, ""minlength"": 9, ""name"": ""ZIP"", ""pattern"": ""[0-9]+"", ""placeholder"": ""330325131"", ""required"": true, ""tooltip"": null, ""value"": ""330325131""}"
FL,Florida,(Rev. 03/16/2017 & 05/01/2019 & 03/01/2020),CLASS,1,CLASS,DL Class,input,True,E,[A-Z1-9]+,1,2,C,,[],"{""element"": ""input"", ""label"": ""DL Class"", ""maxlength"": 2, ""minlength"": 1, ""name"": ""CLASS"", ""pattern"": ""[A-Z1-9]+"", ""placeholder"": ""E"", ""required"": true, ""tooltip"": null, ""value"": ""C""}"
FL,Florida,(Rev. 03/16/2017 & 05/01/2019 & 03/01/2020),SEX,1,SEX,Sex,select,False,,,,,,,"[{""value"": ""M"", ""label"": ""M""}, {""value"": ""F"", ""label"": ""F""}]","{""element"": ""select"", ""label"": ""Sex"", ""name"": ""SEX"", ""options"": [{""label"": ""M"", ""value"": ""M""}, {""label"": ""F"", ""value"": ""F""}], ""pattern"": null, ""placeholder"": null, ""required"": false, ""tooltip"": null, ""value"": null}"
FL,Florida,(Rev. 03/16/2017 & 05/01/2019 & 03/01/2020),DONOR,1,DONOR,Donor,select,False,,,,,,,"[{""value"": ""NO"", ""label"": ""No""}, {""value"": ""YES"", ""label"": ""Yes""}]","{""element"": ""select"", ""label"": ""Donor"", ""name"": ""DONOR"", ""options"": [{""label"": ""No"", ""value"": ""NO""}, {""label"": ""Yes"", ""value"": ""YES""}], ""pattern"": null, ""placeholder"": null, ""required"": false, ""tooltip"": null, ""value"": null}"
FL,Florida,(Rev. 03/16/2017 & 05/01/2019 & 03/01/2020),DOB,1,DOB,Birth date,input,True,01151970,((((0[13578]|1[02])(0[1-9]|[12][0-9]|3[01]))|((0[469]|11)(0[1-9]|[12][0-9]|30))|(02)(0[1-9]|[1][0-9]|2[0-8]))([0-9]{3}[1-9]|[0-9]{2}[1-9][0-9]{1}|[0-9]{1}[1-9][0-9]{2}|[1-9][0-9]{3}))|(0229(([0-9]{2})(0[48]|[2468][048]|[13579][26])|((0[48]|[2468][048]|[3579][26])00))),8,8,,You need input the date in MMDDYYYY format,[],"{""element"": ""input"", ""label"": ""Birth date"", ""maxlength"": 8, ""minlength"": 8, ""name"": ""DOB"", ""pattern"": ""((((0[13578]|1[02])(0[1-9]|[12][0-9]|3[01]))|((0[469]|11)(0[1-9]|[12][0-9]|30))|(02)(0[1-9]|[1][0-9]|2[0-8]))([0-9]{3}[1-9]|[0-9]{2}[1-9][0-9]{1}|[0-9]{1}[1-9][0-9]{2}|[1-9][0-9]{3}))|(0229(([0-9]{2})(0[48]|[2468][048]|[13579][26])|((0[48]|[2468][048]|[3579][26])00)))"", ""placeholder"": ""01151970"", ""required"": true, ""tooltip"": ""You need input the date in MMDDYYYY format"", ""value"": """"}"
FL,Florida,(Rev. 03/16/2017 & 05/01/2019 & 03/01/2020),DOI,1,DOI,Issue date,input,True,08262021,((((0[13578]|1[02])(0[1-9]|[12][0-9]|3[01]))|((0[469]|11)(0[1-9]|[12][0-9]|30))|(02)(0[1-9]|[1][0-9]|2[0-8]))([0-9]{3}[1-9]|[0-9]{2}[1-9][0-9]{1}|[0-9]{1}[1-9][0-9]{2}|[1-9][0-9]{3}))|(0229(([0-9]{2})(0[48]|[2468][048]|[13579][26])|((0[48]|[2468][048]|[3579][26])00))),8,8,,You need input the date in MMDDYYYY formatw,[],"{""element"": ""input"", ""label"": ""Issue date"", ""maxlength"": 8, ""minlength"": 8, ""name"": ""DOI"", ""pattern"": ""((((0[13578]|1[02])(0[1-9]|[12][0-9]|3[01]))|((0[469]|11)(0[1-9]|[12][0-9]|30))|(02)(0[1-9]|[1][0-9]|2[0-8]))([0-9]{3}[1-9]|[0-9]{2}[1-9][0-9]{1}|[0-9]{1}[1-9][0-9]{2}|[1-9][0-9]{3}))|(0229(([0-9]{2})(0[48]|[2468][048]|[13579][26])|((0[48]|[2468][048]|[3579][26])00)))"", ""placeholder"": ""08262021"", ""required"": true, ""tooltip"": ""You need input the date in MMDDYYYY formatw"", ""value"": """"}"
FL,Florida,(Rev. 03/16/2017 & 05/01/2019 & 03/01/2020),DOE,1,DOE,Expiry date,input,True,01152028,((((0[13578]|1[02])(0[1-9]|[12][0-9]|3[01]))|((0[469]|11)(0[1-9]|[12][0-9]|30))|(02)(0[1-9]|[1][0-9]|2[0-8]))([0-9]{3}[1-9]|[0-9]{2}[1-9][0-9]{1}|[0-9]{1}[1-9][0-9]{2}|[1-9][0-9]{3}))|(0229(([0-9]{2})(0[48]|[2468][048]|[13579][26])|((0[48]|[2468][048]|[3579][26])00))),8,8,,Same month and day as in birth date. 5 years after the year of issue,[],"{""element"": ""input"", ""label"": ""Expiry date"", ""maxlength"": 8, ""minlength"": 8, ""name"": ""DOE"", ""pattern"": ""((((0[13578]|1[02])(0[1-9]|[12][0-9]|3[01]))|((0[469]|11)(0[1-9]|[12][0-9]|30))|(02)(0[1-9]|[1][0-9]|2[0-8]))([0-9]{3}[1-9]|[0-9]{2}[1-9][0-9]{1}|[0-9]{1}[1-9][0-9]{2}|[1-9][0-9]{3}))|(0229(([0-9]{2})(0[48]|[2468][048]|[13579][26])|((0[48]|[2468][048]|[3579][26])00)))"", ""placeholder"": ""01152028"", ""required"": true, ""tooltip"": ""Same month and day as in birth date. 5 years after the year of issue"", ""value"": """"}"
FL,Florida,(Rev. 03/16/2017 & 05/01/2019 & 03/01/2020),DD,1,DD,DD,input,True,N322108265187,[a-zA-Z][0-9]{12},,,,<br> You can click on the calculator icon to calculate DD <b>automatically!</b>,[],"{""element"": ""input"", ""label"": ""DD"", ""name"": ""DD"", ""pattern"": ""[a-zA-Z][0-9]{12}"", ""placeholder"": ""N322108265187"", ""required"": true, ""tooltip"": ""<br> You can click on the calculator icon to calculate DD <b>automatically!</b>"", ""value"": null}"
FL,Florida,(Rev. 03/16/2017 & 05/01/2019 & 03/01/2020),ICN,1,ICN,ICN,input,True,0100385619573853,[0-9]{16},16,16,,0100 + 12 random digits. You can click on the calculator icon to calculate ICN <b>automatically!</b>,[],"{""element"": ""input"", ""label"": ""ICN"", ""maxlength"": 16, ""minlength"": 16, ""name"": ""ICN"", ""pattern"": ""[0-9]{16}"", ""placeholder"": ""0100385619573853"", ""required"": true, ""tooltip"": ""0100 + 12 random digits. You can click on the calculator icon to calculate ICN <b>automatically!</b>"", ""value"": null}"
FL,Florida,(Rev. 03/16/2017 & 05/01/2019 & 03/01/2020),RESTRICTIONS,1,RESTRICTIONS,Restrictions,input,True,NONE,,,,NONE,,[],"{""element"": ""input"", ""label"": ""Restrictions"", ""name"": ""RESTRICTIONS"", ""pattern"": null, ""placeholder"": ""NONE"", ""required"": true, ""tooltip"": null, ""value"": ""NONE""}"
FL,Florida,(Rev. 03/16/2017 & 05/01/2019 & 03/01/2020),ENDORSEMENT,1,ENDORSEMENT,Endorsement,input,True,NONE,,,,NONE,,[],"{""element"": ""input"", ""label"": ""Endorsement"", ""name"": ""ENDORSEMENT"", ""pattern"": null, ""placeholder"": ""NONE"", ""required"": true, ""tooltip"": null, ""value"": ""NONE""}"
FL,Florida,(Rev. 03/16/2017 & 05/01/2019 & 03/01/2020),HEIGHT,1,HEIGHT,Height (in.),input,True,69,,,2,69,,[],"{""element"": ""input"", ""label"": ""Height (in.)"", ""maxlength"": 2, ""name"": ""HEIGHT"", ""pattern"": null, ""placeholder"": ""69"", ""required"": true, ""tooltip"": null, ""value"": ""69""}"
FL,Florida,(Rev. 03/16/2017 & 05/01/2019 & 03/01/2020),WEIGHT,1,WEIGHT,Weight (lb.),input,True,169,,,3,169,,[],"{""element"": ""input"", ""label"": ""Weight (lb.)"", ""maxlength"": 3, ""name"": ""WEIGHT"", ""pattern"": null, ""placeholder"": ""169"", ""required"": true, ""tooltip"": null, ""value"": ""169""}"
FL,Florida,(Rev. 03/16/2017 & 05/01/2019 & 03/01/2020),REVISION,1,REVISION,Revision date,select,True,,,,,,,"[{""value"": """", ""label"": ""== Select ==""}, {""value"": ""03162017"", ""label"": ""03/16/2017""}, {""value"": ""05012019"", ""label"": ""05/01/2019""}, {""value"": ""03012020"", ""label"": ""03/01/2020""}]","{""element"": ""select"", ""label"": ""Revision date"", ""name"": ""REVISION"", ""options"": [{""label"": ""== Select =="", ""value"": """"}, {""label"": ""03/16/2017"", ""value"": ""03162017""}, {""label"": ""05/01/2019"", ""value"": ""05012019""}, {""label"": ""03/01/2020"", ""value"": ""03012020""}], ""pattern"": null, ""placeholder"": null, ""required"": true, ""tooltip"": null, ""value"": null}"
FL,Florida,(Rev. 03/16/2017 & 05/01/2019 & 03/01/2020),SAFE_DRIVER,1,SAFE_DRIVER,Safe Driver,select,False,,,,,,"<b>Safe Driver</b> is an internal administrative indicator used by the State of Florida at the time a driver license is issued. It may appear as a red marking on the front side of the card, located above the issue date.","[{""value"": ""YES"", ""label"": ""Yes""}, {""value"": ""NO"", ""label"": ""No""}]","{""element"": ""select"", ""label"": ""Safe Driver"", ""name"": ""SAFE_DRIVER"", ""options"": [{""label"": ""Yes"", ""value"": ""YES""}, {""label"": ""No"", ""value"": ""NO""}], ""pattern"": null, ""placeholder"": null, ""required"": false, ""tooltip"": ""<b>Safe Driver</b> is an internal administrative indicator used by the State of Florida at the time a driver license is issued. It may appear as a red marking on the front side of the card, located above the issue date."", ""value"": null}"
GA_2015,Georgia,(Rev. 07/01/2015),NUMBER,1,NUMBER,DL Number,input,True,089007583,[0-9]{9},9,9,,9 random digits. You can click on the calculator icon to calculate number <b>automatically!</b>,[],"{""element"": ""input"", ""label"": ""DL Number"", ""maxlength"": 9, ""minlength"": 9, ""name"": ""NUMBER"", ""pattern"": ""[0-9]{9}"", ""placeholder"": ""089007583"", ""required"": true, ""tooltip"": ""9 random digits. You can click on the calculator icon to calculate number <b>automatically!</b>"", ""value"": """"}"
GA_2015,Georgia,(Rev. 07/01/2015),FIRSTNAME,1,FIRSTNAME,First name,input,True,John,[a-zA-Z\s]+,,,,,[],"{""element"": ""input"", ""label"": ""First name"", ""name"": ""FIRSTNAME"", ""pattern"": ""[a-zA-Z\\s]+"", ""placeholder"": ""John"", ""required"": true, ""tooltip"": null, ""value"": """"}"
GA_2015,Georgia,(Rev. 07/01/2015),LASTNAME,1,LASTNAME,Last name,input,True,Doe,[a-zA-Z\s]+,,,,,[],"{""element"": ""input"", ""label"": ""Last name"", ""name"": ""LASTNAME"", ""pattern"": ""[a-zA-Z\\s]+"", ""placeholder"": ""Doe"", ""required"": true, ""tooltip"": null, ""value"": """"}"
GA_2015,Georgia,(Rev. 07/01/2015),MIDDLENAME,1,MIDDLENAME,Middle name,input,False,,,,,,This field is optional. You can click on the calculator icon to generate random name. Select gender in the field below to specify name gender.,[],"{""element"": ""input"", ""label"": ""Middle name"", ""name"": ""MIDDLENAME"", ""pattern"": null, ""placeholder"": """", ""required"": false, ""tooltip"": ""This field is optional. You can click on the calculator icon to generate random name. Select gender in the field below to specify name gender."", ""value"": """"}"
GA_2015,Georgia,(Rev. 07/01/2015),ADDRESS,1,ADDRESS,Address,input,True,5485 Copperfield Ct NW,,,,5485 Copperfield Ct NW,,[],"{""element"": ""input"", ""label"": ""Address"", ""name"": ""ADDRESS"", ""pattern"": null, ""placeholder"": ""5485 Copperfield Ct NW"", ""required"": true, ""tooltip"": null, ""value"": ""5485 Copperfield Ct NW""}"
GA_2015,Georgia,(Rev. 07/01/2015),CITY,1,CITY,City,input,True,Lilburn,,,,Lilburn,,[],"{""element"": ""input"", ""label"": ""City"", ""name"": ""CITY"", ""pattern"": null, ""placeholder"": ""Lilburn"", ""required"": true, ""tooltip"": null, ""value"": ""Lilburn""}"
GA_2015,Georgia,(Rev. 07/01/2015),ZIP,1,ZIP,Zip code,input,True,300475809,[0-9]{9},9,9,300475809,,[],"{""element"": ""input"", ""label"": ""Zip code"", ""maxlength"": 9, ""minlength"": 9, ""name"": ""ZIP"", ""pattern"": ""[0-9]{9}"", ""placeholder"": ""300475809"", ""required"": true, ""tooltip"": null, ""value"": ""300475809""}"
GA_2015,Georgia,(Rev. 07/01/2015),CLASS,1,CLASS,DL Class,input,True,C,[A-Z1-9]+,1,4,C,,[],"{""element"": ""input"", ""label"": ""DL Class"", ""maxlength"": 4, ""minlength"": 1, ""name"": ""CLASS"", ""pattern"": ""[A-Z1-9]+"", ""placeholder"": ""C"", ""required"": true, ""tooltip"": null, ""value"": ""C""}"
GA_2015,Georgia,(Rev. 07/01/2015),SEX,1,SEX,Sex,select,False,,,,,,,"[{""value"": ""M"", ""label"": ""M""}, {""value"": ""F"", ""label"": ""F""}]","{""element"": ""select"", ""label"": ""Sex"", ""name"": ""SEX"", ""options"": [{""label"": ""M"", ""value"": ""M""}, {""label"": ""F"", ""value"": ""F""}], ""pattern"": null, ""placeholder"": null, ""required"": false, ""tooltip"": null, ""value"": null}"
GA_2015,Georgia,(Rev. 07/01/2015),DONOR,1,DONOR,Donor,select,False,,,,,,,"[{""value"": ""NO"", ""label"": ""No""}, {""value"": ""YES"", ""label"": ""Yes""}]","{""element"": ""select"", ""label"": ""Donor"", ""name"": ""DONOR"", ""options"": [{""label"": ""No"", ""value"": ""NO""}, {""label"": ""Yes"", ""value"": ""YES""}], ""pattern"": null, ""placeholder"": null, ""required"": false, ""tooltip"": null, ""value"": null}"
GA_2015,Georgia,(Rev. 07/01/2015),DOB,1,DOB,Birth date,input,True,01151970,((((0[13578]|1[02])(0[1-9]|[12][0-9]|3[01]))|((0[469]|11)(0[1-9]|[12][0-9]|30))|(02)(0[1-9]|[1][0-9]|2[0-8]))([0-9]{3}[1-9]|[0-9]{2}[1-9][0-9]{1}|[0-9]{1}[1-9][0-9]{2}|[1-9][0-9]{3}))|(0229(([0-9]{2})(0[48]|[2468][048]|[13579][26])|((0[48]|[2468][048]|[3579][26])00))),8,8,,You need input the date in MMDDYYYY format,[],"{""element"": ""input"", ""label"": ""Birth date"", ""maxlength"": 8, ""minlength"": 8, ""name"": ""DOB"", ""pattern"": ""((((0[13578]|1[02])(0[1-9]|[12][0-9]|3[01]))|((0[469]|11)(0[1-9]|[12][0-9]|30))|(02)(0[1-9]|[1][0-9]|2[0-8]))([0-9]{3}[1-9]|[0-9]{2}[1-9][0-9]{1}|[0-9]{1}[1-9][0-9]{2}|[1-9][0-9]{3}))|(0229(([0-9]{2})(0[48]|[2468][048]|[13579][26])|((0[48]|[2468][048]|[3579][26])00)))"", ""placeholder"": ""01151970"", ""required"": true, ""tooltip"": ""You need input the date in MMDDYYYY format"", ""value"": """"}"
GA_2015,Georgia,(Rev. 07/01/2015),DOI,1,DOI,Issue date,input,True,07042016,((((0[13578]|1[02])(0[1-9]|[12][0-9]|3[01]))|((0[469]|11)(0[1-9]|[12][0-9]|30))|(02)(0[1-9]|[1][0-9]|2[0-8]))([0-9]{3}[1-9]|[0-9]{2}[1-9][0-9]{1}|[0-9]{1}[1-9][0-9]{2}|[1-9][0-9]{3}))|(0229(([0-9]{2})(0[48]|[2468][048]|[13579][26])|((0[48]|[2468][048]|[3579][26])00))),8,8,,You need input the date in MMDDYYYY format (07/01/2015 till 01/02/2019),[],"{""element"": ""input"", ""label"": ""Issue date"", ""maxlength"": 8, ""minlength"": 8, ""name"": ""DOI"", ""pattern"": ""((((0[13578]|1[02])(0[1-9]|[12][0-9]|3[01]))|((0[469]|11)(0[1-9]|[12][0-9]|30))|(02)(0[1-9]|[1][0-9]|2[0-8]))([0-9]{3}[1-9]|[0-9]{2}[1-9][0-9]{1}|[0-9]{1}[1-9][0-9]{2}|[1-9][0-9]{3}))|(0229(([0-9]{2})(0[48]|[2468][048]|[13579][26])|((0[48]|[2468][048]|[3579][26])00)))"", ""placeholder"": ""07042016"", ""required"": true, ""tooltip"": ""You need input the date in MMDDYYYY format (07/01/2015 till 01/02/2019)"", ""value"": """"}"
GA_2015,Georgia,(Rev. 07/01/2015),DOE,1,DOE,Expiry date,input,True,01152024,((((0[13578]|1[02])(0[1-9]|[12][0-9]|3[01]))|((0[469]|11)(0[1-9]|[12][0-9]|30))|(02)(0[1-9]|[1][0-9]|2[0-8]))([0-9]{3}[1-9]|[0-9]{2}[1-9][0-9]{1}|[0-9]{1}[1-9][0-9]{2}|[1-9][0-9]{3}))|(0229(([0-9]{2})(0[48]|[2468][048]|[13579][26])|((0[48]|[2468][048]|[3579][26])00))),8,8,,Same month and day as in birth date. 6 years after the year of issue,[],"{""element"": ""input"", ""label"": ""Expiry date"", ""maxlength"": 8, ""minlength"": 8, ""name"": ""DOE"", ""pattern"": ""((((0[13578]|1[02])(0[1-9]|[12][0-9]|3[01]))|((0[469]|11)(0[1-9]|[12][0-9]|30))|(02)(0[1-9]|[1][0-9]|2[0-8]))([0-9]{3}[1-9]|[0-9]{2}[1-9][0-9]{1}|[0-9]{1}[1-9][0-9]{2}|[1-9][0-9]{3}))|(0229(([0-9]{2})(0[48]|[2468][048]|[13579][26])|((0[48]|[2468][048]|[3579][26])00)))"", ""placeholder"": ""01152024"", ""required"": true, ""tooltip"": ""Same month and day as in birth date. 6 years after the year of issue"", ""value"": """"}"
GA_2015,Georgia,(Rev. 07/01/2015),ICN,1,ICN,ICN,input,True,2119423584100401,[0-9]{16},16,16,,10 random digits + '100401'. You can click on the calculator icon to calculate ICN <b>automatically!</b>,[],"{""element"": ""input"", ""label"": ""ICN"", ""maxlength"": 16, ""minlength"": 16, ""name"": ""ICN"", ""pattern"": ""[0-9]{16}"", ""placeholder"": ""2119423584100401"", ""required"": true, ""tooltip"": ""10 random digits + '100401'. You can click on the calculator icon to calculate ICN <b>automatically!</b>"", ""value"": null}"
GA_2015,Georgia,(Rev. 07/01/2015),DD,1,DD,DD,input,True,211942358410046350,[0-9]{18},18,18,,first 14 digits of ICN + 4 random digits. <br> You can click on the calculator icon to calculate DD <b>automatically!</b>,[],"{""element"": ""input"", ""label"": ""DD"", ""maxlength"": 18, ""minlength"": 18, ""name"": ""DD"", ""pattern"": ""[0-9]{18}"", ""placeholder"": ""211942358410046350"", ""required"": true, ""tooltip"": ""first 14 digits of ICN + 4 random digits. <br> You can click on the calculator icon to calculate DD <b>automatically!</b>"", ""value"": """"}"
GA_2015,Georgia,(Rev. 07/01/2015),RESTRICTIONS,1,RESTRICTIONS,Restrictions,input,True,NONE,,,,NONE,,[],"{""element"": ""input"", ""label"": ""Restrictions"", ""name"": ""RESTRICTIONS"", ""pattern"": null, ""placeholder"": ""NONE"", ""required"": true, ""tooltip"": null, ""value"": ""NONE""}"
GA_2015,Georgia,(Rev. 07/01/2015),ENDORSEMENT,1,ENDORSEMENT,Endorsement,input,True,NONE,,,,NONE,,[],"{""element"": ""input"", ""label"": ""Endorsement"", ""name"": ""ENDORSEMENT"", ""pattern"": null, ""placeholder"": ""NONE"", ""required"": true, ""tooltip"": null, ""value"": ""NONE""}"
GA_2015,Georgia,(Rev. 07/01/2015),HEIGHT,1,HEIGHT,Height (in.),input,True,69,,,2,69,,[],"{""element"": ""input"", ""label"": ""Height (in.)"", ""maxlength"": 2, ""name"": ""HEIGHT"", ""pattern"": null, ""placeholder"": ""69"", ""required"": true, ""tooltip"": null, ""value"": ""69""}"
GA_2015,Georgia,(Rev. 07/01/2015),WEIGHT,1,WEIGHT,Weight (lb.),input,True,169,,,3,169,,[],"{""element"": ""input"", ""label"": ""Weight (lb.)"", ""maxlength"": 3, ""name"": ""WEIGHT"", ""pattern"": null, ""placeholder"": ""169"", ""required"": true, ""tooltip"": null, ""value"": ""169""}"
GA_2015,Georgia,(Rev. 07/01/2015),EYE,1,EYE,Eye (ANSI D-20),select,True,,,,,,,"[{""value"": """", ""label"": ""== Select ==""}, {""value"": ""BLK"", ""label"": ""BLK (Black)""}, {""value"": ""BLU"", ""label"": ""BLU (Blue)""}, {""value"": ""BRO"", ""label"": ""BRO (Brown)""}, {""value"": ""GRY"", ""label"": ""GRY (Gray)""}, {""value"": ""GRN"", ""label"": ""GRN (Green)""}, {""value"": ""HAZ"", ""label"": ""HAZ (Hazel)""}, {""value"": ""MAR"", ""label"": ""MAR (Maroon)""}, {""value"": ""PNK"", ""label"": ""PNK (Pink)""}, {""value"": ""DIC"", ""label"": ""DIC (Dichromatic)""}, {""value"": ""UNK"", ""label"": ""UNK (Unknown)""}]","{""element"": ""select"", ""label"": ""Eye (ANSI D-20)"", ""name"": ""EYE"", ""options"": [{""label"": ""== Select =="", ""value"": """"}, {""label"": ""BLK (Black)"", ""value"": ""BLK""}, {""label"": ""BLU (Blue)"", ""value"": ""BLU""}, {""label"": ""BRO (Brown)"", ""value"": ""BRO""}, {""label"": ""GRY (Gray)"", ""value"": ""GRY""}, {""label"": ""GRN (Green)"", ""value"": ""GRN""}, {""label"": ""HAZ (Hazel)"", ""value"": ""HAZ""}, {""label"": ""MAR (Maroon)"", ""value"": ""MAR""}, {""label"": ""PNK (Pink)"", ""value"": ""PNK""}, {""label"": ""DIC (Dichromatic)"", ""value"": ""DIC""}, {""label"": ""UNK (Unknown)"", ""value"": ""UNK""}], ""pattern"": null, ""placeholder"": null, ""required"": true, ""tooltip"": null, ""value"": null}"
GA_2015,Georgia,(Rev. 07/01/2015),COUNTRY,1,COUNTRY,Country,input,True,Gwinnett,,,,Gwinnett,,[],"{""element"": ""input"", ""label"": ""Country"", ""name"": ""COUNTRY"", ""pattern"": null, ""placeholder"": ""Gwinnett"", ""required"": true, ""tooltip"": null, ""value"": ""Gwinnett""}"
GA_2019,Georgia,(Rev. 01/02/2019),NUMBER,1,NUMBER,DL Number,input,True,089007583,[0-9]{9},9,9,,9 random digits. You can click on the calculator icon to calculate number <b>automatically!</b>,[],"{""element"": ""input"", ""label"": ""DL Number"", ""maxlength"": 9, ""minlength"": 9, ""name"": ""NUMBER"", ""pattern"": ""[0-9]{9}"", ""placeholder"": ""089007583"", ""required"": true, ""tooltip"": ""9 random digits. You can click on the calculator icon to calculate number <b>automatically!</b>"", ""value"": """"}"
GA_2019,Georgia,(Rev. 01/02/2019),FIRSTNAME,1,FIRSTNAME,First name,input,True,John,[a-zA-Z\s]+,,,,,[],"{""element"": ""input"", ""label"": ""First name"", ""name"": ""FIRSTNAME"", ""pattern"": ""[a-zA-Z\\s]+"", ""placeholder"": ""John"", ""required"": true, ""tooltip"": null, ""value"": """"}"
GA_2019,Georgia,(Rev. 01/02/2019),LASTNAME,1,LASTNAME,Last name,input,True,Doe,[a-zA-Z\s]+,,,,,[],"{""element"": ""input"", ""label"": ""Last name"", ""name"": ""LASTNAME"", ""pattern"": ""[a-zA-Z\\s]+"", ""placeholder"": ""Doe"", ""required"": true, ""tooltip"": null, ""value"": """"}"
GA_2019,Georgia,(Rev. 01/02/2019),MIDDLENAME,1,MIDDLENAME,Middle name,input,False,,,,,,This field is optional. You can click on the calculator icon to generate random name. Select gender in the field below to specify name gender.,[],"{""element"": ""input"", ""label"": ""Middle name"", ""name"": ""MIDDLENAME"", ""pattern"": null, ""placeholder"": """", ""required"": false, ""tooltip"": ""This field is optional. You can click on the calculator icon to generate random name. Select gender in the field below to specify name gender."", ""value"": """"}"
GA_2019,Georgia,(Rev. 01/02/2019),ADDRESS,1,ADDRESS,Address,input,True,5485 Copperfield Ct NW,,,,5485 Copperfield Ct NW,,[],"{""element"": ""input"", ""label"": ""Address"", ""name"": ""ADDRESS"", ""pattern"": null, ""placeholder"": ""5485 Copperfield Ct NW"", ""required"": true, ""tooltip"": null, ""value"": ""5485 Copperfield Ct NW""}"
GA_2019,Georgia,(Rev. 01/02/2019),CITY,1,CITY,City,input,True,Lilburn,,,,Lilburn,,[],"{""element"": ""input"", ""label"": ""City"", ""name"": ""CITY"", ""pattern"": null, ""placeholder"": ""Lilburn"", ""required"": true, ""tooltip"": null, ""value"": ""Lilburn""}"
GA_2019,Georgia,(Rev. 01/02/2019),ZIP,1,ZIP,Zip code,input,True,30047-5809,[0-9]{5}\-[0-9]{4},10,10,30047-5809,,[],"{""element"": ""input"", ""label"": ""Zip code"", ""maxlength"": 10, ""minlength"": 10, ""name"": ""ZIP"", ""pattern"": ""[0-9]{5}\\-[0-9]{4}"", ""placeholder"": ""30047-5809"", ""required"": true, ""tooltip"": null, ""value"": ""30047-5809""}"
GA_2019,Georgia,(Rev. 01/02/2019),CLASS,1,CLASS,DL Class,input,True,C,[A-Z1-9]+,1,4,C,,[],"{""element"": ""input"", ""label"": ""DL Class"", ""maxlength"": 4, ""minlength"": 1, ""name"": ""CLASS"", ""pattern"": ""[A-Z1-9]+"", ""placeholder"": ""C"", ""required"": true, ""tooltip"": null, ""value"": ""C""}"
GA_2019,Georgia,(Rev. 01/02/2019),SEX,1,SEX,Sex,select,False,,,,,,,"[{""value"": ""M"", ""label"": ""M""}, {""value"": ""F"", ""label"": ""F""}]","{""element"": ""select"", ""label"": ""Sex"", ""name"": ""SEX"", ""options"": [{""label"": ""M"", ""value"": ""M""}, {""label"": ""F"", ""value"": ""F""}], ""pattern"": null, ""placeholder"": null, ""required"": false, ""tooltip"": null, ""value"": null}"
GA_2019,Georgia,(Rev. 01/02/2019),DONOR,1,DONOR,Donor,select,False,,,,,,,"[{""value"": ""NO"", ""label"": ""No""}, {""value"": ""YES"", ""label"": ""Yes""}]","{""element"": ""select"", ""label"": ""Donor"", ""name"": ""DONOR"", ""options"": [{""label"": ""No"", ""value"": ""NO""}, {""label"": ""Yes"", ""value"": ""YES""}], ""pattern"": null, ""placeholder"": null, ""required"": false, ""tooltip"": null, ""value"": null}"
GA_2019,Georgia,(Rev. 01/02/2019),DOB,1,DOB,Birth date,input,True,01151970,((((0[13578]|1[02])(0[1-9]|[12][0-9]|3[01]))|((0[469]|11)(0[1-9]|[12][0-9]|30))|(02)(0[1-9]|[1][0-9]|2[0-8]))([0-9]{3}[1-9]|[0-9]{2}[1-9][0-9]{1}|[0-9]{1}[1-9][0-9]{2}|[1-9][0-9]{3}))|(0229(([0-9]{2})(0[48]|[2468][048]|[13579][26])|((0[48]|[2468][048]|[3579][26])00))),8,8,,You need input the date in MMDDYYYY format,[],"{""element"": ""input"", ""label"": ""Birth date"", ""maxlength"": 8, ""minlength"": 8, ""name"": ""DOB"", ""pattern"": ""((((0[13578]|1[02])(0[1-9]|[12][0-9]|3[01]))|((0[469]|11)(0[1-9]|[12][0-9]|30))|(02)(0[1-9]|[1][0-9]|2[0-8]))([0-9]{3}[1-9]|[0-9]{2}[1-9][0-9]{1}|[0-9]{1}[1-9][0-9]{2}|[1-9][0-9]{3}))|(0229(([0-9]{2})(0[48]|[2468][048]|[13579][26])|((0[48]|[2468][048]|[3579][26])00)))"", ""placeholder"": ""01151970"", ""required"": true, ""tooltip"": ""You need input the date in MMDDYYYY format"", ""value"": """"}"
GA_2019,Georgia,(Rev. 01/02/2019),DOI,1,DOI,Issue date,input,True,08262020,((((0[13578]|1[02])(0[1-9]|[12][0-9]|3[01]))|((0[469]|11)(0[1-9]|[12][0-9]|30))|(02)(0[1-9]|[1][0-9]|2[0-8]))([0-9]{3}[1-9]|[0-9]{2}[1-9][0-9]{1}|[0-9]{1}[1-9][0-9]{2}|[1-9][0-9]{3}))|(0229(([0-9]{2})(0[48]|[2468][048]|[13579][26])|((0[48]|[2468][048]|[3579][26])00))),8,8,,You need input the date in MMDDYYYY format,[],"{""element"": ""input"", ""label"": ""Issue date"", ""maxlength"": 8, ""minlength"": 8, ""name"": ""DOI"", ""pattern"": ""((((0[13578]|1[02])(0[1-9]|[12][0-9]|3[01]))|((0[469]|11)(0[1-9]|[12][0-9]|30))|(02)(0[1-9]|[1][0-9]|2[0-8]))([0-9]{3}[1-9]|[0-9]{2}[1-9][0-9]{1}|[0-9]{1}[1-9][0-9]{2}|[1-9][0-9]{3}))|(0229(([0-9]{2})(0[48]|[2468][048]|[13579][26])|((0[48]|[2468][048]|[3579][26])00)))"", ""placeholder"": ""08262020"", ""required"": true, ""tooltip"": ""You need input the date in MMDDYYYY format"", ""value"": """"}"
GA_2019,Georgia,(Rev. 01/02/2019),DOE,1,DOE,Expiry date,input,True,01152026,((((0[13578]|1[02])(0[1-9]|[12][0-9]|3[01]))|((0[469]|11)(0[1-9]|[12][0-9]|30))|(02)(0[1-9]|[1][0-9]|2[0-8]))([0-9]{3}[1-9]|[0-9]{2}[1-9][0-9]{1}|[0-9]{1}[1-9][0-9]{2}|[1-9][0-9]{3}))|(0229(([0-9]{2})(0[48]|[2468][048]|[13579][26])|((0[48]|[2468][048]|[3579][26])00))),8,8,,Same month and day as in birth date. 6 years after the year of issue,[],"{""element"": ""input"", ""label"": ""Expiry date"", ""maxlength"": 8, ""minlength"": 8, ""name"": ""DOE"", ""pattern"": ""((((0[13578]|1[02])(0[1-9]|[12][0-9]|3[01]))|((0[469]|11)(0[1-9]|[12][0-9]|30))|(02)(0[1-9]|[1][0-9]|2[0-8]))([0-9]{3}[1-9]|[0-9]{2}[1-9][0-9]{1}|[0-9]{1}[1-9][0-9]{2}|[1-9][0-9]{3}))|(0229(([0-9]{2})(0[48]|[2468][048]|[13579][26])|((0[48]|[2468][048]|[3579][26])00)))"", ""placeholder"": ""01152026"", ""required"": true, ""tooltip"": ""Same month and day as in birth date. 6 years after the year of issue"", ""value"": """"}"
GA_2019,Georgia,(Rev. 01/02/2019),DD,1,DD,DD,input,True,026568004260034885,[0-9]{18},18,18,,11 random digits + '00' + 5 random digits. <br> You can click on the calculator icon to calculate DD <b>automatically!</b>,[],"{""element"": ""input"", ""label"": ""DD"", ""maxlength"": 18, ""minlength"": 18, ""name"": ""DD"", ""pattern"": ""[0-9]{18}"", ""placeholder"": ""026568004260034885"", ""required"": true, ""tooltip"": ""11 random digits + '00' + 5 random digits. <br> You can click on the calculator icon to calculate DD <b>automatically!</b>"", ""value"": """"}"
GA_2019,Georgia,(Rev. 01/02/2019),ICN,1,ICN,ICN,input,True,10001308391,[0-9]{11},11,11,,1000 + 7 random digits. You can click on the calculator icon to calculate ICN <b>automatically!</b>,[],"{""element"": ""input"", ""label"": ""ICN"", ""maxlength"": 11, ""minlength"": 11, ""name"": ""ICN"", ""pattern"": ""[0-9]{11}"", ""placeholder"": ""10001308391"", ""required"": true, ""tooltip"": ""1000 + 7 random digits. You can click on the calculator icon to calculate ICN <b>automatically!</b>"", ""value"": null}"
GA_2019,Georgia,(Rev. 01/02/2019),RESTRICTIONS,1,RESTRICTIONS,Restrictions,input,True,NONE,,,,NONE,,[],"{""element"": ""input"", ""label"": ""Restrictions"", ""name"": ""RESTRICTIONS"", ""pattern"": null, ""placeholder"": ""NONE"", ""required"": true, ""tooltip"": null, ""value"": ""NONE""}"
GA_2019,Georgia,(Rev. 01/02/2019),ENDORSEMENT,1,ENDORSEMENT,Endorsement,input,True,NONE,,,,NONE,,[],"{""element"": ""input"", ""label"": ""Endorsement"", ""name"": ""ENDORSEMENT"", ""pattern"": null, ""placeholder"": ""NONE"", ""required"": true, ""tooltip"": null, ""value"": ""NONE""}"
GA_2019,Georgia,(Rev. 01/02/2019),HEIGHT,1,HEIGHT,Height (in.),input,True,69,,,2,69,,[],"{""element"": ""input"", ""label"": ""Height (in.)"", ""maxlength"": 2, ""name"": ""HEIGHT"", ""pattern"": null, ""placeholder"": ""69"", ""required"": true, ""tooltip"": null, ""value"": ""69""}"
GA_2019,Georgia,(Rev. 01/02/2019),WEIGHT,1,WEIGHT,Weight (lb.),input,True,169,,,3,169,,[],"{""element"": ""input"", ""label"": ""Weight (lb.)"", ""maxlength"": 3, ""name"": ""WEIGHT"", ""pattern"": null, ""placeholder"": ""169"", ""required"": true, ""tooltip"": null, ""value"": ""169""}"
GA_2019,Georgia,(Rev. 01/02/2019),EYE,1,EYE,Eye (ANSI D-20),select,True,,,,,,,"[{""value"": """", ""label"": ""== Select ==""}, {""value"": ""BLK"", ""label"": ""BLK (Black)""}, {""value"": ""BLU"", ""label"": ""BLU (Blue)""}, {""value"": ""BRO"", ""label"": ""BRO (Brown)""}, {""value"": ""GRY"", ""label"": ""GRY (Gray)""}, {""value"": ""GRN"", ""label"": ""GRN (Green)""}, {""value"": ""HAZ"", ""label"": ""HAZ (Hazel)""}, {""value"": ""MAR"", ""label"": ""MAR (Maroon)""}, {""value"": ""PNK"", ""label"": ""PNK (Pink)""}, {""value"": ""DIC"", ""label"": ""DIC (Dichromatic)""}, {""value"": ""UNK"", ""label"": ""UNK (Unknown)""}]","{""element"": ""select"", ""label"": ""Eye (ANSI D-20)"", ""name"": ""EYE"", ""options"": [{""label"": ""== Select =="", ""value"": """"}, {""label"": ""BLK (Black)"", ""value"": ""BLK""}, {""label"": ""BLU (Blue)"", ""value"": ""BLU""}, {""label"": ""BRO (Brown)"", ""value"": ""BRO""}, {""label"": ""GRY (Gray)"", ""value"": ""GRY""}, {""label"": ""GRN (Green)"", ""value"": ""GRN""}, {""label"": ""HAZ (Hazel)"", ""value"": ""HAZ""}, {""label"": ""MAR (Maroon)"", ""value"": ""MAR""}, {""label"": ""PNK (Pink)"", ""value"": ""PNK""}, {""label"": ""DIC (Dichromatic)"", ""value"": ""DIC""}, {""label"": ""UNK (Unknown)"", ""value"": ""UNK""}], ""pattern"": null, ""placeholder"": null, ""required"": true, ""tooltip"": null, ""value"": null}"
GA_2019,Georgia,(Rev. 01/02/2019),COUNTRY,1,COUNTRY,Country,input,True,Gwinnett,,,,Gwinnett,,[],"{""element"": ""input"", ""label"": ""Country"", ""name"": ""COUNTRY"", ""pattern"": null, ""placeholder"": ""Gwinnett"", ""required"": true, ""tooltip"": null, ""value"": ""Gwinnett""}"
HI,Hawaii,,NUMBER,1,NUMBER,DL Number,input,True,H00716258,H[0-9]{8},9,9,,H + 8 digts. You can click on the calculator icon to calculate number <b>automatically!</b>,[],"{""element"": ""input"", ""label"": ""DL Number"", ""maxlength"": 9, ""minlength"": 9, ""name"": ""NUMBER"", ""pattern"": ""H[0-9]{8}"", ""placeholder"": ""H00716258"", ""required"": true, ""tooltip"": ""H + 8 digts. You can click on the calculator icon to calculate number <b>automatically!</b>"", ""value"": """"}"
HI,Hawaii,,LASTNAME,1,LASTNAME,Last name,input,True,Doe,[a-zA-Z\s]+,,,,,[],"{""element"": ""input"", ""label"": ""Last name"", ""name"": ""LASTNAME"", ""pattern"": ""[a-zA-Z\\s]+"", ""placeholder"": ""Doe"", ""required"": true, ""tooltip"": null, ""value"": """"}"
HI,Hawaii,,FIRSTNAME,1,FIRSTNAME,First name,input,True,John,[a-zA-Z\s]+,,,,,[],"{""element"": ""input"", ""label"": ""First name"", ""name"": ""FIRSTNAME"", ""pattern"": ""[a-zA-Z\\s]+"", ""placeholder"": ""John"", ""required"": true, ""tooltip"": null, ""value"": """"}"
HI,Hawaii,,MIDDLENAME,1,MIDDLENAME,Middle name,input,False,,,,,,This field is optional. You can click on the calculator icon to generate random name. Select gender in the field below to specify name gender.,[],"{""element"": ""input"", ""label"": ""Middle name"", ""name"": ""MIDDLENAME"", ""pattern"": null, ""placeholder"": """", ""required"": false, ""tooltip"": ""This field is optional. You can click on the calculator icon to generate random name. Select gender in the field below to specify name gender."", ""value"": """"}"
HI,Hawaii,,ADDRESS,1,ADDRESS,Address,input,True,1413 Hoohulu St,,,,1413 Hoohulu St,,[],"{""element"": ""input"", ""label"": ""Address"", ""name"": ""ADDRESS"", ""pattern"": null, ""placeholder"": ""1413 Hoohulu St"", ""required"": true, ""tooltip"": null, ""value"": ""1413 Hoohulu St""}"
HI,Hawaii,,CITY,1,CITY,City,input,True,Pearl City,,,,Pearl City,,[],"{""element"": ""input"", ""label"": ""City"", ""name"": ""CITY"", ""pattern"": null, ""placeholder"": ""Pearl City"", ""required"": true, ""tooltip"": null, ""value"": ""Pearl City""}"
HI,Hawaii,,ZIP,1,ZIP,Zip code,input,True,96782,[0-9]{5},5,5,96782,,[],"{""element"": ""input"", ""label"": ""Zip code"", ""maxlength"": 5, ""minlength"": 5, ""name"": ""ZIP"", ""pattern"": ""[0-9]{5}"", ""placeholder"": ""96782"", ""required"": true, ""tooltip"": null, ""value"": ""96782""}"
HI,Hawaii,,CLASS,1,CLASS,DL Class,input,True,3,[A-Z1-9]+,1,4,3,,[],"{""element"": ""input"", ""label"": ""DL Class"", ""maxlength"": 4, ""minlength"": 1, ""name"": ""CLASS"", ""pattern"": ""[A-Z1-9]+"", ""placeholder"": ""3"", ""required"": true, ""tooltip"": null, ""value"": ""3""}"
HI,Hawaii,,SEX,1,SEX,Sex,select,False,,,,,,,"[{""value"": ""M"", ""label"": ""M""}, {""value"": ""F"", ""label"": ""F""}]","{""element"": ""select"", ""label"": ""Sex"", ""name"": ""SEX"", ""options"": [{""label"": ""M"", ""value"": ""M""}, {""label"": ""F"", ""value"": ""F""}], ""pattern"": null, ""placeholder"": null, ""required"": false, ""tooltip"": null, ""value"": null}"
HI,Hawaii,,DONOR,1,DONOR,Donor,select,False,,,,,,,"[{""value"": ""NO"", ""label"": ""No""}, {""value"": ""YES"", ""label"": ""Yes""}]","{""element"": ""select"", ""label"": ""Donor"", ""name"": ""DONOR"", ""options"": [{""label"": ""No"", ""value"": ""NO""}, {""label"": ""Yes"", ""value"": ""YES""}], ""pattern"": null, ""placeholder"": null, ""required"": false, ""tooltip"": null, ""value"": null}"
HI,Hawaii,,DOB,1,DOB,Birth date,input,True,01151970,((((0[13578]|1[02])(0[1-9]|[12][0-9]|3[01]))|((0[469]|11)(0[1-9]|[12][0-9]|30))|(02)(0[1-9]|[1][0-9]|2[0-8]))([0-9]{3}[1-9]|[0-9]{2}[1-9][0-9]{1}|[0-9]{1}[1-9][0-9]{2}|[1-9][0-9]{3}))|(0229(([0-9]{2})(0[48]|[2468][048]|[13579][26])|((0[48]|[2468][048]|[3579][26])00))),8,8,,You need input the date in MMDDYYYY format,[],"{""element"": ""input"", ""label"": ""Birth date"", ""maxlength"": 8, ""minlength"": 8, ""name"": ""DOB"", ""pattern"": ""((((0[13578]|1[02])(0[1-9]|[12][0-9]|3[01]))|((0[469]|11)(0[1-9]|[12][0-9]|30))|(02)(0[1-9]|[1][0-9]|2[0-8]))([0-9]{3}[1-9]|[0-9]{2}[1-9][0-9]{1}|[0-9]{1}[1-9][0-9]{2}|[1-9][0-9]{3}))|(0229(([0-9]{2})(0[48]|[2468][048]|[13579][26])|((0[48]|[2468][048]|[3579][26])00)))"", ""placeholder"": ""01151970"", ""required"": true, ""tooltip"": ""You need input the date in MMDDYYYY format"", ""value"": """"}"
HI,Hawaii,,DOI,1,DOI,Issue date,input,True,08262020,((((0[13578]|1[02])(0[1-9]|[12][0-9]|3[01]))|((0[469]|11)(0[1-9]|[12][0-9]|30))|(02)(0[1-9]|[1][0-9]|2[0-8]))([0-9]{3}[1-9]|[0-9]{2}[1-9][0-9]{1}|[0-9]{1}[1-9][0-9]{2}|[1-9][0-9]{3}))|(0229(([0-9]{2})(0[48]|[2468][048]|[13579][26])|((0[48]|[2468][048]|[3579][26])00))),8,8,,You need input the date in MMDDYYYY format,[],"{""element"": ""input"", ""label"": ""Issue date"", ""maxlength"": 8, ""minlength"": 8, ""name"": ""DOI"", ""pattern"": ""((((0[13578]|1[02])(0[1-9]|[12][0-9]|3[01]))|((0[469]|11)(0[1-9]|[12][0-9]|30))|(02)(0[1-9]|[1][0-9]|2[0-8]))([0-9]{3}[1-9]|[0-9]{2}[1-9][0-9]{1}|[0-9]{1}[1-9][0-9]{2}|[1-9][0-9]{3}))|(0229(([0-9]{2})(0[48]|[2468][048]|[13579][26])|((0[48]|[2468][048]|[3579][26])00)))"", ""placeholder"": ""08262020"", ""required"": true, ""tooltip"": ""You need input the date in MMDDYYYY format"", ""value"": """"}"
HI,Hawaii,,DOE,1,DOE,Expiry date,input,True,06052028,((((0[13578]|1[02])(0[1-9]|[12][0-9]|3[01]))|((0[469]|11)(0[1-9]|[12][0-9]|30))|(02)(0[1-9]|[1][0-9]|2[0-8]))([0-9]{3}[1-9]|[0-9]{2}[1-9][0-9]{1}|[0-9]{1}[1-9][0-9]{2}|[1-9][0-9]{3}))|(0229(([0-9]{2})(0[48]|[2468][048]|[13579][26])|((0[48]|[2468][048]|[3579][26])00))),8,8,,Same month and day as in birth date. 8 years after the year of issue,[],"{""element"": ""input"", ""label"": ""Expiry date"", ""maxlength"": 8, ""minlength"": 8, ""name"": ""DOE"", ""pattern"": ""((((0[13578]|1[02])(0[1-9]|[12][0-9]|3[01]))|((0[469]|11)(0[1-9]|[12][0-9]|30))|(02)(0[1-9]|[1][0-9]|2[0-8]))([0-9]{3}[1-9]|[0-9]{2}[1-9][0-9]{1}|[0-9]{1}[1-9][0-9]{2}|[1-9][0-9]{3}))|(0229(([0-9]{2})(0[48]|[2468][048]|[13579][26])|((0[48]|[2468][048]|[3579][26])00)))"", ""placeholder"": ""06052028"", ""required"": true, ""tooltip"": ""Same month and day as in birth date. 8 years after the year of issue"", ""value"": """"}"
HI,Hawaii,,AUDIT,1,AUDIT,Audit Info,input,True,20200902_053001_2_690,,10,30,,Issue date + 6 days (YYYYMMDD) + _053001_2_ + digits. You can click on the calculator icon to calculate ICN <b>automatically!</b>,[],"{""element"": ""input"", ""label"": ""Audit Info"", ""maxlength"": 30, ""minlength"": 10, ""name"": ""AUDIT"", ""pattern"": null, ""placeholder"": ""20200902_053001_2_690"", ""required"": true, ""tooltip"": ""Issue date + 6 days (YYYYMMDD) + _053001_2_ + digits. You can click on the calculator icon to calculate ICN <b>automatically!</b>"", ""value"": null}"
HI,Hawaii,,DD,1,DD,DD,input,True,20200826662548377772-ICWH,,10,34,,Issue date (YYYYMMDD) + digts and letters. You can click on the calculator icon to calculate DD <b>automatically!</b>,[],"{""element"": ""input"", ""label"": ""DD"", ""maxlength"": 34, ""minlength"": 10, ""name"": ""DD"", ""pattern"": null, ""placeholder"": ""20200826662548377772-ICWH"", ""required"": true, ""tooltip"": ""Issue date (YYYYMMDD) + digts and letters. You can click on the calculator icon to calculate DD <b>automatically!</b>"", ""value"": null}"
HI,Hawaii,,RESTRICTIONS,1,RESTRICTIONS,Restrictions,input,True,NONE,,,,NONE,,[],"{""element"": ""input"", ""label"": ""Restrictions"", ""name"": ""RESTRICTIONS"", ""pattern"": null, ""placeholder"": ""NONE"", ""required"": true, ""tooltip"": null, ""value"": ""NONE""}"
HI,Hawaii,,ENDORSEMENT,1,ENDORSEMENT,Endorsement,input,True,NONE,,,,NONE,,[],"{""element"": ""input"", ""label"": ""Endorsement"", ""name"": ""ENDORSEMENT"", ""pattern"": null, ""placeholder"": ""NONE"", ""required"": true, ""tooltip"": null, ""value"": ""NONE""}"
HI,Hawaii,,HEIGHT,1,HEIGHT,Height (in.),input,True,69,,,2,69,,[],"{""element"": ""input"", ""label"": ""Height (in.)"", ""maxlength"": 2, ""name"": ""HEIGHT"", ""pattern"": null, ""placeholder"": ""69"", ""required"": true, ""tooltip"": null, ""value"": ""69""}"
HI,Hawaii,,EYE,1,EYE,Eye (ANSI D-20),select,True,,,,,,,"[{""value"": """", ""label"": ""== Select ==""}, {""value"": ""BLK"", ""label"": ""BLK (Black)""}, {""value"": ""BLU"", ""label"": ""BLU (Blue)""}, {""value"": ""BRO"", ""label"": ""BRO (Brown)""}, {""value"": ""GRY"", ""label"": ""GRY (Gray)""}, {""value"": ""GRN"", ""label"": ""GRN (Green)""}, {""value"": ""HAZ"", ""label"": ""HAZ (Hazel)""}, {""value"": ""MAR"", ""label"": ""MAR (Maroon)""}, {""value"": ""PNK"", ""label"": ""PNK (Pink)""}, {""value"": ""DIC"", ""label"": ""DIC (Dichromatic)""}, {""value"": ""UNK"", ""label"": ""UNK (Unknown)""}]","{""element"": ""select"", ""label"": ""Eye (ANSI D-20)"", ""name"": ""EYE"", ""options"": [{""label"": ""== Select =="", ""value"": """"}, {""label"": ""BLK (Black)"", ""value"": ""BLK""}, {""label"": ""BLU (Blue)"", ""value"": ""BLU""}, {""label"": ""BRO (Brown)"", ""value"": ""BRO""}, {""label"": ""GRY (Gray)"", ""value"": ""GRY""}, {""label"": ""GRN (Green)"", ""value"": ""GRN""}, {""label"": ""HAZ (Hazel)"", ""value"": ""HAZ""}, {""label"": ""MAR (Maroon)"", ""value"": ""MAR""}, {""label"": ""PNK (Pink)"", ""value"": ""PNK""}, {""label"": ""DIC (Dichromatic)"", ""value"": ""DIC""}, {""label"": ""UNK (Unknown)"", ""value"": ""UNK""}], ""pattern"": null, ""placeholder"": null, ""required"": true, ""tooltip"": null, ""value"": null}"
HI,Hawaii,,HAIR,1,HAIR,Hair (ANSI D-20),select,True,,,,,,,"[{""value"": """", ""label"": ""== Select ==""}, {""value"": ""BLK"", ""label"": ""BLK (Black)""}, {""value"": ""BLN"", ""label"": ""BLN (Blond)""}, {""value"": ""BRO"", ""label"": ""BRO (Brown)""}, {""value"": ""GRY"", ""label"": ""GRY (Grey)""}, {""value"": ""RED"", ""label"": ""RED (Red/Auburn)""}, {""value"": ""SDY"", ""label"": ""SDY (Sandy)""}, {""value"": ""WHI"", ""label"": ""WHI (White)""}, {""value"": ""UNK"", ""label"": ""UNK (Unknown)""}, {""value"": ""BAL"", ""label"": ""BAL (Bald)""}]","{""element"": ""select"", ""label"": ""Hair (ANSI D-20)"", ""name"": ""HAIR"", ""options"": [{""label"": ""== Select =="", ""value"": """"}, {""label"": ""BLK (Black)"", ""value"": ""BLK""}, {""label"": ""BLN (Blond)"", ""value"": ""BLN""}, {""label"": ""BRO (Brown)"", ""value"": ""BRO""}, {""label"": ""GRY (Grey)"", ""value"": ""GRY""}, {""label"": ""RED (Red/Auburn)"", ""value"": ""RED""}, {""label"": ""SDY (Sandy)"", ""value"": ""SDY""}, {""label"": ""WHI (White)"", ""value"": ""WHI""}, {""label"": ""UNK (Unknown)"", ""value"": ""UNK""}, {""label"": ""BAL (Bald)"", ""value"": ""BAL""}], ""pattern"": null, ""placeholder"": null, ""required"": true, ""tooltip"": null, ""value"": null}"
ID,Idaho,Rev. 09/05/2016 (0800),NUMBER,1,NUMBER,DL Number,input,True,DX121380D,[a-zA-Z]{2}[0-9]{6}[a-zA-Z],9,9,,2 letters + six digits + letter. You can click on the calculator icon to calculate number <b>automatically!</b>,[],"{""element"": ""input"", ""label"": ""DL Number"", ""maxlength"": 9, ""minlength"": 9, ""name"": ""NUMBER"", ""pattern"": ""[a-zA-Z]{2}[0-9]{6}[a-zA-Z]"", ""placeholder"": ""DX121380D"", ""required"": true, ""tooltip"": ""2 letters + six digits + letter. You can click on the calculator icon to calculate number <b>automatically!</b>"", ""value"": """"}"
ID,Idaho,Rev. 09/05/2016 (0800),LASTNAME,1,LASTNAME,Last name,input,True,Doe,[a-zA-Z\s]+,,,,,[],"{""element"": ""input"", ""label"": ""Last name"", ""name"": ""LASTNAME"", ""pattern"": ""[a-zA-Z\\s]+"", ""placeholder"": ""Doe"", ""required"": true, ""tooltip"": null, ""value"": """"}"
ID,Idaho,Rev. 09/05/2016 (0800),FIRSTNAME,1,FIRSTNAME,First name,input,True,John,[a-zA-Z\s]+,,,,,[],"{""element"": ""input"", ""label"": ""First name"", ""name"": ""FIRSTNAME"", ""pattern"": ""[a-zA-Z\\s]+"", ""placeholder"": ""John"", ""required"": true, ""tooltip"": null, ""value"": """"}"
ID,Idaho,Rev. 09/05/2016 (0800),MIDDLENAME,1,MIDDLENAME,Middle name,input,False,,,,,,This field is optional. You can click on the calculator icon to generate random name. Select gender in the field below to specify name gender.,[],"{""element"": ""input"", ""label"": ""Middle name"", ""name"": ""MIDDLENAME"", ""pattern"": null, ""placeholder"": """", ""required"": false, ""tooltip"": ""This field is optional. You can click on the calculator icon to generate random name. Select gender in the field below to specify name gender."", ""value"": """"}"
ID,Idaho,Rev. 09/05/2016 (0800),ADDRESS,1,ADDRESS,Address,input,True,1341 W Ann Taylor St,,,,1341 W Ann Taylor St,,[],"{""element"": ""input"", ""label"": ""Address"", ""name"": ""ADDRESS"", ""pattern"": null, ""placeholder"": ""1341 W Ann Taylor St"", ""required"": true, ""tooltip"": null, ""value"": ""1341 W Ann Taylor St""}"
ID,Idaho,Rev. 09/05/2016 (0800),CITY,1,CITY,City,input,True,Meridian,,,,Meridian,,[],"{""element"": ""input"", ""label"": ""City"", ""name"": ""CITY"", ""pattern"": null, ""placeholder"": ""Meridian"", ""required"": true, ""tooltip"": null, ""value"": ""Meridian""}"
ID,Idaho,Rev. 09/05/2016 (0800),ZIP,1,ZIP,Zip code,input,True,836464074,[0-9]{9},9,9,836464074,,[],"{""element"": ""input"", ""label"": ""Zip code"", ""maxlength"": 9, ""minlength"": 9, ""name"": ""ZIP"", ""pattern"": ""[0-9]{9}"", ""placeholder"": ""836464074"", ""required"": true, ""tooltip"": null, ""value"": ""836464074""}"
ID,Idaho,Rev. 09/05/2016 (0800),CLASS,1,CLASS,DL Class,input,True,D,[A-Z1-9]+,1,4,D,,[],"{""element"": ""input"", ""label"": ""DL Class"", ""maxlength"": 4, ""minlength"": 1, ""name"": ""CLASS"", ""pattern"": ""[A-Z1-9]+"", ""placeholder"": ""D"", ""required"": true, ""tooltip"": null, ""value"": ""D""}"
ID,Idaho,Rev. 09/05/2016 (0800),SEX,1,SEX,Sex,select,False,,,,,,,"[{""value"": ""M"", ""label"": ""M""}, {""value"": ""F"", ""label"": ""F""}]","{""element"": ""select"", ""label"": ""Sex"", ""name"": ""SEX"", ""options"": [{""label"": ""M"", ""value"": ""M""}, {""label"": ""F"", ""value"": ""F""}], ""pattern"": null, ""placeholder"": null, ""required"": false, ""tooltip"": null, ""value"": null}"
ID,Idaho,Rev. 09/05/2016 (0800),DONOR,1,DONOR,Donor,select,False,,,,,,,"[{""value"": ""NO"", ""label"": ""No""}, {""value"": ""YES"", ""label"": ""Yes""}]","{""element"": ""select"", ""label"": ""Donor"", ""name"": ""DONOR"", ""options"": [{""label"": ""No"", ""value"": ""NO""}, {""label"": ""Yes"", ""value"": ""YES""}], ""pattern"": null, ""placeholder"": null, ""required"": false, ""tooltip"": null, ""value"": null}"
ID,Idaho,Rev. 09/05/2016 (0800),DOB,1,DOB,Birth date,input,True,01151970,((((0[13578]|1[02])(0[1-9]|[12][0-9]|3[01]))|((0[469]|11)(0[1-9]|[12][0-9]|30))|(02)(0[1-9]|[1][0-9]|2[0-8]))([0-9]{3}[1-9]|[0-9]{2}[1-9][0-9]{1}|[0-9]{1}[1-9][0-9]{2}|[1-9][0-9]{3}))|(0229(([0-9]{2})(0[48]|[2468][048]|[13579][26])|((0[48]|[2468][048]|[3579][26])00))),8,8,,You need input the date in MMDDYYYY format,[],"{""element"": ""input"", ""label"": ""Birth date"", ""maxlength"": 8, ""minlength"": 8, ""name"": ""DOB"", ""pattern"": ""((((0[13578]|1[02])(0[1-9]|[12][0-9]|3[01]))|((0[469]|11)(0[1-9]|[12][0-9]|30))|(02)(0[1-9]|[1][0-9]|2[0-8]))([0-9]{3}[1-9]|[0-9]{2}[1-9][0-9]{1}|[0-9]{1}[1-9][0-9]{2}|[1-9][0-9]{3}))|(0229(([0-9]{2})(0[48]|[2468][048]|[13579][26])|((0[48]|[2468][048]|[3579][26])00)))"", ""placeholder"": ""01151970"", ""required"": true, ""tooltip"": ""You need input the date in MMDDYYYY format"", ""value"": """"}"
ID,Idaho,Rev. 09/05/2016 (0800),DOI,1,DOI,Issue date,input,True,08262018,((((0[13578]|1[02])(0[1-9]|[12][0-9]|3[01]))|((0[469]|11)(0[1-9]|[12][0-9]|30))|(02)(0[1-9]|[1][0-9]|2[0-8]))([0-9]{3}[1-9]|[0-9]{2}[1-9][0-9]{1}|[0-9]{1}[1-9][0-9]{2}|[1-9][0-9]{3}))|(0229(([0-9]{2})(0[48]|[2468][048]|[13579][26])|((0[48]|[2468][048]|[3579][26])00))),8,8,,You need input the date in MMDDYYYY format,[],"{""element"": ""input"", ""label"": ""Issue date"", ""maxlength"": 8, ""minlength"": 8, ""name"": ""DOI"", ""pattern"": ""((((0[13578]|1[02])(0[1-9]|[12][0-9]|3[01]))|((0[469]|11)(0[1-9]|[12][0-9]|30))|(02)(0[1-9]|[1][0-9]|2[0-8]))([0-9]{3}[1-9]|[0-9]{2}[1-9][0-9]{1}|[0-9]{1}[1-9][0-9]{2}|[1-9][0-9]{3}))|(0229(([0-9]{2})(0[48]|[2468][048]|[13579][26])|((0[48]|[2468][048]|[3579][26])00)))"", ""placeholder"": ""08262018"", ""required"": true, ""tooltip"": ""You need input the date in MMDDYYYY format"", ""value"": """"}"
ID,Idaho,Rev. 09/05/2016 (0800),DOE,1,DOE,Expiry date,input,True,01152026,((((0[13578]|1[02])(0[1-9]|[12][0-9]|3[01]))|((0[469]|11)(0[1-9]|[12][0-9]|30))|(02)(0[1-9]|[1][0-9]|2[0-8]))([0-9]{3}[1-9]|[0-9]{2}[1-9][0-9]{1}|[0-9]{1}[1-9][0-9]{2}|[1-9][0-9]{3}))|(0229(([0-9]{2})(0[48]|[2468][048]|[13579][26])|((0[48]|[2468][048]|[3579][26])00))),8,8,,Same month and day as in birth date. 6 years after the year of issue,[],"{""element"": ""input"", ""label"": ""Expiry date"", ""maxlength"": 8, ""minlength"": 8, ""name"": ""DOE"", ""pattern"": ""((((0[13578]|1[02])(0[1-9]|[12][0-9]|3[01]))|((0[469]|11)(0[1-9]|[12][0-9]|30))|(02)(0[1-9]|[1][0-9]|2[0-8]))([0-9]{3}[1-9]|[0-9]{2}[1-9][0-9]{1}|[0-9]{1}[1-9][0-9]{2}|[1-9][0-9]{3}))|(0229(([0-9]{2})(0[48]|[2468][048]|[13579][26])|((0[48]|[2468][048]|[3579][26])00)))"", ""placeholder"": ""01152026"", ""required"": true, ""tooltip"": ""Same month and day as in birth date. 6 years after the year of issue"", ""value"": """"}"
ID,Idaho,Rev. 09/05/2016 (0800),ICN,1,ICN,ICN,input,True,0001700735,000[0-9]{7},10,10,,'000' + 7 digits. You can click on the calculator icon to calculate ICN <b>automatically!</b>,[],"{""element"": ""input"", ""label"": ""ICN"", ""maxlength"": 10, ""minlength"": 10, ""name"": ""ICN"", ""pattern"": ""000[0-9]{7}"", ""placeholder"": ""0001700735"", ""required"": true, ""tooltip"": ""'000' + 7 digits. You can click on the calculator icon to calculate ICN <b>automatically!</b>"", ""value"": null}"
ID,Idaho,Rev. 09/05/2016 (0800),DD,1,DD,DD,input,True,010170050042,[0-9]{12},12,12,,You can click on the calculator icon to calculate DD <b>automatically!</b>,[],"{""element"": ""input"", ""label"": ""DD"", ""maxlength"": 12, ""minlength"": 12, ""name"": ""DD"", ""pattern"": ""[0-9]{12}"", ""placeholder"": ""010170050042"", ""required"": true, ""tooltip"": ""You can click on the calculator icon to calculate DD <b>automatically!</b>"", ""value"": null}"
ID,Idaho,Rev. 09/05/2016 (0800),RESTRICTIONS,1,RESTRICTIONS,Restrictions,input,True,NONE,,,,NONE,,[],"{""element"": ""input"", ""label"": ""Restrictions"", ""name"": ""RESTRICTIONS"", ""pattern"": null, ""placeholder"": ""NONE"", ""required"": true, ""tooltip"": null, ""value"": ""NONE""}"
ID,Idaho,Rev. 09/05/2016 (0800),ENDORSEMENT,1,ENDORSEMENT,Endorsement,input,True,NONE,,,,NONE,,[],"{""element"": ""input"", ""label"": ""Endorsement"", ""name"": ""ENDORSEMENT"", ""pattern"": null, ""placeholder"": ""NONE"", ""required"": true, ""tooltip"": null, ""value"": ""NONE""}"
ID,Idaho,Rev. 09/05/2016 (0800),HEIGHT,1,HEIGHT,Height (in.),input,True,69,,,2,69,,[],"{""element"": ""input"", ""label"": ""Height (in.)"", ""maxlength"": 2, ""name"": ""HEIGHT"", ""pattern"": null, ""placeholder"": ""69"", ""required"": true, ""tooltip"": null, ""value"": ""69""}"
ID,Idaho,Rev. 09/05/2016 (0800),WEIGHT,1,WEIGHT,Weight (lb.),input,True,169,,,3,169,,[],"{""element"": ""input"", ""label"": ""Weight (lb.)"", ""maxlength"": 3, ""name"": ""WEIGHT"", ""pattern"": null, ""placeholder"": ""169"", ""required"": true, ""tooltip"": null, ""value"": ""169""}"
ID,Idaho,Rev. 09/05/2016 (0800),EYE,1,EYE,Eye (ANSI D-20),select,True,,,,,,,"[{""value"": """", ""label"": ""== Select ==""}, {""value"": ""BLK"", ""label"": ""BLK (Black)""}, {""value"": ""BLU"", ""label"": ""BLU (Blue)""}, {""value"": ""BRO"", ""label"": ""BRO (Brown)""}, {""value"": ""GRY"", ""label"": ""GRY (Gray)""}, {""value"": ""GRN"", ""label"": ""GRN (Green)""}, {""value"": ""HAZ"", ""label"": ""HAZ (Hazel)""}, {""value"": ""MAR"", ""label"": ""MAR (Maroon)""}, {""value"": ""PNK"", ""label"": ""PNK (Pink)""}, {""value"": ""DIC"", ""label"": ""DIC (Dichromatic)""}, {""value"": ""UNK"", ""label"": ""UNK (Unknown)""}]","{""element"": ""select"", ""label"": ""Eye (ANSI D-20)"", ""name"": ""EYE"", ""options"": [{""label"": ""== Select =="", ""value"": """"}, {""label"": ""BLK (Black)"", ""value"": ""BLK""}, {""label"": ""BLU (Blue)"", ""value"": ""BLU""}, {""label"": ""BRO (Brown)"", ""value"": ""BRO""}, {""label"": ""GRY (Gray)"", ""value"": ""GRY""}, {""label"": ""GRN (Green)"", ""value"": ""GRN""}, {""label"": ""HAZ (Hazel)"", ""value"": ""HAZ""}, {""label"": ""MAR (Maroon)"", ""value"": ""MAR""}, {""label"": ""PNK (Pink)"", ""value"": ""PNK""}, {""label"": ""DIC (Dichromatic)"", ""value"": ""DIC""}, {""label"": ""UNK (Unknown)"", ""value"": ""UNK""}], ""pattern"": null, ""placeholder"": null, ""required"": true, ""tooltip"": null, ""value"": null}"
ID,Idaho,Rev. 09/05/2016 (0800),HAIR,1,HAIR,Hair (ANSI D-20),select,True,,,,,,,"[{""value"": """", ""label"": ""== Select ==""}, {""value"": ""BLK"", ""label"": ""BLK (Black)""}, {""value"": ""BLN"", ""label"": ""BLN (Blond)""}, {""value"": ""BRO"", ""label"": ""BRO (Brown)""}, {""value"": ""GRY"", ""label"": ""GRY (Grey)""}, {""value"": ""RED"", ""label"": ""RED (Red/Auburn)""}, {""value"": ""SDY"", ""label"": ""SDY (Sandy)""}, {""value"": ""WHI"", ""label"": ""WHI (White)""}, {""value"": ""UNK"", ""label"": ""UNK (Unknown)""}, {""value"": ""BAL"", ""label"": ""BAL (Bald)""}]","{""element"": ""select"", ""label"": ""Hair (ANSI D-20)"", ""name"": ""HAIR"", ""options"": [{""label"": ""== Select =="", ""value"": """"}, {""label"": ""BLK (Black)"", ""value"": ""BLK""}, {""label"": ""BLN (Blond)"", ""value"": ""BLN""}, {""label"": ""BRO (Brown)"", ""value"": ""BRO""}, {""label"": ""GRY (Grey)"", ""value"": ""GRY""}, {""label"": ""RED (Red/Auburn)"", ""value"": ""RED""}, {""label"": ""SDY (Sandy)"", ""value"": ""SDY""}, {""label"": ""WHI (White)"", ""value"": ""WHI""}, {""label"": ""UNK (Unknown)"", ""value"": ""UNK""}, {""label"": ""BAL (Bald)"", ""value"": ""BAL""}], ""pattern"": null, ""placeholder"": null, ""required"": true, ""tooltip"": null, ""value"": null}"
ID,Idaho,Rev. 09/05/2016 (0800),REALID,1,REALID,Is REAL ID,select,False,,,,,,"Idaho started issuing REAL ID compliant cards on 01/01/2018. If the card issue date is before this date, do not select REAL ID compliant.","[{""value"": ""F"", ""label"": ""Yes""}, {""value"": ""N"", ""label"": ""No""}]","{""element"": ""select"", ""label"": ""Is REAL ID"", ""name"": ""REALID"", ""options"": [{""label"": ""Yes"", ""value"": ""F""}, {""label"": ""No"", ""value"": ""N""}], ""pattern"": null, ""placeholder"": null, ""required"": false, ""tooltip"": ""Idaho started issuing REAL ID compliant cards on 01/01/2018. If the card issue date is before this date, do not select REAL ID compliant."", ""value"": null}"
ID_2023,Idaho,Rev. 01/31/2023 (1009),NUMBER,1,NUMBER,DL Number,input,True,DX121380D,[a-zA-Z]{2}[0-9]{6}[a-zA-Z],9,9,,2 letters + six digits + letter. You can click on the calculator icon to calculate number <b>automatically!</b>,[],"{""element"": ""input"", ""label"": ""DL Number"", ""maxlength"": 9, ""minlength"": 9, ""name"": ""NUMBER"", ""pattern"": ""[a-zA-Z]{2}[0-9]{6}[a-zA-Z]"", ""placeholder"": ""DX121380D"", ""required"": true, ""tooltip"": ""2 letters + six digits + letter. You can click on the calculator icon to calculate number <b>automatically!</b>"", ""value"": """"}"
ID_2023,Idaho,Rev. 01/31/2023 (1009),LASTNAME,1,LASTNAME,Last name,input,True,Doe,[a-zA-Z\s]+,,,,,[],"{""element"": ""input"", ""label"": ""Last name"", ""name"": ""LASTNAME"", ""pattern"": ""[a-zA-Z\\s]+"", ""placeholder"": ""Doe"", ""required"": true, ""tooltip"": null, ""value"": """"}"
ID_2023,Idaho,Rev. 01/31/2023 (1009),FIRSTNAME,1,FIRSTNAME,First name,input,True,John,[a-zA-Z\s]+,,,,,[],"{""element"": ""input"", ""label"": ""First name"", ""name"": ""FIRSTNAME"", ""pattern"": ""[a-zA-Z\\s]+"", ""placeholder"": ""John"", ""required"": true, ""tooltip"": null, ""value"": """"}"
ID_2023,Idaho,Rev. 01/31/2023 (1009),MIDDLENAME,1,MIDDLENAME,Middle name,input,False,,,,,,This field is optional. You can click on the calculator icon to generate random name. Select gender in the field below to specify name gender.,[],"{""element"": ""input"", ""label"": ""Middle name"", ""name"": ""MIDDLENAME"", ""pattern"": null, ""placeholder"": """", ""required"": false, ""tooltip"": ""This field is optional. You can click on the calculator icon to generate random name. Select gender in the field below to specify name gender."", ""value"": """"}"
ID_2023,Idaho,Rev. 01/31/2023 (1009),ADDRESS,1,ADDRESS,Address,input,True,1341 W Ann Taylor St,,,,1341 W Ann Taylor St,,[],"{""element"": ""input"", ""label"": ""Address"", ""name"": ""ADDRESS"", ""pattern"": null, ""placeholder"": ""1341 W Ann Taylor St"", ""required"": true, ""tooltip"": null, ""value"": ""1341 W Ann Taylor St""}"
ID_2023,Idaho,Rev. 01/31/2023 (1009),CITY,1,CITY,City,input,True,Meridian,,,,Meridian,,[],"{""element"": ""input"", ""label"": ""City"", ""name"": ""CITY"", ""pattern"": null, ""placeholder"": ""Meridian"", ""required"": true, ""tooltip"": null, ""value"": ""Meridian""}"
ID_2023,Idaho,Rev. 01/31/2023 (1009),ZIP,1,ZIP,Zip code,input,True,836464074,[0-9]{9},9,9,836464074,,[],"{""element"": ""input"", ""label"": ""Zip code"", ""maxlength"": 9, ""minlength"": 9, ""name"": ""ZIP"", ""pattern"": ""[0-9]{9}"", ""placeholder"": ""836464074"", ""required"": true, ""tooltip"": null, ""value"": ""836464074""}"
ID_2023,Idaho,Rev. 01/31/2023 (1009),CLASS,1,CLASS,DL Class,input,True,D,[A-Z1-9]+,1,4,D,,[],"{""element"": ""input"", ""label"": ""DL Class"", ""maxlength"": 4, ""minlength"": 1, ""name"": ""CLASS"", ""pattern"": ""[A-Z1-9]+"", ""placeholder"": ""D"", ""required"": true, ""tooltip"": null, ""value"": ""D""}"
ID_2023,Idaho,Rev. 01/31/2023 (1009),SEX,1,SEX,Sex,select,False,,,,,,,"[{""value"": ""M"", ""label"": ""M""}, {""value"": ""F"", ""label"": ""F""}]","{""element"": ""select"", ""label"": ""Sex"", ""name"": ""SEX"", ""options"": [{""label"": ""M"", ""value"": ""M""}, {""label"": ""F"", ""value"": ""F""}], ""pattern"": null, ""placeholder"": null, ""required"": false, ""tooltip"": null, ""value"": null}"
ID_2023,Idaho,Rev. 01/31/2023 (1009),DONOR,1,DONOR,Donor,select,False,,,,,,,"[{""value"": ""NO"", ""label"": ""No""}, {""value"": ""YES"", ""label"": ""Yes""}]","{""element"": ""select"", ""label"": ""Donor"", ""name"": ""DONOR"", ""options"": [{""label"": ""No"", ""value"": ""NO""}, {""label"": ""Yes"", ""value"": ""YES""}], ""pattern"": null, ""placeholder"": null, ""required"": false, ""tooltip"": null, ""value"": null}"
ID_2023,Idaho,Rev. 01/31/2023 (1009),DOB,1,DOB,Birth date,input,True,01151970,((((0[13578]|1[02])(0[1-9]|[12][0-9]|3[01]))|((0[469]|11)(0[1-9]|[12][0-9]|30))|(02)(0[1-9]|[1][0-9]|2[0-8]))([0-9]{3}[1-9]|[0-9]{2}[1-9][0-9]{1}|[0-9]{1}[1-9][0-9]{2}|[1-9][0-9]{3}))|(0229(([0-9]{2})(0[48]|[2468][048]|[13579][26])|((0[48]|[2468][048]|[3579][26])00))),8,8,,You need input the date in MMDDYYYY format,[],"{""element"": ""input"", ""label"": ""Birth date"", ""maxlength"": 8, ""minlength"": 8, ""name"": ""DOB"", ""pattern"": ""((((0[13578]|1[02])(0[1-9]|[12][0-9]|3[01]))|((0[469]|11)(0[1-9]|[12][0-9]|30))|(02)(0[1-9]|[1][0-9]|2[0-8]))([0-9]{3}[1-9]|[0-9]{2}[1-9][0-9]{1}|[0-9]{1}[1-9][0-9]{2}|[1-9][0-9]{3}))|(0229(([0-9]{2})(0[48]|[2468][048]|[13579][26])|((0[48]|[2468][048]|[3579][26])00)))"", ""placeholder"": ""01151970"", ""required"": true, ""tooltip"": ""You need input the date in MMDDYYYY format"", ""value"": """"}"
ID_2023,Idaho,Rev. 01/31/2023 (1009),DOI,1,DOI,Issue date,input,True,08262018,((((0[13578]|1[02])(0[1-9]|[12][0-9]|3[01]))|((0[469]|11)(0[1-9]|[12][0-9]|30))|(02)(0[1-9]|[1][0-9]|2[0-8]))([0-9]{3}[1-9]|[0-9]{2}[1-9][0-9]{1}|[0-9]{1}[1-9][0-9]{2}|[1-9][0-9]{3}))|(0229(([0-9]{2})(0[48]|[2468][048]|[13579][26])|((0[48]|[2468][048]|[3579][26])00))),8,8,,You need input the date in MMDDYYYY format,[],"{""element"": ""input"", ""label"": ""Issue date"", ""maxlength"": 8, ""minlength"": 8, ""name"": ""DOI"", ""pattern"": ""((((0[13578]|1[02])(0[1-9]|[12][0-9]|3[01]))|((0[469]|11)(0[1-9]|[12][0-9]|30))|(02)(0[1-9]|[1][0-9]|2[0-8]))([0-9]{3}[1-9]|[0-9]{2}[1-9][0-9]{1}|[0-9]{1}[1-9][0-9]{2}|[1-9][0-9]{3}))|(0229(([0-9]{2})(0[48]|[2468][048]|[13579][26])|((0[48]|[2468][048]|[3579][26])00)))"", ""placeholder"": ""08262018"", ""required"": true, ""tooltip"": ""You need input the date in MMDDYYYY format"", ""value"": """"}"
ID_2023,Idaho,Rev. 01/31/2023 (1009),DOE,1,DOE,Expiry date,input,True,01152026,((((0[13578]|1[02])(0[1-9]|[12][0-9]|3[01]))|((0[469]|11)(0[1-9]|[12][0-9]|30))|(02)(0[1-9]|[1][0-9]|2[0-8]))([0-9]{3}[1-9]|[0-9]{2}[1-9][0-9]{1}|[0-9]{1}[1-9][0-9]{2}|[1-9][0-9]{3}))|(0229(([0-9]{2})(0[48]|[2468][048]|[13579][26])|((0[48]|[2468][048]|[3579][26])00))),8,8,,Same month and day as in birth date. 6 years after the year of issue,[],"{""element"": ""input"", ""label"": ""Expiry date"", ""maxlength"": 8, ""minlength"": 8, ""name"": ""DOE"", ""pattern"": ""((((0[13578]|1[02])(0[1-9]|[12][0-9]|3[01]))|((0[469]|11)(0[1-9]|[12][0-9]|30))|(02)(0[1-9]|[1][0-9]|2[0-8]))([0-9]{3}[1-9]|[0-9]{2}[1-9][0-9]{1}|[0-9]{1}[1-9][0-9]{2}|[1-9][0-9]{3}))|(0229(([0-9]{2})(0[48]|[2468][048]|[13579][26])|((0[48]|[2468][048]|[3579][26])00)))"", ""placeholder"": ""01152026"", ""required"": true, ""tooltip"": ""Same month and day as in birth date. 6 years after the year of issue"", ""value"": """"}"
ID_2023,Idaho,Rev. 01/31/2023 (1009),ICN,1,ICN,ICN,input,True,MT942941H147175001,[a-zA-Z0-9]{18},18,18,,18 characters. You can click on the calculator icon to calculate ICN <b>automatically!</b>,[],"{""element"": ""input"", ""label"": ""ICN"", ""maxlength"": 18, ""minlength"": 18, ""name"": ""ICN"", ""pattern"": ""[a-zA-Z0-9]{18}"", ""placeholder"": ""MT942941H147175001"", ""required"": true, ""tooltip"": ""18 characters. You can click on the calculator icon to calculate ICN <b>automatically!</b>"", ""value"": null}"
ID_2023,Idaho,Rev. 01/31/2023 (1009),DD,1,DD,DD,input,True,748649745263992,[0-9]{15},15,15,,15 digits. You can click on the calculator icon to calculate DD <b>automatically!</b>,[],"{""element"": ""input"", ""label"": ""DD"", ""maxlength"": 15, ""minlength"": 15, ""name"": ""DD"", ""pattern"": ""[0-9]{15}"", ""placeholder"": ""748649745263992"", ""required"": true, ""tooltip"": ""15 digits. You can click on the calculator icon to calculate DD <b>automatically!</b>"", ""value"": null}"
ID_2023,Idaho,Rev. 01/31/2023 (1009),RESTRICTIONS,1,RESTRICTIONS,Restrictions,input,True,NONE,,,,NONE,,[],"{""element"": ""input"", ""label"": ""Restrictions"", ""name"": ""RESTRICTIONS"", ""pattern"": null, ""placeholder"": ""NONE"", ""required"": true, ""tooltip"": null, ""value"": ""NONE""}"
ID_2023,Idaho,Rev. 01/31/2023 (1009),ENDORSEMENT,1,ENDORSEMENT,Endorsement,input,True,NONE,,,,NONE,,[],"{""element"": ""input"", ""label"": ""Endorsement"", ""name"": ""ENDORSEMENT"", ""pattern"": null, ""placeholder"": ""NONE"", ""required"": true, ""tooltip"": null, ""value"": ""NONE""}"
ID_2023,Idaho,Rev. 01/31/2023 (1009),HEIGHT,1,HEIGHT,Height (in.),input,True,69,,,2,69,,[],"{""element"": ""input"", ""label"": ""Height (in.)"", ""maxlength"": 2, ""name"": ""HEIGHT"", ""pattern"": null, ""placeholder"": ""69"", ""required"": true, ""tooltip"": null, ""value"": ""69""}"
ID_2023,Idaho,Rev. 01/31/2023 (1009),WEIGHT,1,WEIGHT,Weight (lb.),input,True,169,,,3,169,,[],"{""element"": ""input"", ""label"": ""Weight (lb.)"", ""maxlength"": 3, ""name"": ""WEIGHT"", ""pattern"": null, ""placeholder"": ""169"", ""required"": true, ""tooltip"": null, ""value"": ""169""}"
ID_2023,Idaho,Rev. 01/31/2023 (1009),EYE,1,EYE,Eye (ANSI D-20),select,True,,,,,,,"[{""value"": """", ""label"": ""== Select ==""}, {""value"": ""BLK"", ""label"": ""BLK (Black)""}, {""value"": ""BLU"", ""label"": ""BLU (Blue)""}, {""value"": ""BRO"", ""label"": ""BRO (Brown)""}, {""value"": ""GRY"", ""label"": ""GRY (Gray)""}, {""value"": ""GRN"", ""label"": ""GRN (Green)""}, {""value"": ""HAZ"", ""label"": ""HAZ (Hazel)""}, {""value"": ""MAR"", ""label"": ""MAR (Maroon)""}, {""value"": ""PNK"", ""label"": ""PNK (Pink)""}, {""value"": ""DIC"", ""label"": ""DIC (Dichromatic)""}, {""value"": ""UNK"", ""label"": ""UNK (Unknown)""}]","{""element"": ""select"", ""label"": ""Eye (ANSI D-20)"", ""name"": ""EYE"", ""options"": [{""label"": ""== Select =="", ""value"": """"}, {""label"": ""BLK (Black)"", ""value"": ""BLK""}, {""label"": ""BLU (Blue)"", ""value"": ""BLU""}, {""label"": ""BRO (Brown)"", ""value"": ""BRO""}, {""label"": ""GRY (Gray)"", ""value"": ""GRY""}, {""label"": ""GRN (Green)"", ""value"": ""GRN""}, {""label"": ""HAZ (Hazel)"", ""value"": ""HAZ""}, {""label"": ""MAR (Maroon)"", ""value"": ""MAR""}, {""label"": ""PNK (Pink)"", ""value"": ""PNK""}, {""label"": ""DIC (Dichromatic)"", ""value"": ""DIC""}, {""label"": ""UNK (Unknown)"", ""value"": ""UNK""}], ""pattern"": null, ""placeholder"": null, ""required"": true, ""tooltip"": null, ""value"": null}"
ID_2023,Idaho,Rev. 01/31/2023 (1009),HAIR,1,HAIR,Hair (ANSI D-20),select,True,,,,,,,"[{""value"": """", ""label"": ""== Select ==""}, {""value"": ""BLK"", ""label"": ""BLK (Black)""}, {""value"": ""BLN"", ""label"": ""BLN (Blond)""}, {""value"": ""BRO"", ""label"": ""BRO (Brown)""}, {""value"": ""GRY"", ""label"": ""GRY (Grey)""}, {""value"": ""RED"", ""label"": ""RED (Red/Auburn)""}, {""value"": ""SDY"", ""label"": ""SDY (Sandy)""}, {""value"": ""WHI"", ""label"": ""WHI (White)""}, {""value"": ""UNK"", ""label"": ""UNK (Unknown)""}, {""value"": ""BAL"", ""label"": ""BAL (Bald)""}]","{""element"": ""select"", ""label"": ""Hair (ANSI D-20)"", ""name"": ""HAIR"", ""options"": [{""label"": ""== Select =="", ""value"": """"}, {""label"": ""BLK (Black)"", ""value"": ""BLK""}, {""label"": ""BLN (Blond)"", ""value"": ""BLN""}, {""label"": ""BRO (Brown)"", ""value"": ""BRO""}, {""label"": ""GRY (Grey)"", ""value"": ""GRY""}, {""label"": ""RED (Red/Auburn)"", ""value"": ""RED""}, {""label"": ""SDY (Sandy)"", ""value"": ""SDY""}, {""label"": ""WHI (White)"", ""value"": ""WHI""}, {""label"": ""UNK (Unknown)"", ""value"": ""UNK""}, {""label"": ""BAL (Bald)"", ""value"": ""BAL""}], ""pattern"": null, ""placeholder"": null, ""required"": true, ""tooltip"": null, ""value"": null}"
IL,Illinois,Rev. 09/17/2015 (0800),FIRSTNAME,1,FIRSTNAME,First name,input,True,John,[a-zA-Z\s]+,,,,,[],"{""element"": ""input"", ""label"": ""First name"", ""name"": ""FIRSTNAME"", ""pattern"": ""[a-zA-Z\\s]+"", ""placeholder"": ""John"", ""required"": true, ""tooltip"": null, ""value"": """"}"
IL,Illinois,Rev. 09/17/2015 (0800),LASTNAME,1,LASTNAME,Last name,input,True,Doe,[a-zA-Z\s]+,,,,,[],"{""element"": ""input"", ""label"": ""Last name"", ""name"": ""LASTNAME"", ""pattern"": ""[a-zA-Z\\s]+"", ""placeholder"": ""Doe"", ""required"": true, ""tooltip"": null, ""value"": """"}"
IL,Illinois,Rev. 09/17/2015 (0800),MIDDLENAME,1,MIDDLENAME,Middle name,input,False,,,,,,This field is optional. You can click on the calculator icon to generate random name. Select gender in the field below to specify name gender.,[],"{""element"": ""input"", ""label"": ""Middle name"", ""name"": ""MIDDLENAME"", ""pattern"": null, ""placeholder"": """", ""required"": false, ""tooltip"": ""This field is optional. You can click on the calculator icon to generate random name. Select gender in the field below to specify name gender."", ""value"": """"}"
IL,Illinois,Rev. 09/17/2015 (0800),NUMBER,1,NUMBER,DL Number,input,True,D83877907578,[a-zA-Z][0-9]{11},12,12,,First digit of the Last Name + 11 random digits. You can click on the calculator icon to calculate number <b>automatically!</b>,[],"{""element"": ""input"", ""label"": ""DL Number"", ""maxlength"": 12, ""minlength"": 12, ""name"": ""NUMBER"", ""pattern"": ""[a-zA-Z][0-9]{11}"", ""placeholder"": ""D83877907578"", ""required"": true, ""tooltip"": ""First digit of the Last Name + 11 random digits. You can click on the calculator icon to calculate number <b>automatically!</b>"", ""value"": """"}"
IL,Illinois,Rev. 09/17/2015 (0800),ADDRESS,1,ADDRESS,Address,input,True,5620 Pebblebeach Dr,,,,5620 Pebblebeach Dr,,[],"{""element"": ""input"", ""label"": ""Address"", ""name"": ""ADDRESS"", ""pattern"": null, ""placeholder"": ""5620 Pebblebeach Dr"", ""required"": true, ""tooltip"": null, ""value"": ""5620 Pebblebeach Dr""}"
IL,Illinois,Rev. 09/17/2015 (0800),CITY,1,CITY,City,input,True,Hanover Park,,,,Hanover Park,,[],"{""element"": ""input"", ""label"": ""City"", ""name"": ""CITY"", ""pattern"": null, ""placeholder"": ""Hanover Park"", ""required"": true, ""tooltip"": null, ""value"": ""Hanover Park""}"
IL,Illinois,Rev. 09/17/2015 (0800),ZIP,1,ZIP,Zip code,input,True,330325131,[0-9]{5},5,5,60133,,[],"{""element"": ""input"", ""label"": ""Zip code"", ""maxlength"": 5, ""minlength"": 5, ""name"": ""ZIP"", ""pattern"": ""[0-9]{5}"", ""placeholder"": ""330325131"", ""required"": true, ""tooltip"": null, ""value"": ""60133""}"
IL,Illinois,Rev. 09/17/2015 (0800),CLASS,1,CLASS,DL Class,input,True,D,[A-Z1-9]+,1,3,D,,[],"{""element"": ""input"", ""label"": ""DL Class"", ""maxlength"": 3, ""minlength"": 1, ""name"": ""CLASS"", ""pattern"": ""[A-Z1-9]+"", ""placeholder"": ""D"", ""required"": true, ""tooltip"": null, ""value"": ""D""}"
IL,Illinois,Rev. 09/17/2015 (0800),SEX,1,SEX,Sex,select,False,,,,,,,"[{""value"": ""M"", ""label"": ""M""}, {""value"": ""F"", ""label"": ""F""}]","{""element"": ""select"", ""label"": ""Sex"", ""name"": ""SEX"", ""options"": [{""label"": ""M"", ""value"": ""M""}, {""label"": ""F"", ""value"": ""F""}], ""pattern"": null, ""placeholder"": null, ""required"": false, ""tooltip"": null, ""value"": null}"
IL,Illinois,Rev. 09/17/2015 (0800),DONOR,1,DONOR,Donor,select,False,,,,,,,"[{""value"": ""NO"", ""label"": ""No""}, {""value"": ""YES"", ""label"": ""Yes""}]","{""element"": ""select"", ""label"": ""Donor"", ""name"": ""DONOR"", ""options"": [{""label"": ""No"", ""value"": ""NO""}, {""label"": ""Yes"", ""value"": ""YES""}], ""pattern"": null, ""placeholder"": null, ""required"": false, ""tooltip"": null, ""value"": null}"
IL,Illinois,Rev. 09/17/2015 (0800),DOB,1,DOB,Birth date,input,True,01151970,((((0[13578]|1[02])(0[1-9]|[12][0-9]|3[01]))|((0[469]|11)(0[1-9]|[12][0-9]|30))|(02)(0[1-9]|[1][0-9]|2[0-8]))([0-9]{3}[1-9]|[0-9]{2}[1-9][0-9]{1}|[0-9]{1}[1-9][0-9]{2}|[1-9][0-9]{3}))|(0229(([0-9]{2})(0[48]|[2468][048]|[13579][26])|((0[48]|[2468][048]|[3579][26])00))),8,8,,You need input the date in MMDDYYYY format,[],"{""element"": ""input"", ""label"": ""Birth date"", ""maxlength"": 8, ""minlength"": 8, ""name"": ""DOB"", ""pattern"": ""((((0[13578]|1[02])(0[1-9]|[12][0-9]|3[01]))|((0[469]|11)(0[1-9]|[12][0-9]|30))|(02)(0[1-9]|[1][0-9]|2[0-8]))([0-9]{3}[1-9]|[0-9]{2}[1-9][0-9]{1}|[0-9]{1}[1-9][0-9]{2}|[1-9][0-9]{3}))|(0229(([0-9]{2})(0[48]|[2468][048]|[13579][26])|((0[48]|[2468][048]|[3579][26])00)))"", ""placeholder"": ""01151970"", ""required"": true, ""tooltip"": ""You need input the date in MMDDYYYY format"", ""value"": """"}"
IL,Illinois,Rev. 09/17/2015 (0800),DOI,1,DOI,Issue date,input,True,08262021,((((0[13578]|1[02])(0[1-9]|[12][0-9]|3[01]))|((0[469]|11)(0[1-9]|[12][0-9]|30))|(02)(0[1-9]|[1][0-9]|2[0-8]))([0-9]{3}[1-9]|[0-9]{2}[1-9][0-9]{1}|[0-9]{1}[1-9][0-9]{2}|[1-9][0-9]{3}))|(0229(([0-9]{2})(0[48]|[2468][048]|[13579][26])|((0[48]|[2468][048]|[3579][26])00))),8,8,,Valid issue period is 09/17/2015 - till now,[],"{""element"": ""input"", ""label"": ""Issue date"", ""maxlength"": 8, ""minlength"": 8, ""name"": ""DOI"", ""pattern"": ""((((0[13578]|1[02])(0[1-9]|[12][0-9]|3[01]))|((0[469]|11)(0[1-9]|[12][0-9]|30))|(02)(0[1-9]|[1][0-9]|2[0-8]))([0-9]{3}[1-9]|[0-9]{2}[1-9][0-9]{1}|[0-9]{1}[1-9][0-9]{2}|[1-9][0-9]{3}))|(0229(([0-9]{2})(0[48]|[2468][048]|[13579][26])|((0[48]|[2468][048]|[3579][26])00)))"", ""placeholder"": ""08262021"", ""required"": true, ""tooltip"": ""Valid issue period is 09/17/2015 - till now"", ""value"": """"}"
IL,Illinois,Rev. 09/17/2015 (0800),DOE,1,DOE,Expiry date,input,True,01152028,((((0[13578]|1[02])(0[1-9]|[12][0-9]|3[01]))|((0[469]|11)(0[1-9]|[12][0-9]|30))|(02)(0[1-9]|[1][0-9]|2[0-8]))([0-9]{3}[1-9]|[0-9]{2}[1-9][0-9]{1}|[0-9]{1}[1-9][0-9]{2}|[1-9][0-9]{3}))|(0229(([0-9]{2})(0[48]|[2468][048]|[13579][26])|((0[48]|[2468][048]|[3579][26])00))),8,8,,Same month and day as in birth date. 5 years after the year of issue,[],"{""element"": ""input"", ""label"": ""Expiry date"", ""maxlength"": 8, ""minlength"": 8, ""name"": ""DOE"", ""pattern"": ""((((0[13578]|1[02])(0[1-9]|[12][0-9]|3[01]))|((0[469]|11)(0[1-9]|[12][0-9]|30))|(02)(0[1-9]|[1][0-9]|2[0-8]))([0-9]{3}[1-9]|[0-9]{2}[1-9][0-9]{1}|[0-9]{1}[1-9][0-9]{2}|[1-9][0-9]{3}))|(0229(([0-9]{2})(0[48]|[2468][048]|[13579][26])|((0[48]|[2468][048]|[3579][26])00)))"", ""placeholder"": ""01152028"", ""required"": true, ""tooltip"": ""Same month and day as in birth date. 5 years after the year of issue"", ""value"": """"}"
IL,Illinois,Rev. 09/17/2015 (0800),DD,1,DD,DD,input,True,20210826494MG4931,[a-zA-Z0-9]{17},17,17,,First 8 digits is issue date in YYYYMMDD format. The last 3 random digits + 2 random letters + 4 random digits. <br> You can click on the calculator icon to calculate DD <b>automatically!</b>,[],"{""element"": ""input"", ""label"": ""DD"", ""maxlength"": 17, ""minlength"": 17, ""name"": ""DD"", ""pattern"": ""[a-zA-Z0-9]{17}"", ""placeholder"": ""20210826494MG4931"", ""required"": true, ""tooltip"": ""First 8 digits is issue date in YYYYMMDD format. The last 3 random digits + 2 random letters + 4 random digits. <br> You can click on the calculator icon to calculate DD <b>automatically!</b>"", ""value"": """"}"
IL,Illinois,Rev. 09/17/2015 (0800),ICN,1,ICN,ICN,input,True,D83877907578ILO9TL01,[a-zA-Z0-9]{20},20,20,,First 12 characters is Document Number. Random characters + 01. You can click on the calculator icon to calculate ICN <b>automatically!</b>,[],"{""element"": ""input"", ""label"": ""ICN"", ""maxlength"": 20, ""minlength"": 20, ""name"": ""ICN"", ""pattern"": ""[a-zA-Z0-9]{20}"", ""placeholder"": ""D83877907578ILO9TL01"", ""required"": true, ""tooltip"": ""First 12 characters is Document Number. Random characters + 01. You can click on the calculator icon to calculate ICN <b>automatically!</b>"", ""value"": null}"
IL,Illinois,Rev. 09/17/2015 (0800),RESTRICTIONS,1,RESTRICTIONS,Restrictions,input,True,NONE,,,,NONE,,[],"{""element"": ""input"", ""label"": ""Restrictions"", ""name"": ""RESTRICTIONS"", ""pattern"": null, ""placeholder"": ""NONE"", ""required"": true, ""tooltip"": null, ""value"": ""NONE""}"
IL,Illinois,Rev. 09/17/2015 (0800),ENDORSEMENT,1,ENDORSEMENT,Endorsement,input,True,NONE,,,,NONE,,[],"{""element"": ""input"", ""label"": ""Endorsement"", ""name"": ""ENDORSEMENT"", ""pattern"": null, ""placeholder"": ""NONE"", ""required"": true, ""tooltip"": null, ""value"": ""NONE""}"
IL,Illinois,Rev. 09/17/2015 (0800),HEIGHT,1,HEIGHT,Height (in.),input,True,69,,,2,69,,[],"{""element"": ""input"", ""label"": ""Height (in.)"", ""maxlength"": 2, ""name"": ""HEIGHT"", ""pattern"": null, ""placeholder"": ""69"", ""required"": true, ""tooltip"": null, ""value"": ""69""}"
IL,Illinois,Rev. 09/17/2015 (0800),WEIGHT,1,WEIGHT,Weight (lb.),input,True,169,,,3,169,,[],"{""element"": ""input"", ""label"": ""Weight (lb.)"", ""maxlength"": 3, ""name"": ""WEIGHT"", ""pattern"": null, ""placeholder"": ""169"", ""required"": true, ""tooltip"": null, ""value"": ""169""}"
IL,Illinois,Rev. 09/17/2015 (0800),EYE,1,EYE,Eye (ANSI D-20),select,True,,,,,,,"[{""value"": """", ""label"": ""== Select ==""}, {""value"": ""BLK"", ""label"": ""BLK (Black)""}, {""value"": ""BLU"", ""label"": ""BLU (Blue)""}, {""value"": ""BRO"", ""label"": ""BRO (Brown)""}, {""value"": ""GRY"", ""label"": ""GRY (Gray)""}, {""value"": ""GRN"", ""label"": ""GRN (Green)""}, {""value"": ""HAZ"", ""label"": ""HAZ (Hazel)""}, {""value"": ""MAR"", ""label"": ""MAR (Maroon)""}, {""value"": ""PNK"", ""label"": ""PNK (Pink)""}, {""value"": ""DIC"", ""label"": ""DIC (Dichromatic)""}, {""value"": ""UNK"", ""label"": ""UNK (Unknown)""}]","{""element"": ""select"", ""label"": ""Eye (ANSI D-20)"", ""name"": ""EYE"", ""options"": [{""label"": ""== Select =="", ""value"": """"}, {""label"": ""BLK (Black)"", ""value"": ""BLK""}, {""label"": ""BLU (Blue)"", ""value"": ""BLU""}, {""label"": ""BRO (Brown)"", ""value"": ""BRO""}, {""label"": ""GRY (Gray)"", ""value"": ""GRY""}, {""label"": ""GRN (Green)"", ""value"": ""GRN""}, {""label"": ""HAZ (Hazel)"", ""value"": ""HAZ""}, {""label"": ""MAR (Maroon)"", ""value"": ""MAR""}, {""label"": ""PNK (Pink)"", ""value"": ""PNK""}, {""label"": ""DIC (Dichromatic)"", ""value"": ""DIC""}, {""label"": ""UNK (Unknown)"", ""value"": ""UNK""}], ""pattern"": null, ""placeholder"": null, ""required"": true, ""tooltip"": null, ""value"": null}"
IL,Illinois,Rev. 09/17/2015 (0800),HAIR,1,HAIR,Hair (ANSI D-20),select,True,,,,,,,"[{""value"": """", ""label"": ""== Select ==""}, {""value"": ""BLK"", ""label"": ""BLK (Black)""}, {""value"": ""BLN"", ""label"": ""BLN (Blond)""}, {""value"": ""BRO"", ""label"": ""BRO (Brown)""}, {""value"": ""GRY"", ""label"": ""GRY (Grey)""}, {""value"": ""RED"", ""label"": ""RED (Red/Auburn)""}, {""value"": ""SDY"", ""label"": ""SDY (Sandy)""}, {""value"": ""WHI"", ""label"": ""WHI (White)""}, {""value"": ""UNK"", ""label"": ""UNK (Unknown)""}, {""value"": ""BAL"", ""label"": ""BAL (Bald)""}]","{""element"": ""select"", ""label"": ""Hair (ANSI D-20)"", ""name"": ""HAIR"", ""options"": [{""label"": ""== Select =="", ""value"": """"}, {""label"": ""BLK (Black)"", ""value"": ""BLK""}, {""label"": ""BLN (Blond)"", ""value"": ""BLN""}, {""label"": ""BRO (Brown)"", ""value"": ""BRO""}, {""label"": ""GRY (Grey)"", ""value"": ""GRY""}, {""label"": ""RED (Red/Auburn)"", ""value"": ""RED""}, {""label"": ""SDY (Sandy)"", ""value"": ""SDY""}, {""label"": ""WHI (White)"", ""value"": ""WHI""}, {""label"": ""UNK (Unknown)"", ""value"": ""UNK""}, {""label"": ""BAL (Bald)"", ""value"": ""BAL""}], ""pattern"": null, ""placeholder"": null, ""required"": true, ""tooltip"": null, ""value"": null}"
IL,Illinois,Rev. 09/17/2015 (0800),SUFFIX,1,SUFFIX,Name Suffix,select,False,,,,,,,"[{""value"": ""NONE"", ""label"": ""NONE""}, {""value"": ""JR"", ""label"": ""JR (Junior)""}, {""value"": ""SR"", ""label"": ""SR (Senior)""}, {""value"": ""I"", ""label"": ""1ST or I (First)""}, {""value"": ""II"", ""label"": ""2ND or II (Second)""}, {""value"": ""III"", ""label"": ""3RD or III (Third)""}, {""value"": ""IV"", ""label"": ""4TH or IV (Fourth)""}, {""value"": ""V"", ""label"": ""5TH or V (Fifth)""}, {""value"": ""VI"", ""label"": ""6TH or VI (Sixth)""}]","{""element"": ""select"", ""label"": ""Name Suffix"", ""name"": ""SUFFIX"", ""options"": [{""label"": ""NONE"", ""value"": ""NONE""}, {""label"": ""JR (Junior)"", ""value"": ""JR""}, {""label"": ""SR (Senior)"", ""value"": ""SR""}, {""label"": ""1ST or I (First)"", ""value"": ""I""}, {""label"": ""2ND or II (Second)"", ""value"": ""II""}, {""label"": ""3RD or III (Third)"", ""value"": ""III""}, {""label"": ""4TH or IV (Fourth)"", ""value"": ""IV""}, {""label"": ""5TH or V (Fifth)"", ""value"": ""V""}, {""label"": ""6TH or VI (Sixth)"", ""value"": ""VI""}], ""pattern"": null, ""placeholder"": null, ""required"": false, ""tooltip"": null, ""value"": null}"
IL,Illinois,Rev. 09/17/2015 (0800),REALID,1,REALID,Is REAL ID,select,False,,,,,,"Illinois started issuing REAL ID compliant cards on 01/07/2019. If the card issue date is before this date, do not select REAL ID compliant.","[{""value"": ""F"", ""label"": ""Yes""}, {""value"": ""N"", ""label"": ""No""}]","{""element"": ""select"", ""label"": ""Is REAL ID"", ""name"": ""REALID"", ""options"": [{""label"": ""Yes"", ""value"": ""F""}, {""label"": ""No"", ""value"": ""N""}], ""pattern"": null, ""placeholder"": null, ""required"": false, ""tooltip"": ""Illinois started issuing REAL ID compliant cards on 01/07/2019. If the card issue date is before this date, do not select REAL ID compliant."", ""value"": null}"
IN,Indiana,Rev. 07/24/2018 (0900),NUMBER,1,NUMBER,DL Number,input,True,2739-94-6144,[0-9]{4}-[0-9]{2}-[0-9]{4},12,12,,4 digits - 2 digits - 4 digits. You can click on the calculator icon to calculate number <b>automatically!</b>,[],"{""element"": ""input"", ""label"": ""DL Number"", ""maxlength"": 12, ""minlength"": 12, ""name"": ""NUMBER"", ""pattern"": ""[0-9]{4}-[0-9]{2}-[0-9]{4}"", ""placeholder"": ""2739-94-6144"", ""required"": true, ""tooltip"": ""4 digits - 2 digits - 4 digits. You can click on the calculator icon to calculate number <b>automatically!</b>"", ""value"": """"}"
IN,Indiana,Rev. 07/24/2018 (0900),LASTNAME,1,LASTNAME,Last name,input,True,Doe,[a-zA-Z\s]+,,,,,[],"{""element"": ""input"", ""label"": ""Last name"", ""name"": ""LASTNAME"", ""pattern"": ""[a-zA-Z\\s]+"", ""placeholder"": ""Doe"", ""required"": true, ""tooltip"": null, ""value"": """"}"
IN,Indiana,Rev. 07/24/2018 (0900),FIRSTNAME,1,FIRSTNAME,First name,input,True,John,[a-zA-Z\s]+,,,,,[],"{""element"": ""input"", ""label"": ""First name"", ""name"": ""FIRSTNAME"", ""pattern"": ""[a-zA-Z\\s]+"", ""placeholder"": ""John"", ""required"": true, ""tooltip"": null, ""value"": """"}"
IN,Indiana,Rev. 07/24/2018 (0900),MIDDLENAME,1,MIDDLENAME,Middle name,input,False,,,,,,This field is optional. You can click on the calculator icon to generate random name. Select gender in the field below to specify name gender.,[],"{""element"": ""input"", ""label"": ""Middle name"", ""name"": ""MIDDLENAME"", ""pattern"": null, ""placeholder"": """", ""required"": false, ""tooltip"": ""This field is optional. You can click on the calculator icon to generate random name. Select gender in the field below to specify name gender."", ""value"": """"}"
IN,Indiana,Rev. 07/24/2018 (0900),ADDRESS,1,ADDRESS,Address,input,True,144 Pine View Dr,,,,144 Pine View Dr,,[],"{""element"": ""input"", ""label"": ""Address"", ""name"": ""ADDRESS"", ""pattern"": null, ""placeholder"": ""144 Pine View Dr"", ""required"": true, ""tooltip"": null, ""value"": ""144 Pine View Dr""}"
IN,Indiana,Rev. 07/24/2018 (0900),CITY,1,CITY,City,input,True,Carmel,,,,Carmel,,[],"{""element"": ""input"", ""label"": ""City"", ""name"": ""CITY"", ""pattern"": null, ""placeholder"": ""Carmel"", ""required"": true, ""tooltip"": null, ""value"": ""Carmel""}"
IN,Indiana,Rev. 07/24/2018 (0900),ZIP,1,ZIP,Zip code,input,True,46032,[0-9]{5},5,5,46032,,[],"{""element"": ""input"", ""label"": ""Zip code"", ""maxlength"": 5, ""minlength"": 5, ""name"": ""ZIP"", ""pattern"": ""[0-9]{5}"", ""placeholder"": ""46032"", ""required"": true, ""tooltip"": null, ""value"": ""46032""}"
IN,Indiana,Rev. 07/24/2018 (0900),CLASS,1,CLASS,DL Class,input,True,NONE,[A-Z1-9]+,1,4,NONE,,[],"{""element"": ""input"", ""label"": ""DL Class"", ""maxlength"": 4, ""minlength"": 1, ""name"": ""CLASS"", ""pattern"": ""[A-Z1-9]+"", ""placeholder"": ""NONE"", ""required"": true, ""tooltip"": null, ""value"": ""NONE""}"
IN,Indiana,Rev. 07/24/2018 (0900),SEX,1,SEX,Sex,select,False,,,,,,,"[{""value"": ""M"", ""label"": ""M""}, {""value"": ""F"", ""label"": ""F""}]","{""element"": ""select"", ""label"": ""Sex"", ""name"": ""SEX"", ""options"": [{""label"": ""M"", ""value"": ""M""}, {""label"": ""F"", ""value"": ""F""}], ""pattern"": null, ""placeholder"": null, ""required"": false, ""tooltip"": null, ""value"": null}"
IN,Indiana,Rev. 07/24/2018 (0900),DONOR,1,DONOR,Donor,select,False,,,,,,,"[{""value"": ""NO"", ""label"": ""No""}, {""value"": ""YES"", ""label"": ""Yes""}]","{""element"": ""select"", ""label"": ""Donor"", ""name"": ""DONOR"", ""options"": [{""label"": ""No"", ""value"": ""NO""}, {""label"": ""Yes"", ""value"": ""YES""}], ""pattern"": null, ""placeholder"": null, ""required"": false, ""tooltip"": null, ""value"": null}"
IN,Indiana,Rev. 07/24/2018 (0900),DOB,1,DOB,Birth date,input,True,01151970,((((0[13578]|1[02])(0[1-9]|[12][0-9]|3[01]))|((0[469]|11)(0[1-9]|[12][0-9]|30))|(02)(0[1-9]|[1][0-9]|2[0-8]))([0-9]{3}[1-9]|[0-9]{2}[1-9][0-9]{1}|[0-9]{1}[1-9][0-9]{2}|[1-9][0-9]{3}))|(0229(([0-9]{2})(0[48]|[2468][048]|[13579][26])|((0[48]|[2468][048]|[3579][26])00))),8,8,,You need input the date in MMDDYYYY format,[],"{""element"": ""input"", ""label"": ""Birth date"", ""maxlength"": 8, ""minlength"": 8, ""name"": ""DOB"", ""pattern"": ""((((0[13578]|1[02])(0[1-9]|[12][0-9]|3[01]))|((0[469]|11)(0[1-9]|[12][0-9]|30))|(02)(0[1-9]|[1][0-9]|2[0-8]))([0-9]{3}[1-9]|[0-9]{2}[1-9][0-9]{1}|[0-9]{1}[1-9][0-9]{2}|[1-9][0-9]{3}))|(0229(([0-9]{2})(0[48]|[2468][048]|[13579][26])|((0[48]|[2468][048]|[3579][26])00)))"", ""placeholder"": ""01151970"", ""required"": true, ""tooltip"": ""You need input the date in MMDDYYYY format"", ""value"": """"}"
IN,Indiana,Rev. 07/24/2018 (0900),DOI,1,DOI,Issue date,input,True,08262020,((((0[13578]|1[02])(0[1-9]|[12][0-9]|3[01]))|((0[469]|11)(0[1-9]|[12][0-9]|30))|(02)(0[1-9]|[1][0-9]|2[0-8]))([0-9]{3}[1-9]|[0-9]{2}[1-9][0-9]{1}|[0-9]{1}[1-9][0-9]{2}|[1-9][0-9]{3}))|(0229(([0-9]{2})(0[48]|[2468][048]|[13579][26])|((0[48]|[2468][048]|[3579][26])00))),8,8,,You need input the date in MMDDYYYY format,[],"{""element"": ""input"", ""label"": ""Issue date"", ""maxlength"": 8, ""minlength"": 8, ""name"": ""DOI"", ""pattern"": ""((((0[13578]|1[02])(0[1-9]|[12][0-9]|3[01]))|((0[469]|11)(0[1-9]|[12][0-9]|30))|(02)(0[1-9]|[1][0-9]|2[0-8]))([0-9]{3}[1-9]|[0-9]{2}[1-9][0-9]{1}|[0-9]{1}[1-9][0-9]{2}|[1-9][0-9]{3}))|(0229(([0-9]{2})(0[48]|[2468][048]|[13579][26])|((0[48]|[2468][048]|[3579][26])00)))"", ""placeholder"": ""08262020"", ""required"": true, ""tooltip"": ""You need input the date in MMDDYYYY format"", ""value"": """"}"
IN,Indiana,Rev. 07/24/2018 (0900),DOE,1,DOE,Expiry date,input,True,01152026,((((0[13578]|1[02])(0[1-9]|[12][0-9]|3[01]))|((0[469]|11)(0[1-9]|[12][0-9]|30))|(02)(0[1-9]|[1][0-9]|2[0-8]))([0-9]{3}[1-9]|[0-9]{2}[1-9][0-9]{1}|[0-9]{1}[1-9][0-9]{2}|[1-9][0-9]{3}))|(0229(([0-9]{2})(0[48]|[2468][048]|[13579][26])|((0[48]|[2468][048]|[3579][26])00))),8,8,,Same month and day as in birth date. 6 years after the year of issue,[],"{""element"": ""input"", ""label"": ""Expiry date"", ""maxlength"": 8, ""minlength"": 8, ""name"": ""DOE"", ""pattern"": ""((((0[13578]|1[02])(0[1-9]|[12][0-9]|3[01]))|((0[469]|11)(0[1-9]|[12][0-9]|30))|(02)(0[1-9]|[1][0-9]|2[0-8]))([0-9]{3}[1-9]|[0-9]{2}[1-9][0-9]{1}|[0-9]{1}[1-9][0-9]{2}|[1-9][0-9]{3}))|(0229(([0-9]{2})(0[48]|[2468][048]|[13579][26])|((0[48]|[2468][048]|[3579][26])00)))"", ""placeholder"": ""01152026"", ""required"": true, ""tooltip"": ""Same month and day as in birth date. 6 years after the year of issue"", ""value"": """"}"
IN,Indiana,Rev. 07/24/2018 (0900),ISSUING_OFFICE,1,CODE,Issuing Office,input,True,527,[0-9]{3},3,3,,3 digit issuing office code (located under the photo),[],"{""element"": ""input"", ""label"": ""Issuing Office"", ""maxlength"": 3, ""minlength"": 3, ""name"": ""CODE"", ""pattern"": ""[0-9]{3}"", ""placeholder"": ""527"", ""required"": true, ""tooltip"": ""3 digit issuing office code (located under the photo)"", ""value"": null}"
IN,Indiana,Rev. 07/24/2018 (0900),ICN,1,ICN,ICN,input,True,0370101906831627,[0-9]{16},16,16,,03701 + 11 digits. You can click on the calculator icon to calculate ICN <b>automatically!</b>,[],"{""element"": ""input"", ""label"": ""ICN"", ""maxlength"": 16, ""minlength"": 16, ""name"": ""ICN"", ""pattern"": ""[0-9]{16}"", ""placeholder"": ""0370101906831627"", ""required"": true, ""tooltip"": ""03701 + 11 digits. You can click on the calculator icon to calculate ICN <b>automatically!</b>"", ""value"": null}"
IN,Indiana,Rev. 07/24/2018 (0900),DD,1,DD,DD,input,True,08262081000337,[0-9]{14},14,14,,Issue date in MMDDYY format + DL issuing office code (Located under the photo) + 00 + 3 digits. You can click on the calculator icon to calculate DD <b>automatically!</b>,[],"{""element"": ""input"", ""label"": ""DD"", ""maxlength"": 14, ""minlength"": 14, ""name"": ""DD"", ""pattern"": ""[0-9]{14}"", ""placeholder"": ""08262081000337"", ""required"": true, ""tooltip"": ""Issue date in MMDDYY format + DL issuing office code (Located under the photo) + 00 + 3 digits. You can click on the calculator icon to calculate DD <b>automatically!</b>"", ""value"": null}"
IN,Indiana,Rev. 07/24/2018 (0900),RESTRICTIONS,1,RESTRICTIONS,Restrictions,input,True,NONE,,,,NONE,,[],"{""element"": ""input"", ""label"": ""Restrictions"", ""name"": ""RESTRICTIONS"", ""pattern"": null, ""placeholder"": ""NONE"", ""required"": true, ""tooltip"": null, ""value"": ""NONE""}"
IN,Indiana,Rev. 07/24/2018 (0900),ENDORSEMENT,1,ENDORSEMENT,Endorsement,input,True,NONE,,,,NONE,,[],"{""element"": ""input"", ""label"": ""Endorsement"", ""name"": ""ENDORSEMENT"", ""pattern"": null, ""placeholder"": ""NONE"", ""required"": true, ""tooltip"": null, ""value"": ""NONE""}"
IN,Indiana,Rev. 07/24/2018 (0900),HEIGHT,1,HEIGHT,Height (in.),input,True,69,,,2,69,,[],"{""element"": ""input"", ""label"": ""Height (in.)"", ""maxlength"": 2, ""name"": ""HEIGHT"", ""pattern"": null, ""placeholder"": ""69"", ""required"": true, ""tooltip"": null, ""value"": ""69""}"
IN,Indiana,Rev. 07/24/2018 (0900),WEIGHT,1,WEIGHT,Weight (lb.),input,True,169,,,3,169,,[],"{""element"": ""input"", ""label"": ""Weight (lb.)"", ""maxlength"": 3, ""name"": ""WEIGHT"", ""pattern"": null, ""placeholder"": ""169"", ""required"": true, ""tooltip"": null, ""value"": ""169""}"
IN,Indiana,Rev. 07/24/2018 (0900),EYE,1,EYE,Eye (ANSI D-20),select,True,,,,,,,"[{""value"": """", ""label"": ""== Select ==""}, {""value"": ""BLK"", ""label"": ""BLK (Black)""}, {""value"": ""BLU"", ""label"": ""BLU (Blue)""}, {""value"": ""BRO"", ""label"": ""BRO (Brown)""}, {""value"": ""GRY"", ""label"": ""GRY (Gray)""}, {""value"": ""GRN"", ""label"": ""GRN (Green)""}, {""value"": ""HAZ"", ""label"": ""HAZ (Hazel)""}, {""value"": ""MAR"", ""label"": ""MAR (Maroon)""}, {""value"": ""PNK"", ""label"": ""PNK (Pink)""}, {""value"": ""DIC"", ""label"": ""DIC (Dichromatic)""}, {""value"": ""UNK"", ""label"": ""UNK (Unknown)""}]","{""element"": ""select"", ""label"": ""Eye (ANSI D-20)"", ""name"": ""EYE"", ""options"": [{""label"": ""== Select =="", ""value"": """"}, {""label"": ""BLK (Black)"", ""value"": ""BLK""}, {""label"": ""BLU (Blue)"", ""value"": ""BLU""}, {""label"": ""BRO (Brown)"", ""value"": ""BRO""}, {""label"": ""GRY (Gray)"", ""value"": ""GRY""}, {""label"": ""GRN (Green)"", ""value"": ""GRN""}, {""label"": ""HAZ (Hazel)"", ""value"": ""HAZ""}, {""label"": ""MAR (Maroon)"", ""value"": ""MAR""}, {""label"": ""PNK (Pink)"", ""value"": ""PNK""}, {""label"": ""DIC (Dichromatic)"", ""value"": ""DIC""}, {""label"": ""UNK (Unknown)"", ""value"": ""UNK""}], ""pattern"": null, ""placeholder"": null, ""required"": true, ""tooltip"": null, ""value"": null}"
IN,Indiana,Rev. 07/24/2018 (0900),HAIR,1,HAIR,Hair (ANSI D-20),select,True,,,,,,,"[{""value"": """", ""label"": ""== Select ==""}, {""value"": ""BLK"", ""label"": ""BLK (Black)""}, {""value"": ""BLN"", ""label"": ""BLN (Blond)""}, {""value"": ""BRO"", ""label"": ""BRO (Brown)""}, {""value"": ""GRY"", ""label"": ""GRY (Grey)""}, {""value"": ""RED"", ""label"": ""RED (Red/Auburn)""}, {""value"": ""SDY"", ""label"": ""SDY (Sandy)""}, {""value"": ""WHI"", ""label"": ""WHI (White)""}, {""value"": ""UNK"", ""label"": ""UNK (Unknown)""}, {""value"": ""BAL"", ""label"": ""BAL (Bald)""}]","{""element"": ""select"", ""label"": ""Hair (ANSI D-20)"", ""name"": ""HAIR"", ""options"": [{""label"": ""== Select =="", ""value"": """"}, {""label"": ""BLK (Black)"", ""value"": ""BLK""}, {""label"": ""BLN (Blond)"", ""value"": ""BLN""}, {""label"": ""BRO (Brown)"", ""value"": ""BRO""}, {""label"": ""GRY (Grey)"", ""value"": ""GRY""}, {""label"": ""RED (Red/Auburn)"", ""value"": ""RED""}, {""label"": ""SDY (Sandy)"", ""value"": ""SDY""}, {""label"": ""WHI (White)"", ""value"": ""WHI""}, {""label"": ""UNK (Unknown)"", ""value"": ""UNK""}, {""label"": ""BAL (Bald)"", ""value"": ""BAL""}], ""pattern"": null, ""placeholder"": null, ""required"": true, ""tooltip"": null, ""value"": null}"
IA_2011,Iowa,Rev. 07/25/2011 (0402),NUMBER,1,NUMBER,DL Number,input,True,176ZB6504,[0-9]{3}[a-zA-Z]{2}[0-9]{4},9,9,,3 digits + 2 letters + 4 digits. You can click on the calculator icon to calculate number <b>automatically!</b>,[],"{""element"": ""input"", ""label"": ""DL Number"", ""maxlength"": 9, ""minlength"": 9, ""name"": ""NUMBER"", ""pattern"": ""[0-9]{3}[a-zA-Z]{2}[0-9]{4}"", ""placeholder"": ""176ZB6504"", ""required"": true, ""tooltip"": ""3 digits + 2 letters + 4 digits. You can click on the calculator icon to calculate number <b>automatically!</b>"", ""value"": """"}"
IA_2011,Iowa,Rev. 07/25/2011 (0402),LASTNAME,1,LASTNAME,Last name,input,True,Doe,[a-zA-Z\s]+,,,,,[],"{""element"": ""input"", ""label"": ""Last name"", ""name"": ""LASTNAME"", ""pattern"": ""[a-zA-Z\\s]+"", ""placeholder"": ""Doe"", ""required"": true, ""tooltip"": null, ""value"": """"}"
IA_2011,Iowa,Rev. 07/25/2011 (0402),FIRSTNAME,1,FIRSTNAME,First name,input,True,John,[a-zA-Z\s]+,,,,,[],"{""element"": ""input"", ""label"": ""First name"", ""name"": ""FIRSTNAME"", ""pattern"": ""[a-zA-Z\\s]+"", ""placeholder"": ""John"", ""required"": true, ""tooltip"": null, ""value"": """"}"
IA_2011,Iowa,Rev. 07/25/2011 (0402),MIDDLENAME,1,MIDDLENAME,Middle name,input,False,,,,,,This field is optional. You can click on the calculator icon to generate random name. Select gender in the field below to specify name gender.,[],"{""element"": ""input"", ""label"": ""Middle name"", ""name"": ""MIDDLENAME"", ""pattern"": null, ""placeholder"": """", ""required"": false, ""tooltip"": ""This field is optional. You can click on the calculator icon to generate random name. Select gender in the field below to specify name gender."", ""value"": """"}"
IA_2011,Iowa,Rev. 07/25/2011 (0402),ADDRESS,1,ADDRESS,Address,input,True,7779 Cottonwood Ln,,,,7779 Cottonwood Ln,,[],"{""element"": ""input"", ""label"": ""Address"", ""name"": ""ADDRESS"", ""pattern"": null, ""placeholder"": ""7779 Cottonwood Ln"", ""required"": true, ""tooltip"": null, ""value"": ""7779 Cottonwood Ln""}"
IA_2011,Iowa,Rev. 07/25/2011 (0402),CITY,1,CITY,City,input,True,West Des Moines,,,,West Des Moines,,[],"{""element"": ""input"", ""label"": ""City"", ""name"": ""CITY"", ""pattern"": null, ""placeholder"": ""West Des Moines"", ""required"": true, ""tooltip"": null, ""value"": ""West Des Moines""}"
IA_2011,Iowa,Rev. 07/25/2011 (0402),ZIP,1,ZIP,Zip code,input,True,50266,[0-9]{5},5,5,50266,,[],"{""element"": ""input"", ""label"": ""Zip code"", ""maxlength"": 5, ""minlength"": 5, ""name"": ""ZIP"", ""pattern"": ""[0-9]{5}"", ""placeholder"": ""50266"", ""required"": true, ""tooltip"": null, ""value"": ""50266""}"
IA_2011,Iowa,Rev. 07/25/2011 (0402),CLASS,1,CLASS,DL Class,input,True,C,[A-Z1-9]+,1,4,C,,[],"{""element"": ""input"", ""label"": ""DL Class"", ""maxlength"": 4, ""minlength"": 1, ""name"": ""CLASS"", ""pattern"": ""[A-Z1-9]+"", ""placeholder"": ""C"", ""required"": true, ""tooltip"": null, ""value"": ""C""}"
IA_2011,Iowa,Rev. 07/25/2011 (0402),SEX,1,SEX,Sex,select,False,,,,,,,"[{""value"": ""M"", ""label"": ""M""}, {""value"": ""F"", ""label"": ""F""}]","{""element"": ""select"", ""label"": ""Sex"", ""name"": ""SEX"", ""options"": [{""label"": ""M"", ""value"": ""M""}, {""label"": ""F"", ""value"": ""F""}], ""pattern"": null, ""placeholder"": null, ""required"": false, ""tooltip"": null, ""value"": null}"
IA_2011,Iowa,Rev. 07/25/2011 (0402),DONOR,1,DONOR,Donor,select,False,,,,,,,"[{""value"": ""NO"", ""label"": ""No""}, {""value"": ""YES"", ""label"": ""Yes""}]","{""element"": ""select"", ""label"": ""Donor"", ""name"": ""DONOR"", ""options"": [{""label"": ""No"", ""value"": ""NO""}, {""label"": ""Yes"", ""value"": ""YES""}], ""pattern"": null, ""placeholder"": null, ""required"": false, ""tooltip"": null, ""value"": null}"
IA_2011,Iowa,Rev. 07/25/2011 (0402),DOB,1,DOB,Birth date,input,True,01151970,((((0[13578]|1[02])(0[1-9]|[12][0-9]|3[01]))|((0[469]|11)(0[1-9]|[12][0-9]|30))|(02)(0[1-9]|[1][0-9]|2[0-8]))([0-9]{3}[1-9]|[0-9]{2}[1-9][0-9]{1}|[0-9]{1}[1-9][0-9]{2}|[1-9][0-9]{3}))|(0229(([0-9]{2})(0[48]|[2468][048]|[13579][26])|((0[48]|[2468][048]|[3579][26])00))),8,8,,You need input the date in MMDDYYYY format,[],"{""element"": ""input"", ""label"": ""Birth date"", ""maxlength"": 8, ""minlength"": 8, ""name"": ""DOB"", ""pattern"": ""((((0[13578]|1[02])(0[1-9]|[12][0-9]|3[01]))|((0[469]|11)(0[1-9]|[12][0-9]|30))|(02)(0[1-9]|[1][0-9]|2[0-8]))([0-9]{3}[1-9]|[0-9]{2}[1-9][0-9]{1}|[0-9]{1}[1-9][0-9]{2}|[1-9][0-9]{3}))|(0229(([0-9]{2})(0[48]|[2468][048]|[13579][26])|((0[48]|[2468][048]|[3579][26])00)))"", ""placeholder"": ""01151970"", ""required"": true, ""tooltip"": ""You need input the date in MMDDYYYY format"", ""value"": """"}"
IA_2011,Iowa,Rev. 07/25/2011 (0402),DOI,1,DOI,Issue date,input,True,08262016,((((0[13578]|1[02])(0[1-9]|[12][0-9]|3[01]))|((0[469]|11)(0[1-9]|[12][0-9]|30))|(02)(0[1-9]|[1][0-9]|2[0-8]))([0-9]{3}[1-9]|[0-9]{2}[1-9][0-9]{1}|[0-9]{1}[1-9][0-9]{2}|[1-9][0-9]{3}))|(0229(([0-9]{2})(0[48]|[2468][048]|[13579][26])|((0[48]|[2468][048]|[3579][26])00))),8,8,,You need input the date in MMDDYYYY format,[],"{""element"": ""input"", ""label"": ""Issue date"", ""maxlength"": 8, ""minlength"": 8, ""name"": ""DOI"", ""pattern"": ""((((0[13578]|1[02])(0[1-9]|[12][0-9]|3[01]))|((0[469]|11)(0[1-9]|[12][0-9]|30))|(02)(0[1-9]|[1][0-9]|2[0-8]))([0-9]{3}[1-9]|[0-9]{2}[1-9][0-9]{1}|[0-9]{1}[1-9][0-9]{2}|[1-9][0-9]{3}))|(0229(([0-9]{2})(0[48]|[2468][048]|[13579][26])|((0[48]|[2468][048]|[3579][26])00)))"", ""placeholder"": ""08262016"", ""required"": true, ""tooltip"": ""You need input the date in MMDDYYYY format"", ""value"": """"}"
IA_2011,Iowa,Rev. 07/25/2011 (0402),DOE,1,DOE,Expiry date,input,True,01152024,((((0[13578]|1[02])(0[1-9]|[12][0-9]|3[01]))|((0[469]|11)(0[1-9]|[12][0-9]|30))|(02)(0[1-9]|[1][0-9]|2[0-8]))([0-9]{3}[1-9]|[0-9]{2}[1-9][0-9]{1}|[0-9]{1}[1-9][0-9]{2}|[1-9][0-9]{3}))|(0229(([0-9]{2})(0[48]|[2468][048]|[13579][26])|((0[48]|[2468][048]|[3579][26])00))),8,8,,Same month and day as in birth date. 8 years after the year of issue,[],"{""element"": ""input"", ""label"": ""Expiry date"", ""maxlength"": 8, ""minlength"": 8, ""name"": ""DOE"", ""pattern"": ""((((0[13578]|1[02])(0[1-9]|[12][0-9]|3[01]))|((0[469]|11)(0[1-9]|[12][0-9]|30))|(02)(0[1-9]|[1][0-9]|2[0-8]))([0-9]{3}[1-9]|[0-9]{2}[1-9][0-9]{1}|[0-9]{1}[1-9][0-9]{2}|[1-9][0-9]{3}))|(0229(([0-9]{2})(0[48]|[2468][048]|[13579][26])|((0[48]|[2468][048]|[3579][26])00)))"", ""placeholder"": ""01152024"", ""required"": true, ""tooltip"": ""Same month and day as in birth date. 8 years after the year of issue"", ""value"": """"}"
IA_2011,Iowa,Rev. 07/25/2011 (0402),ICN,1,ICN,ICN,input,True,176ZB6504162400101,[0-9]{3}[a-zA-Z]{2}[0-9]{4}[0-9]{9},18,18,,Document number + issue year + number of days from the beginning of year (+1 day) + 0101. You can click on the calculator icon to calculate ICN <b>automatically!</b>,[],"{""element"": ""input"", ""label"": ""ICN"", ""maxlength"": 18, ""minlength"": 18, ""name"": ""ICN"", ""pattern"": ""[0-9]{3}[a-zA-Z]{2}[0-9]{4}[0-9]{9}"", ""placeholder"": ""176ZB6504162400101"", ""required"": true, ""tooltip"": ""Document number + issue year + number of days from the beginning of year (+1 day) + 0101. You can click on the calculator icon to calculate ICN <b>automatically!</b>"", ""value"": null}"
IA_2011,Iowa,Rev. 07/25/2011 (0402),DD,1,DD,DD,input,True,173604035DJ6050M150124R,[0-9]{9}[a-zA-Z]{2}[0-9]{4}[MF][0-9]{6}[a-zA-Z],23,23,,9 digits + first letter of last name + first letter of first name + 4 digits + sex + expiry date (MMDDYY) + R. You can click on the calculator icon to calculate DD <b>automatically!</b>,[],"{""element"": ""input"", ""label"": ""DD"", ""maxlength"": 23, ""minlength"": 23, ""name"": ""DD"", ""pattern"": ""[0-9]{9}[a-zA-Z]{2}[0-9]{4}[MF][0-9]{6}[a-zA-Z]"", ""placeholder"": ""173604035DJ6050M150124R"", ""required"": true, ""tooltip"": ""9 digits + first letter of last name + first letter of first name + 4 digits + sex + expiry date (MMDDYY) + R. You can click on the calculator icon to calculate DD <b>automatically!</b>"", ""value"": null}"
IA_2011,Iowa,Rev. 07/25/2011 (0402),RESTRICTIONS,1,RESTRICTIONS,Restrictions,input,True,NONE,,,,NONE,,[],"{""element"": ""input"", ""label"": ""Restrictions"", ""name"": ""RESTRICTIONS"", ""pattern"": null, ""placeholder"": ""NONE"", ""required"": true, ""tooltip"": null, ""value"": ""NONE""}"
IA_2011,Iowa,Rev. 07/25/2011 (0402),ENDORSEMENT,1,ENDORSEMENT,Endorsement,input,True,NONE,,,,NONE,,[],"{""element"": ""input"", ""label"": ""Endorsement"", ""name"": ""ENDORSEMENT"", ""pattern"": null, ""placeholder"": ""NONE"", ""required"": true, ""tooltip"": null, ""value"": ""NONE""}"
IA_2011,Iowa,Rev. 07/25/2011 (0402),HEIGHT,1,HEIGHT,Height (in.),input,True,69,,,2,69,,[],"{""element"": ""input"", ""label"": ""Height (in.)"", ""maxlength"": 2, ""name"": ""HEIGHT"", ""pattern"": null, ""placeholder"": ""69"", ""required"": true, ""tooltip"": null, ""value"": ""69""}"
IA_2011,Iowa,Rev. 07/25/2011 (0402),EYE,1,EYE,Eye (ANSI D-20),select,True,,,,,,,"[{""value"": """", ""label"": ""== Select ==""}, {""value"": ""BLK"", ""label"": ""BLK (Black)""}, {""value"": ""BLU"", ""label"": ""BLU (Blue)""}, {""value"": ""BRO"", ""label"": ""BRO (Brown)""}, {""value"": ""GRY"", ""label"": ""GRY (Gray)""}, {""value"": ""GRN"", ""label"": ""GRN (Green)""}, {""value"": ""HAZ"", ""label"": ""HAZ (Hazel)""}, {""value"": ""MAR"", ""label"": ""MAR (Maroon)""}, {""value"": ""PNK"", ""label"": ""PNK (Pink)""}, {""value"": ""DIC"", ""label"": ""DIC (Dichromatic)""}, {""value"": ""UNK"", ""label"": ""UNK (Unknown)""}]","{""element"": ""select"", ""label"": ""Eye (ANSI D-20)"", ""name"": ""EYE"", ""options"": [{""label"": ""== Select =="", ""value"": """"}, {""label"": ""BLK (Black)"", ""value"": ""BLK""}, {""label"": ""BLU (Blue)"", ""value"": ""BLU""}, {""label"": ""BRO (Brown)"", ""value"": ""BRO""}, {""label"": ""GRY (Gray)"", ""value"": ""GRY""}, {""label"": ""GRN (Green)"", ""value"": ""GRN""}, {""label"": ""HAZ (Hazel)"", ""value"": ""HAZ""}, {""label"": ""MAR (Maroon)"", ""value"": ""MAR""}, {""label"": ""PNK (Pink)"", ""value"": ""PNK""}, {""label"": ""DIC (Dichromatic)"", ""value"": ""DIC""}, {""label"": ""UNK (Unknown)"", ""value"": ""UNK""}], ""pattern"": null, ""placeholder"": null, ""required"": true, ""tooltip"": null, ""value"": null}"
IA_2011,Iowa,Rev. 07/25/2011 (0402),REALID,1,REALID,Is REAL ID,select,False,,,,,,"Iowa started issuing REAL ID compliant cards on 01/15/2013. If the card issue date is before this date, do not select REAL ID compliant.","[{""value"": ""F"", ""label"": ""Yes""}, {""value"": ""N"", ""label"": ""No""}]","{""element"": ""select"", ""label"": ""Is REAL ID"", ""name"": ""REALID"", ""options"": [{""label"": ""Yes"", ""value"": ""F""}, {""label"": ""No"", ""value"": ""N""}], ""pattern"": null, ""placeholder"": null, ""required"": false, ""tooltip"": ""Iowa started issuing REAL ID compliant cards on 01/15/2013. If the card issue date is before this date, do not select REAL ID compliant."", ""value"": null}"
IA_2017,Iowa,Rev. 29/06/2017 (0900),NUMBER,1,NUMBER,DL Number,input,True,176ZB6504,[0-9]{3}[a-zA-Z]{2}[0-9]{4},9,9,,You can click on the calculator icon to calculate number <b>automatically!</b>,[],"{""element"": ""input"", ""label"": ""DL Number"", ""maxlength"": 9, ""minlength"": 9, ""name"": ""NUMBER"", ""pattern"": ""[0-9]{3}[a-zA-Z]{2}[0-9]{4}"", ""placeholder"": ""176ZB6504"", ""required"": true, ""tooltip"": ""You can click on the calculator icon to calculate number <b>automatically!</b>"", ""value"": """"}"
IA_2017,Iowa,Rev. 29/06/2017 (0900),LASTNAME,1,LASTNAME,Last name,input,True,Doe,[a-zA-Z\s]+,,,,,[],"{""element"": ""input"", ""label"": ""Last name"", ""name"": ""LASTNAME"", ""pattern"": ""[a-zA-Z\\s]+"", ""placeholder"": ""Doe"", ""required"": true, ""tooltip"": null, ""value"": """"}"
IA_2017,Iowa,Rev. 29/06/2017 (0900),FIRSTNAME,1,FIRSTNAME,First name,input,True,John,[a-zA-Z\s]+,,,,,[],"{""element"": ""input"", ""label"": ""First name"", ""name"": ""FIRSTNAME"", ""pattern"": ""[a-zA-Z\\s]+"", ""placeholder"": ""John"", ""required"": true, ""tooltip"": null, ""value"": """"}"
IA_2017,Iowa,Rev. 29/06/2017 (0900),MIDDLENAME,1,MIDDLENAME,Middle name,input,False,,,,,,This field is optional. You can click on the calculator icon to generate random name. Select gender in the field below to specify name gender.,[],"{""element"": ""input"", ""label"": ""Middle name"", ""name"": ""MIDDLENAME"", ""pattern"": null, ""placeholder"": """", ""required"": false, ""tooltip"": ""This field is optional. You can click on the calculator icon to generate random name. Select gender in the field below to specify name gender."", ""value"": """"}"
IA_2017,Iowa,Rev. 29/06/2017 (0900),ADDRESS,1,ADDRESS,Address,input,True,200 Mulberry Blvd,,,,200 Mulberry Blvd,,[],"{""element"": ""input"", ""label"": ""Address"", ""name"": ""ADDRESS"", ""pattern"": null, ""placeholder"": ""200 Mulberry Blvd"", ""required"": true, ""tooltip"": null, ""value"": ""200 Mulberry Blvd""}"
IA_2017,Iowa,Rev. 29/06/2017 (0900),CITY,1,CITY,City,input,True,Ames,,,,Ames,,[],"{""element"": ""input"", ""label"": ""City"", ""name"": ""CITY"", ""pattern"": null, ""placeholder"": ""Ames"", ""required"": true, ""tooltip"": null, ""value"": ""Ames""}"
IA_2017,Iowa,Rev. 29/06/2017 (0900),ZIP,1,ZIP,Zip code,input,True,50010,[0-9]{5},5,5,50010,,[],"{""element"": ""input"", ""label"": ""Zip code"", ""maxlength"": 5, ""minlength"": 5, ""name"": ""ZIP"", ""pattern"": ""[0-9]{5}"", ""placeholder"": ""50010"", ""required"": true, ""tooltip"": null, ""value"": ""50010""}"
IA_2017,Iowa,Rev. 29/06/2017 (0900),CLASS,1,CLASS,DL Class,input,True,C,[A-Z1-9]+,1,4,C,,[],"{""element"": ""input"", ""label"": ""DL Class"", ""maxlength"": 4, ""minlength"": 1, ""name"": ""CLASS"", ""pattern"": ""[A-Z1-9]+"", ""placeholder"": ""C"", ""required"": true, ""tooltip"": null, ""value"": ""C""}"
IA_2017,Iowa,Rev. 29/06/2017 (0900),SEX,1,SEX,Sex,select,False,,,,,,,"[{""value"": ""M"", ""label"": ""M""}, {""value"": ""F"", ""label"": ""F""}]","{""element"": ""select"", ""label"": ""Sex"", ""name"": ""SEX"", ""options"": [{""label"": ""M"", ""value"": ""M""}, {""label"": ""F"", ""value"": ""F""}], ""pattern"": null, ""placeholder"": null, ""required"": false, ""tooltip"": null, ""value"": null}"
IA_2017,Iowa,Rev. 29/06/2017 (0900),DONOR,1,DONOR,Donor,select,False,,,,,,,"[{""value"": ""NO"", ""label"": ""No""}, {""value"": ""YES"", ""label"": ""Yes""}]","{""element"": ""select"", ""label"": ""Donor"", ""name"": ""DONOR"", ""options"": [{""label"": ""No"", ""value"": ""NO""}, {""label"": ""Yes"", ""value"": ""YES""}], ""pattern"": null, ""placeholder"": null, ""required"": false, ""tooltip"": null, ""value"": null}"
IA_2017,Iowa,Rev. 29/06/2017 (0900),DOB,1,DOB,Birth date,input,True,01151970,((((0[13578]|1[02])(0[1-9]|[12][0-9]|3[01]))|((0[469]|11)(0[1-9]|[12][0-9]|30))|(02)(0[1-9]|[1][0-9]|2[0-8]))([0-9]{3}[1-9]|[0-9]{2}[1-9][0-9]{1}|[0-9]{1}[1-9][0-9]{2}|[1-9][0-9]{3}))|(0229(([0-9]{2})(0[48]|[2468][048]|[13579][26])|((0[48]|[2468][048]|[3579][26])00))),8,8,,You need input the date in MMDDYYYY format,[],"{""element"": ""input"", ""label"": ""Birth date"", ""maxlength"": 8, ""minlength"": 8, ""name"": ""DOB"", ""pattern"": ""((((0[13578]|1[02])(0[1-9]|[12][0-9]|3[01]))|((0[469]|11)(0[1-9]|[12][0-9]|30))|(02)(0[1-9]|[1][0-9]|2[0-8]))([0-9]{3}[1-9]|[0-9]{2}[1-9][0-9]{1}|[0-9]{1}[1-9][0-9]{2}|[1-9][0-9]{3}))|(0229(([0-9]{2})(0[48]|[2468][048]|[13579][26])|((0[48]|[2468][048]|[3579][26])00)))"", ""placeholder"": ""01151970"", ""required"": true, ""tooltip"": ""You need input the date in MMDDYYYY format"", ""value"": """"}"
IA_2017,Iowa,Rev. 29/06/2017 (0900),DOI,1,DOI,Issue date,input,True,08262020,((((0[13578]|1[02])(0[1-9]|[12][0-9]|3[01]))|((0[469]|11)(0[1-9]|[12][0-9]|30))|(02)(0[1-9]|[1][0-9]|2[0-8]))([0-9]{3}[1-9]|[0-9]{2}[1-9][0-9]{1}|[0-9]{1}[1-9][0-9]{2}|[1-9][0-9]{3}))|(0229(([0-9]{2})(0[48]|[2468][048]|[13579][26])|((0[48]|[2468][048]|[3579][26])00))),8,8,,You need input the date in MMDDYYYY formatw,[],"{""element"": ""input"", ""label"": ""Issue date"", ""maxlength"": 8, ""minlength"": 8, ""name"": ""DOI"", ""pattern"": ""((((0[13578]|1[02])(0[1-9]|[12][0-9]|3[01]))|((0[469]|11)(0[1-9]|[12][0-9]|30))|(02)(0[1-9]|[1][0-9]|2[0-8]))([0-9]{3}[1-9]|[0-9]{2}[1-9][0-9]{1}|[0-9]{1}[1-9][0-9]{2}|[1-9][0-9]{3}))|(0229(([0-9]{2})(0[48]|[2468][048]|[13579][26])|((0[48]|[2468][048]|[3579][26])00)))"", ""placeholder"": ""08262020"", ""required"": true, ""tooltip"": ""You need input the date in MMDDYYYY formatw"", ""value"": """"}"
IA_2017,Iowa,Rev. 29/06/2017 (0900),DOE,1,DOE,Expiry date,input,True,01152028,((((0[13578]|1[02])(0[1-9]|[12][0-9]|3[01]))|((0[469]|11)(0[1-9]|[12][0-9]|30))|(02)(0[1-9]|[1][0-9]|2[0-8]))([0-9]{3}[1-9]|[0-9]{2}[1-9][0-9]{1}|[0-9]{1}[1-9][0-9]{2}|[1-9][0-9]{3}))|(0229(([0-9]{2})(0[48]|[2468][048]|[13579][26])|((0[48]|[2468][048]|[3579][26])00))),8,8,,Same month and day as in birth date. 8 years after the year of issue,[],"{""element"": ""input"", ""label"": ""Expiry date"", ""maxlength"": 8, ""minlength"": 8, ""name"": ""DOE"", ""pattern"": ""((((0[13578]|1[02])(0[1-9]|[12][0-9]|3[01]))|((0[469]|11)(0[1-9]|[12][0-9]|30))|(02)(0[1-9]|[1][0-9]|2[0-8]))([0-9]{3}[1-9]|[0-9]{2}[1-9][0-9]{1}|[0-9]{1}[1-9][0-9]{2}|[1-9][0-9]{3}))|(0229(([0-9]{2})(0[48]|[2468][048]|[13579][26])|((0[48]|[2468][048]|[3579][26])00)))"", ""placeholder"": ""01152028"", ""required"": true, ""tooltip"": ""Same month and day as in birth date. 8 years after the year of issue"", ""value"": """"}"
IA_2017,Iowa,Rev. 29/06/2017 (0900),ICN,1,ICN,ICN,input,True,176ZB6504162400101,[0-9]{3}[a-zA-Z]{2}[0-9]{4}[0-9]{9},18,18,,Document number + issue year + number of days from the beginning of year (+3 day) + 0101. You can click on the calculator icon to calculate ICN <b>automatically!</b>,[],"{""element"": ""input"", ""label"": ""ICN"", ""maxlength"": 18, ""minlength"": 18, ""name"": ""ICN"", ""pattern"": ""[0-9]{3}[a-zA-Z]{2}[0-9]{4}[0-9]{9}"", ""placeholder"": ""176ZB6504162400101"", ""required"": true, ""tooltip"": ""Document number + issue year + number of days from the beginning of year (+3 day) + 0101. You can click on the calculator icon to calculate ICN <b>automatically!</b>"", ""value"": null}"
IA_2017,Iowa,Rev. 29/06/2017 (0900),DD,1,DD,DD,input,True,173604035DJ6050M150124D,[0-9]{9}[a-zA-Z]{2}[0-9]{4}[MF][0-9]{6}[a-zA-Z],23,23,,9 digits + first letter of last name + first letter of first name + 4 digits + sex + expiry date (MMDDYY) + R. You can click on the calculator icon to calculate DD <b>automatically!</b>,[],"{""element"": ""input"", ""label"": ""DD"", ""maxlength"": 23, ""minlength"": 23, ""name"": ""DD"", ""pattern"": ""[0-9]{9}[a-zA-Z]{2}[0-9]{4}[MF][0-9]{6}[a-zA-Z]"", ""placeholder"": ""173604035DJ6050M150124D"", ""required"": true, ""tooltip"": ""9 digits + first letter of last name + first letter of first name + 4 digits + sex + expiry date (MMDDYY) + R. You can click on the calculator icon to calculate DD <b>automatically!</b>"", ""value"": null}"
IA_2017,Iowa,Rev. 29/06/2017 (0900),RESTRICTIONS,1,RESTRICTIONS,Restrictions,input,True,NONE,,,,NONE,,[],"{""element"": ""input"", ""label"": ""Restrictions"", ""name"": ""RESTRICTIONS"", ""pattern"": null, ""placeholder"": ""NONE"", ""required"": true, ""tooltip"": null, ""value"": ""NONE""}"
IA_2017,Iowa,Rev. 29/06/2017 (0900),ENDORSEMENT,1,ENDORSEMENT,Endorsement,input,True,NONE,,,,NONE,,[],"{""element"": ""input"", ""label"": ""Endorsement"", ""name"": ""ENDORSEMENT"", ""pattern"": null, ""placeholder"": ""NONE"", ""required"": true, ""tooltip"": null, ""value"": ""NONE""}"
IA_2017,Iowa,Rev. 29/06/2017 (0900),HEIGHT,1,HEIGHT,Height (in.),input,True,69,,,2,69,,[],"{""element"": ""input"", ""label"": ""Height (in.)"", ""maxlength"": 2, ""name"": ""HEIGHT"", ""pattern"": null, ""placeholder"": ""69"", ""required"": true, ""tooltip"": null, ""value"": ""69""}"
IA_2017,Iowa,Rev. 29/06/2017 (0900),EYE,1,EYE,Eye (ANSI D-20),select,True,,,,,,,"[{""value"": """", ""label"": ""== Select ==""}, {""value"": ""BLK"", ""label"": ""BLK (Black)""}, {""value"": ""BLU"", ""label"": ""BLU (Blue)""}, {""value"": ""BRO"", ""label"": ""BRO (Brown)""}, {""value"": ""GRY"", ""label"": ""GRY (Gray)""}, {""value"": ""GRN"", ""label"": ""GRN (Green)""}, {""value"": ""HAZ"", ""label"": ""HAZ (Hazel)""}, {""value"": ""MAR"", ""label"": ""MAR (Maroon)""}, {""value"": ""PNK"", ""label"": ""PNK (Pink)""}, {""value"": ""DIC"", ""label"": ""DIC (Dichromatic)""}, {""value"": ""UNK"", ""label"": ""UNK (Unknown)""}]","{""element"": ""select"", ""label"": ""Eye (ANSI D-20)"", ""name"": ""EYE"", ""options"": [{""label"": ""== Select =="", ""value"": """"}, {""label"": ""BLK (Black)"", ""value"": ""BLK""}, {""label"": ""BLU (Blue)"", ""value"": ""BLU""}, {""label"": ""BRO (Brown)"", ""value"": ""BRO""}, {""label"": ""GRY (Gray)"", ""value"": ""GRY""}, {""label"": ""GRN (Green)"", ""value"": ""GRN""}, {""label"": ""HAZ (Hazel)"", ""value"": ""HAZ""}, {""label"": ""MAR (Maroon)"", ""value"": ""MAR""}, {""label"": ""PNK (Pink)"", ""value"": ""PNK""}, {""label"": ""DIC (Dichromatic)"", ""value"": ""DIC""}, {""label"": ""UNK (Unknown)"", ""value"": ""UNK""}], ""pattern"": null, ""placeholder"": null, ""required"": true, ""tooltip"": null, ""value"": null}"
KS,Kansas,(Rev. 02/24/2017),NUMBER,1,NUMBER,DL Number,input,True,K00-45-2697,K[0-9]{2}-[0-9]{2}-[0-9]{4},11,11,, You can click on the calculator icon to calculate number <b>automatically!</b>,[],"{""element"": ""input"", ""label"": ""DL Number"", ""maxlength"": 11, ""minlength"": 11, ""name"": ""NUMBER"", ""pattern"": ""K[0-9]{2}-[0-9]{2}-[0-9]{4}"", ""placeholder"": ""K00-45-2697"", ""required"": true, ""tooltip"": "" You can click on the calculator icon to calculate number <b>automatically!</b>"", ""value"": """"}"
KS,Kansas,(Rev. 02/24/2017),LASTNAME,1,LASTNAME,Last name,input,True,Doe,[a-zA-Z\s]+,,,,,[],"{""element"": ""input"", ""label"": ""Last name"", ""name"": ""LASTNAME"", ""pattern"": ""[a-zA-Z\\s]+"", ""placeholder"": ""Doe"", ""required"": true, ""tooltip"": null, ""value"": """"}"
KS,Kansas,(Rev. 02/24/2017),FIRSTNAME,1,FIRSTNAME,First name,input,True,John,[a-zA-Z\s]+,,,,,[],"{""element"": ""input"", ""label"": ""First name"", ""name"": ""FIRSTNAME"", ""pattern"": ""[a-zA-Z\\s]+"", ""placeholder"": ""John"", ""required"": true, ""tooltip"": null, ""value"": """"}"
KS,Kansas,(Rev. 02/24/2017),MIDDLENAME,1,MIDDLENAME,Middle name,input,False,,,,,,This field is optional. You can click on the calculator icon to generate random name. Select gender in the field below to specify name gender.,[],"{""element"": ""input"", ""label"": ""Middle name"", ""name"": ""MIDDLENAME"", ""pattern"": null, ""placeholder"": """", ""required"": false, ""tooltip"": ""This field is optional. You can click on the calculator icon to generate random name. Select gender in the field below to specify name gender."", ""value"": """"}"
KS,Kansas,(Rev. 02/24/2017),ADDRESS,1,ADDRESS,Address,input,True,12727 W 100th St,,,,12727 W 100th St,,[],"{""element"": ""input"", ""label"": ""Address"", ""name"": ""ADDRESS"", ""pattern"": null, ""placeholder"": ""12727 W 100th St"", ""required"": true, ""tooltip"": null, ""value"": ""12727 W 100th St""}"
KS,Kansas,(Rev. 02/24/2017),CITY,1,CITY,City,input,True,Lenexa,,,,Lenexa,,[],"{""element"": ""input"", ""label"": ""City"", ""name"": ""CITY"", ""pattern"": null, ""placeholder"": ""Lenexa"", ""required"": true, ""tooltip"": null, ""value"": ""Lenexa""}"
KS,Kansas,(Rev. 02/24/2017),ZIP,1,ZIP,Zip code,input,True,66215,[0-9]{5},5,5,66215,,[],"{""element"": ""input"", ""label"": ""Zip code"", ""maxlength"": 5, ""minlength"": 5, ""name"": ""ZIP"", ""pattern"": ""[0-9]{5}"", ""placeholder"": ""66215"", ""required"": true, ""tooltip"": null, ""value"": ""66215""}"
KS,Kansas,(Rev. 02/24/2017),CLASS,1,CLASS,DL Class,input,True,C,[A-Z1-9]+,1,4,C,,[],"{""element"": ""input"", ""label"": ""DL Class"", ""maxlength"": 4, ""minlength"": 1, ""name"": ""CLASS"", ""pattern"": ""[A-Z1-9]+"", ""placeholder"": ""C"", ""required"": true, ""tooltip"": null, ""value"": ""C""}"
KS,Kansas,(Rev. 02/24/2017),SEX,1,SEX,Sex,select,False,,,,,,,"[{""value"": ""M"", ""label"": ""M""}, {""value"": ""F"", ""label"": ""F""}]","{""element"": ""select"", ""label"": ""Sex"", ""name"": ""SEX"", ""options"": [{""label"": ""M"", ""value"": ""M""}, {""label"": ""F"", ""value"": ""F""}], ""pattern"": null, ""placeholder"": null, ""required"": false, ""tooltip"": null, ""value"": null}"
KS,Kansas,(Rev. 02/24/2017),DONOR,1,DONOR,Donor,select,False,,,,,,,"[{""value"": ""NO"", ""label"": ""No""}, {""value"": ""YES"", ""label"": ""Yes""}]","{""element"": ""select"", ""label"": ""Donor"", ""name"": ""DONOR"", ""options"": [{""label"": ""No"", ""value"": ""NO""}, {""label"": ""Yes"", ""value"": ""YES""}], ""pattern"": null, ""placeholder"": null, ""required"": false, ""tooltip"": null, ""value"": null}"
KS,Kansas,(Rev. 02/24/2017),DOB,1,DOB,Birth date,input,True,01151970,((((0[13578]|1[02])(0[1-9]|[12][0-9]|3[01]))|((0[469]|11)(0[1-9]|[12][0-9]|30))|(02)(0[1-9]|[1][0-9]|2[0-8]))([0-9]{3}[1-9]|[0-9]{2}[1-9][0-9]{1}|[0-9]{1}[1-9][0-9]{2}|[1-9][0-9]{3}))|(0229(([0-9]{2})(0[48]|[2468][048]|[13579][26])|((0[48]|[2468][048]|[3579][26])00))),8,8,,You need input the date in MMDDYYYY format,[],"{""element"": ""input"", ""label"": ""Birth date"", ""maxlength"": 8, ""minlength"": 8, ""name"": ""DOB"", ""pattern"": ""((((0[13578]|1[02])(0[1-9]|[12][0-9]|3[01]))|((0[469]|11)(0[1-9]|[12][0-9]|30))|(02)(0[1-9]|[1][0-9]|2[0-8]))([0-9]{3}[1-9]|[0-9]{2}[1-9][0-9]{1}|[0-9]{1}[1-9][0-9]{2}|[1-9][0-9]{3}))|(0229(([0-9]{2})(0[48]|[2468][048]|[13579][26])|((0[48]|[2468][048]|[3579][26])00)))"", ""placeholder"": ""01151970"", ""required"": true, ""tooltip"": ""You need input the date in MMDDYYYY format"", ""value"": """"}"
KS,Kansas,(Rev. 02/24/2017),DOI,1,DOI,Issue date,input,True,08262020,((((0[13578]|1[02])(0[1-9]|[12][0-9]|3[01]))|((0[469]|11)(0[1-9]|[12][0-9]|30))|(02)(0[1-9]|[1][0-9]|2[0-8]))([0-9]{3}[1-9]|[0-9]{2}[1-9][0-9]{1}|[0-9]{1}[1-9][0-9]{2}|[1-9][0-9]{3}))|(0229(([0-9]{2})(0[48]|[2468][048]|[13579][26])|((0[48]|[2468][048]|[3579][26])00))),8,8,,You need input the date in MMDDYYYY format,[],"{""element"": ""input"", ""label"": ""Issue date"", ""maxlength"": 8, ""minlength"": 8, ""name"": ""DOI"", ""pattern"": ""((((0[13578]|1[02])(0[1-9]|[12][0-9]|3[01]))|((0[469]|11)(0[1-9]|[12][0-9]|30))|(02)(0[1-9]|[1][0-9]|2[0-8]))([0-9]{3}[1-9]|[0-9]{2}[1-9][0-9]{1}|[0-9]{1}[1-9][0-9]{2}|[1-9][0-9]{3}))|(0229(([0-9]{2})(0[48]|[2468][048]|[13579][26])|((0[48]|[2468][048]|[3579][26])00)))"", ""placeholder"": ""08262020"", ""required"": true, ""tooltip"": ""You need input the date in MMDDYYYY format"", ""value"": """"}"
KS,Kansas,(Rev. 02/24/2017),DOE,1,DOE,Expiry date,input,True,01152026,((((0[13578]|1[02])(0[1-9]|[12][0-9]|3[01]))|((0[469]|11)(0[1-9]|[12][0-9]|30))|(02)(0[1-9]|[1][0-9]|2[0-8]))([0-9]{3}[1-9]|[0-9]{2}[1-9][0-9]{1}|[0-9]{1}[1-9][0-9]{2}|[1-9][0-9]{3}))|(0229(([0-9]{2})(0[48]|[2468][048]|[13579][26])|((0[48]|[2468][048]|[3579][26])00))),8,8,,Same month and day as in birth date. Validity 6 years for 21-64 years old. If age is more than 64 years or less than 21 - the validity period is 4 years,[],"{""element"": ""input"", ""label"": ""Expiry date"", ""maxlength"": 8, ""minlength"": 8, ""name"": ""DOE"", ""pattern"": ""((((0[13578]|1[02])(0[1-9]|[12][0-9]|3[01]))|((0[469]|11)(0[1-9]|[12][0-9]|30))|(02)(0[1-9]|[1][0-9]|2[0-8]))([0-9]{3}[1-9]|[0-9]{2}[1-9][0-9]{1}|[0-9]{1}[1-9][0-9]{2}|[1-9][0-9]{3}))|(0229(([0-9]{2})(0[48]|[2468][048]|[13579][26])|((0[48]|[2468][048]|[3579][26])00)))"", ""placeholder"": ""01152026"", ""required"": true, ""tooltip"": ""Same month and day as in birth date. Validity 6 years for 21-64 years old. If age is more than 64 years or less than 21 - the validity period is 4 years"", ""value"": """"}"
KS,Kansas,(Rev. 02/24/2017),ICN,1,ICN,ICN,input,True,20242K004526970101,[0-9]{5}[a-zA-Z][0-9]{12},18,18,,You can click on the calculator icon to calculate ICN <b>automatically!</b>,[],"{""element"": ""input"", ""label"": ""ICN"", ""maxlength"": 18, ""minlength"": 18, ""name"": ""ICN"", ""pattern"": ""[0-9]{5}[a-zA-Z][0-9]{12}"", ""placeholder"": ""20242K004526970101"", ""required"": true, ""tooltip"": ""You can click on the calculator icon to calculate ICN <b>automatically!</b>"", ""value"": null}"
KS,Kansas,(Rev. 02/24/2017),DD,1,DD,DD,input,True,72405466640DJ20240M2615AB,[0-9]{11}[a-zA-Z]{2}[0-9]{5}[mMfF][0-9]{4}[a-zA-Z]{2},25,25,,You can click on the calculator icon to calculate DD <b>automatically!</b>,[],"{""element"": ""input"", ""label"": ""DD"", ""maxlength"": 25, ""minlength"": 25, ""name"": ""DD"", ""pattern"": ""[0-9]{11}[a-zA-Z]{2}[0-9]{5}[mMfF][0-9]{4}[a-zA-Z]{2}"", ""placeholder"": ""72405466640DJ20240M2615AB"", ""required"": true, ""tooltip"": ""You can click on the calculator icon to calculate DD <b>automatically!</b>"", ""value"": null}"
KS,Kansas,(Rev. 02/24/2017),EYE,1,EYE,Eye (ANSI D-20),select,True,,,,,,,"[{""value"": """", ""label"": ""== Select ==""}, {""value"": ""BLK"", ""label"": ""BLK (Black)""}, {""value"": ""BLU"", ""label"": ""BLU (Blue)""}, {""value"": ""BRO"", ""label"": ""BRO (Brown)""}, {""value"": ""GRY"", ""label"": ""GRY (Gray)""}, {""value"": ""GRN"", ""label"": ""GRN (Green)""}, {""value"": ""HAZ"", ""label"": ""HAZ (Hazel)""}, {""value"": ""MAR"", ""label"": ""MAR (Maroon)""}, {""value"": ""PNK"", ""label"": ""PNK (Pink)""}, {""value"": ""DIC"", ""label"": ""DIC (Dichromatic)""}, {""value"": ""UNK"", ""label"": ""UNK (Unknown)""}]","{""element"": ""select"", ""label"": ""Eye (ANSI D-20)"", ""name"": ""EYE"", ""options"": [{""label"": ""== Select =="", ""value"": """"}, {""label"": ""BLK (Black)"", ""value"": ""BLK""}, {""label"": ""BLU (Blue)"", ""value"": ""BLU""}, {""label"": ""BRO (Brown)"", ""value"": ""BRO""}, {""label"": ""GRY (Gray)"", ""value"": ""GRY""}, {""label"": ""GRN (Green)"", ""value"": ""GRN""}, {""label"": ""HAZ (Hazel)"", ""value"": ""HAZ""}, {""label"": ""MAR (Maroon)"", ""value"": ""MAR""}, {""label"": ""PNK (Pink)"", ""value"": ""PNK""}, {""label"": ""DIC (Dichromatic)"", ""value"": ""DIC""}, {""label"": ""UNK (Unknown)"", ""value"": ""UNK""}], ""pattern"": null, ""placeholder"": null, ""required"": true, ""tooltip"": null, ""value"": null}"
KS,Kansas,(Rev. 02/24/2017),RESTRICTIONS,1,RESTRICTIONS,Restrictions,input,True,NONE,,,,NONE,,[],"{""element"": ""input"", ""label"": ""Restrictions"", ""name"": ""RESTRICTIONS"", ""pattern"": null, ""placeholder"": ""NONE"", ""required"": true, ""tooltip"": null, ""value"": ""NONE""}"
KS,Kansas,(Rev. 02/24/2017),ENDORSEMENT,1,ENDORSEMENT,Endorsement,input,True,NONE,,,,NONE,,[],"{""element"": ""input"", ""label"": ""Endorsement"", ""name"": ""ENDORSEMENT"", ""pattern"": null, ""placeholder"": ""NONE"", ""required"": true, ""tooltip"": null, ""value"": ""NONE""}"
KS,Kansas,(Rev. 02/24/2017),HEIGHT,1,HEIGHT,Height (in.),input,True,69,,,2,69,,[],"{""element"": ""input"", ""label"": ""Height (in.)"", ""maxlength"": 2, ""name"": ""HEIGHT"", ""pattern"": null, ""placeholder"": ""69"", ""required"": true, ""tooltip"": null, ""value"": ""69""}"
KS,Kansas,(Rev. 02/24/2017),WEIGHT,1,WEIGHT,Weight (lb.),input,True,169,,,3,169,,[],"{""element"": ""input"", ""label"": ""Weight (lb.)"", ""maxlength"": 3, ""name"": ""WEIGHT"", ""pattern"": null, ""placeholder"": ""169"", ""required"": true, ""tooltip"": null, ""value"": ""169""}"
KY_2012,Kentucky,(Rev. 03/16/2012),NUMBER,1,NUMBER,DL Number,input,True,D82767580,[a-zA-Z][0-9]{8},9,9,,First letter of the Laste name + 8 digits. You can click on the calculator icon to calculate number <b>automatically!</b>,[],"{""element"": ""input"", ""label"": ""DL Number"", ""maxlength"": 9, ""minlength"": 9, ""name"": ""NUMBER"", ""pattern"": ""[a-zA-Z][0-9]{8}"", ""placeholder"": ""D82767580"", ""required"": true, ""tooltip"": ""First letter of the Laste name + 8 digits. You can click on the calculator icon to calculate number <b>automatically!</b>"", ""value"": """"}"
KY_2012,Kentucky,(Rev. 03/16/2012),LASTNAME,1,LASTNAME,Last name,input,True,Doe,[a-zA-Z\s]+,,,,,[],"{""element"": ""input"", ""label"": ""Last name"", ""name"": ""LASTNAME"", ""pattern"": ""[a-zA-Z\\s]+"", ""placeholder"": ""Doe"", ""required"": true, ""tooltip"": null, ""value"": """"}"
KY_2012,Kentucky,(Rev. 03/16/2012),FIRSTNAME,1,FIRSTNAME,First name,input,True,John,[a-zA-Z\s]+,,,,,[],"{""element"": ""input"", ""label"": ""First name"", ""name"": ""FIRSTNAME"", ""pattern"": ""[a-zA-Z\\s]+"", ""placeholder"": ""John"", ""required"": true, ""tooltip"": null, ""value"": """"}"
KY_2012,Kentucky,(Rev. 03/16/2012),MIDDLENAME,1,MIDDLENAME,Middle name,input,False,,,,,,This field is optional. You can click on the calculator icon to generate random name. Select gender in the field below to specify name gender.,[],"{""element"": ""input"", ""label"": ""Middle name"", ""name"": ""MIDDLENAME"", ""pattern"": null, ""placeholder"": """", ""required"": false, ""tooltip"": ""This field is optional. You can click on the calculator icon to generate random name. Select gender in the field below to specify name gender."", ""value"": """"}"
KY_2012,Kentucky,(Rev. 03/16/2012),ADDRESS,1,ADDRESS,Address,input,True,535 Ashcreek Rd,,,,535 Ashcreek Rd,,[],"{""element"": ""input"", ""label"": ""Address"", ""name"": ""ADDRESS"", ""pattern"": null, ""placeholder"": ""535 Ashcreek Rd"", ""required"": true, ""tooltip"": null, ""value"": ""535 Ashcreek Rd""}"
KY_2012,Kentucky,(Rev. 03/16/2012),CITY,1,CITY,City,input,True,Paducah,,,,Paducah,,[],"{""element"": ""input"", ""label"": ""City"", ""name"": ""CITY"", ""pattern"": null, ""placeholder"": ""Paducah"", ""required"": true, ""tooltip"": null, ""value"": ""Paducah""}"
KY_2012,Kentucky,(Rev. 03/16/2012),ZIP,1,ZIP,Zip code,input,True,42001,[0-9]{5},5,5,42001,,[],"{""element"": ""input"", ""label"": ""Zip code"", ""maxlength"": 5, ""minlength"": 5, ""name"": ""ZIP"", ""pattern"": ""[0-9]{5}"", ""placeholder"": ""42001"", ""required"": true, ""tooltip"": null, ""value"": ""42001""}"
KY_2012,Kentucky,(Rev. 03/16/2012),CLASS,1,CLASS,DL Class,input,True,D,[A-Z1-9]+,1,4,D,,[],"{""element"": ""input"", ""label"": ""DL Class"", ""maxlength"": 4, ""minlength"": 1, ""name"": ""CLASS"", ""pattern"": ""[A-Z1-9]+"", ""placeholder"": ""D"", ""required"": true, ""tooltip"": null, ""value"": ""D""}"
KY_2012,Kentucky,(Rev. 03/16/2012),SEX,1,SEX,Sex,select,False,,,,,,,"[{""value"": ""M"", ""label"": ""M""}, {""value"": ""F"", ""label"": ""F""}]","{""element"": ""select"", ""label"": ""Sex"", ""name"": ""SEX"", ""options"": [{""label"": ""M"", ""value"": ""M""}, {""label"": ""F"", ""value"": ""F""}], ""pattern"": null, ""placeholder"": null, ""required"": false, ""tooltip"": null, ""value"": null}"
KY_2012,Kentucky,(Rev. 03/16/2012),DONOR,1,DONOR,Donor,select,False,,,,,,,"[{""value"": ""NO"", ""label"": ""No""}, {""value"": ""YES"", ""label"": ""Yes""}]","{""element"": ""select"", ""label"": ""Donor"", ""name"": ""DONOR"", ""options"": [{""label"": ""No"", ""value"": ""NO""}, {""label"": ""Yes"", ""value"": ""YES""}], ""pattern"": null, ""placeholder"": null, ""required"": false, ""tooltip"": null, ""value"": null}"
KY_2012,Kentucky,(Rev. 03/16/2012),DOB,1,DOB,Birth date,input,True,01151970,((((0[13578]|1[02])(0[1-9]|[12][0-9]|3[01]))|((0[469]|11)(0[1-9]|[12][0-9]|30))|(02)(0[1-9]|[1][0-9]|2[0-8]))([0-9]{3}[1-9]|[0-9]{2}[1-9][0-9]{1}|[0-9]{1}[1-9][0-9]{2}|[1-9][0-9]{3}))|(0229(([0-9]{2})(0[48]|[2468][048]|[13579][26])|((0[48]|[2468][048]|[3579][26])00))),8,8,,You need input the date in MMDDYYYY format,[],"{""element"": ""input"", ""label"": ""Birth date"", ""maxlength"": 8, ""minlength"": 8, ""name"": ""DOB"", ""pattern"": ""((((0[13578]|1[02])(0[1-9]|[12][0-9]|3[01]))|((0[469]|11)(0[1-9]|[12][0-9]|30))|(02)(0[1-9]|[1][0-9]|2[0-8]))([0-9]{3}[1-9]|[0-9]{2}[1-9][0-9]{1}|[0-9]{1}[1-9][0-9]{2}|[1-9][0-9]{3}))|(0229(([0-9]{2})(0[48]|[2468][048]|[13579][26])|((0[48]|[2468][048]|[3579][26])00)))"", ""placeholder"": ""01151970"", ""required"": true, ""tooltip"": ""You need input the date in MMDDYYYY format"", ""value"": """"}"
KY_2012,Kentucky,(Rev. 03/16/2012),DOI,1,DOI,Issue date,input,True,06062017,((((0[13578]|1[02])(0[1-9]|[12][0-9]|3[01]))|((0[469]|11)(0[1-9]|[12][0-9]|30))|(02)(0[1-9]|[1][0-9]|2[0-8]))([0-9]{3}[1-9]|[0-9]{2}[1-9][0-9]{1}|[0-9]{1}[1-9][0-9]{2}|[1-9][0-9]{3}))|(0229(([0-9]{2})(0[48]|[2468][048]|[13579][26])|((0[48]|[2468][048]|[3579][26])00))),8,8,,You need input the date in MMDDYYYY format,[],"{""element"": ""input"", ""label"": ""Issue date"", ""maxlength"": 8, ""minlength"": 8, ""name"": ""DOI"", ""pattern"": ""((((0[13578]|1[02])(0[1-9]|[12][0-9]|3[01]))|((0[469]|11)(0[1-9]|[12][0-9]|30))|(02)(0[1-9]|[1][0-9]|2[0-8]))([0-9]{3}[1-9]|[0-9]{2}[1-9][0-9]{1}|[0-9]{1}[1-9][0-9]{2}|[1-9][0-9]{3}))|(0229(([0-9]{2})(0[48]|[2468][048]|[13579][26])|((0[48]|[2468][048]|[3579][26])00)))"", ""placeholder"": ""06062017"", ""required"": true, ""tooltip"": ""You need input the date in MMDDYYYY format"", ""value"": """"}"
KY_2012,Kentucky,(Rev. 03/16/2012),DOE,1,DOE,Expiry date,input,True,02182025,((((0[13578]|1[02])(0[1-9]|[12][0-9]|3[01]))|((0[469]|11)(0[1-9]|[12][0-9]|30))|(02)(0[1-9]|[1][0-9]|2[0-8]))([0-9]{3}[1-9]|[0-9]{2}[1-9][0-9]{1}|[0-9]{1}[1-9][0-9]{2}|[1-9][0-9]{3}))|(0229(([0-9]{2})(0[48]|[2468][048]|[13579][26])|((0[48]|[2468][048]|[3579][26])00))),8,8,,Same month and day as in birth date. 6 years after the year of issue,[],"{""element"": ""input"", ""label"": ""Expiry date"", ""maxlength"": 8, ""minlength"": 8, ""name"": ""DOE"", ""pattern"": ""((((0[13578]|1[02])(0[1-9]|[12][0-9]|3[01]))|((0[469]|11)(0[1-9]|[12][0-9]|30))|(02)(0[1-9]|[1][0-9]|2[0-8]))([0-9]{3}[1-9]|[0-9]{2}[1-9][0-9]{1}|[0-9]{1}[1-9][0-9]{2}|[1-9][0-9]{3}))|(0229(([0-9]{2})(0[48]|[2468][048]|[13579][26])|((0[48]|[2468][048]|[3579][26])00)))"", ""placeholder"": ""02182025"", ""required"": true, ""tooltip"": ""Same month and day as in birth date. 6 years after the year of issue"", ""value"": """"}"
KY_2012,Kentucky,(Rev. 03/16/2012),ICN,1,ICN,ICN,input,True,0460017830322351,04600[0-9]{11},16,16,,04600 + year of issue + 9 digits. You can click on the calculator icon to calculate ICN <b>automatically!</b>,[],"{""element"": ""input"", ""label"": ""ICN"", ""maxlength"": 16, ""minlength"": 16, ""name"": ""ICN"", ""pattern"": ""04600[0-9]{11}"", ""placeholder"": ""0460017830322351"", ""required"": true, ""tooltip"": ""04600 + year of issue + 9 digits. You can click on the calculator icon to calculate ICN <b>automatically!</b>"", ""value"": null}"
KY_2012,Kentucky,(Rev. 03/16/2012),DD,1,DD,DD,input,True,4372782319947690,[0-9]{16},16,16,,16 digits. You can click on the calculator icon to calculate DD <b>automatically!</b>,[],"{""element"": ""input"", ""label"": ""DD"", ""maxlength"": 16, ""minlength"": 16, ""name"": ""DD"", ""pattern"": ""[0-9]{16}"", ""placeholder"": ""4372782319947690"", ""required"": true, ""tooltip"": ""16 digits. You can click on the calculator icon to calculate DD <b>automatically!</b>"", ""value"": null}"
KY_2012,Kentucky,(Rev. 03/16/2012),RESTRICTIONS,1,RESTRICTIONS,Restrictions,input,True,NONE,,,,NONE,,[],"{""element"": ""input"", ""label"": ""Restrictions"", ""name"": ""RESTRICTIONS"", ""pattern"": null, ""placeholder"": ""NONE"", ""required"": true, ""tooltip"": null, ""value"": ""NONE""}"
KY_2012,Kentucky,(Rev. 03/16/2012),ENDORSEMENT,1,ENDORSEMENT,Endorsement,input,True,NONE,,,,NONE,,[],"{""element"": ""input"", ""label"": ""Endorsement"", ""name"": ""ENDORSEMENT"", ""pattern"": null, ""placeholder"": ""NONE"", ""required"": true, ""tooltip"": null, ""value"": ""NONE""}"
KY_2012,Kentucky,(Rev. 03/16/2012),HEIGHT,1,HEIGHT,Height (in.),input,True,69,,,2,69,,[],"{""element"": ""input"", ""label"": ""Height (in.)"", ""maxlength"": 2, ""name"": ""HEIGHT"", ""pattern"": null, ""placeholder"": ""69"", ""required"": true, ""tooltip"": null, ""value"": ""69""}"
KY_2012,Kentucky,(Rev. 03/16/2012),EYE,1,EYE,Eye (ANSI D-20),select,True,,,,,,,"[{""value"": """", ""label"": ""== Select ==""}, {""value"": ""BLK"", ""label"": ""BLK (Black)""}, {""value"": ""BLU"", ""label"": ""BLU (Blue)""}, {""value"": ""BRO"", ""label"": ""BRO (Brown)""}, {""value"": ""GRY"", ""label"": ""GRY (Gray)""}, {""value"": ""GRN"", ""label"": ""GRN (Green)""}, {""value"": ""HAZ"", ""label"": ""HAZ (Hazel)""}, {""value"": ""MAR"", ""label"": ""MAR (Maroon)""}, {""value"": ""PNK"", ""label"": ""PNK (Pink)""}, {""value"": ""DIC"", ""label"": ""DIC (Dichromatic)""}, {""value"": ""UNK"", ""label"": ""UNK (Unknown)""}]","{""element"": ""select"", ""label"": ""Eye (ANSI D-20)"", ""name"": ""EYE"", ""options"": [{""label"": ""== Select =="", ""value"": """"}, {""label"": ""BLK (Black)"", ""value"": ""BLK""}, {""label"": ""BLU (Blue)"", ""value"": ""BLU""}, {""label"": ""BRO (Brown)"", ""value"": ""BRO""}, {""label"": ""GRY (Gray)"", ""value"": ""GRY""}, {""label"": ""GRN (Green)"", ""value"": ""GRN""}, {""label"": ""HAZ (Hazel)"", ""value"": ""HAZ""}, {""label"": ""MAR (Maroon)"", ""value"": ""MAR""}, {""label"": ""PNK (Pink)"", ""value"": ""PNK""}, {""label"": ""DIC (Dichromatic)"", ""value"": ""DIC""}, {""label"": ""UNK (Unknown)"", ""value"": ""UNK""}], ""pattern"": null, ""placeholder"": null, ""required"": true, ""tooltip"": null, ""value"": null}"
KY_2018,Kentucky,Rev. 08/31/2018 (0900),NUMBER,1,NUMBER,DL Number,input,True,D63091036,[a-zA-Z][0-9]{8},9,9,,First letter of the Laste name + 8 digits. You can click on the calculator icon to calculate number <b>automatically!</b>,[],"{""element"": ""input"", ""label"": ""DL Number"", ""maxlength"": 9, ""minlength"": 9, ""name"": ""NUMBER"", ""pattern"": ""[a-zA-Z][0-9]{8}"", ""placeholder"": ""D63091036"", ""required"": true, ""tooltip"": ""First letter of the Laste name + 8 digits. You can click on the calculator icon to calculate number <b>automatically!</b>"", ""value"": """"}"
KY_2018,Kentucky,Rev. 08/31/2018 (0900),LASTNAME,1,LASTNAME,Last name,input,True,Doe,[a-zA-Z\s]+,,,,,[],"{""element"": ""input"", ""label"": ""Last name"", ""name"": ""LASTNAME"", ""pattern"": ""[a-zA-Z\\s]+"", ""placeholder"": ""Doe"", ""required"": true, ""tooltip"": null, ""value"": """"}"
KY_2018,Kentucky,Rev. 08/31/2018 (0900),FIRSTNAME,1,FIRSTNAME,First name,input,True,John,[a-zA-Z\s]+,,,,,[],"{""element"": ""input"", ""label"": ""First name"", ""name"": ""FIRSTNAME"", ""pattern"": ""[a-zA-Z\\s]+"", ""placeholder"": ""John"", ""required"": true, ""tooltip"": null, ""value"": """"}"
KY_2018,Kentucky,Rev. 08/31/2018 (0900),MIDDLENAME,1,MIDDLENAME,Middle name,input,False,Daniel,[a-zA-Z\s]+,,,,This field is optional. You can click on the calculator icon to generate random name. Select gender in the field below to specify name gender.,[],"{""element"": ""input"", ""label"": ""Middle name"", ""name"": ""MIDDLENAME"", ""pattern"": ""[a-zA-Z\\s]+"", ""placeholder"": ""Daniel"", ""required"": false, ""tooltip"": ""This field is optional. You can click on the calculator icon to generate random name. Select gender in the field below to specify name gender."", ""value"": """"}"
KY_2018,Kentucky,Rev. 08/31/2018 (0900),ADDRESS,1,ADDRESS,Address,input,True,2069 Belmont Dr,,,,2069 Belmont Dr,,[],"{""element"": ""input"", ""label"": ""Address"", ""name"": ""ADDRESS"", ""pattern"": null, ""placeholder"": ""2069 Belmont Dr"", ""required"": true, ""tooltip"": null, ""value"": ""2069 Belmont Dr""}"
KY_2018,Kentucky,Rev. 08/31/2018 (0900),CITY,1,CITY,City,input,True,Lexington,,,,Lexington,,[],"{""element"": ""input"", ""label"": ""City"", ""name"": ""CITY"", ""pattern"": null, ""placeholder"": ""Lexington"", ""required"": true, ""tooltip"": null, ""value"": ""Lexington""}"
KY_2018,Kentucky,Rev. 08/31/2018 (0900),ZIP,1,ZIP,Zip code,input,True,40516,[0-9]{5},5,5,40516,,[],"{""element"": ""input"", ""label"": ""Zip code"", ""maxlength"": 5, ""minlength"": 5, ""name"": ""ZIP"", ""pattern"": ""[0-9]{5}"", ""placeholder"": ""40516"", ""required"": true, ""tooltip"": null, ""value"": ""40516""}"
KY_2018,Kentucky,Rev. 08/31/2018 (0900),CLASS,1,CLASS,DL Class,input,True,D,[A-Z1-9]+,1,4,D,,[],"{""element"": ""input"", ""label"": ""DL Class"", ""maxlength"": 4, ""minlength"": 1, ""name"": ""CLASS"", ""pattern"": ""[A-Z1-9]+"", ""placeholder"": ""D"", ""required"": true, ""tooltip"": null, ""value"": ""D""}"
KY_2018,Kentucky,Rev. 08/31/2018 (0900),SEX,1,SEX,Sex,select,False,,,,,,,"[{""value"": ""M"", ""label"": ""M""}, {""value"": ""F"", ""label"": ""F""}]","{""element"": ""select"", ""label"": ""Sex"", ""name"": ""SEX"", ""options"": [{""label"": ""M"", ""value"": ""M""}, {""label"": ""F"", ""value"": ""F""}], ""pattern"": null, ""placeholder"": null, ""required"": false, ""tooltip"": null, ""value"": null}"
KY_2018,Kentucky,Rev. 08/31/2018 (0900),DONOR,1,DONOR,Donor,select,False,,,,,,,"[{""value"": ""NO"", ""label"": ""No""}, {""value"": ""YES"", ""label"": ""Yes""}]","{""element"": ""select"", ""label"": ""Donor"", ""name"": ""DONOR"", ""options"": [{""label"": ""No"", ""value"": ""NO""}, {""label"": ""Yes"", ""value"": ""YES""}], ""pattern"": null, ""placeholder"": null, ""required"": false, ""tooltip"": null, ""value"": null}"
KY_2018,Kentucky,Rev. 08/31/2018 (0900),DOB,1,DOB,Birth date,input,True,01151970,((((0[13578]|1[02])(0[1-9]|[12][0-9]|3[01]))|((0[469]|11)(0[1-9]|[12][0-9]|30))|(02)(0[1-9]|[1][0-9]|2[0-8]))([0-9]{3}[1-9]|[0-9]{2}[1-9][0-9]{1}|[0-9]{1}[1-9][0-9]{2}|[1-9][0-9]{3}))|(0229(([0-9]{2})(0[48]|[2468][048]|[13579][26])|((0[48]|[2468][048]|[3579][26])00))),8,8,,You need input the date in MMDDYYYY format,[],"{""element"": ""input"", ""label"": ""Birth date"", ""maxlength"": 8, ""minlength"": 8, ""name"": ""DOB"", ""pattern"": ""((((0[13578]|1[02])(0[1-9]|[12][0-9]|3[01]))|((0[469]|11)(0[1-9]|[12][0-9]|30))|(02)(0[1-9]|[1][0-9]|2[0-8]))([0-9]{3}[1-9]|[0-9]{2}[1-9][0-9]{1}|[0-9]{1}[1-9][0-9]{2}|[1-9][0-9]{3}))|(0229(([0-9]{2})(0[48]|[2468][048]|[13579][26])|((0[48]|[2468][048]|[3579][26])00)))"", ""placeholder"": ""01151970"", ""required"": true, ""tooltip"": ""You need input the date in MMDDYYYY format"", ""value"": """"}"
KY_2018,Kentucky,Rev. 08/31/2018 (0900),DOI,1,DOI,Issue date,input,True,01222022,((((0[13578]|1[02])(0[1-9]|[12][0-9]|3[01]))|((0[469]|11)(0[1-9]|[12][0-9]|30))|(02)(0[1-9]|[1][0-9]|2[0-8]))([0-9]{3}[1-9]|[0-9]{2}[1-9][0-9]{1}|[0-9]{1}[1-9][0-9]{2}|[1-9][0-9]{3}))|(0229(([0-9]{2})(0[48]|[2468][048]|[13579][26])|((0[48]|[2468][048]|[3579][26])00))),8,8,,You need input the date in MMDDYYYY format,[],"{""element"": ""input"", ""label"": ""Issue date"", ""maxlength"": 8, ""minlength"": 8, ""name"": ""DOI"", ""pattern"": ""((((0[13578]|1[02])(0[1-9]|[12][0-9]|3[01]))|((0[469]|11)(0[1-9]|[12][0-9]|30))|(02)(0[1-9]|[1][0-9]|2[0-8]))([0-9]{3}[1-9]|[0-9]{2}[1-9][0-9]{1}|[0-9]{1}[1-9][0-9]{2}|[1-9][0-9]{3}))|(0229(([0-9]{2})(0[48]|[2468][048]|[13579][26])|((0[48]|[2468][048]|[3579][26])00)))"", ""placeholder"": ""01222022"", ""required"": true, ""tooltip"": ""You need input the date in MMDDYYYY format"", ""value"": """"}"
KY_2018,Kentucky,Rev. 08/31/2018 (0900),DOE,1,DOE,Expiry date,input,True,01162026,((((0[13578]|1[02])(0[1-9]|[12][0-9]|3[01]))|((0[469]|11)(0[1-9]|[12][0-9]|30))|(02)(0[1-9]|[1][0-9]|2[0-8]))([0-9]{3}[1-9]|[0-9]{2}[1-9][0-9]{1}|[0-9]{1}[1-9][0-9]{2}|[1-9][0-9]{3}))|(0229(([0-9]{2})(0[48]|[2468][048]|[13579][26])|((0[48]|[2468][048]|[3579][26])00))),8,8,,Same month and day + 1 as in birth date. 4 years after the year of issue,[],"{""element"": ""input"", ""label"": ""Expiry date"", ""maxlength"": 8, ""minlength"": 8, ""name"": ""DOE"", ""pattern"": ""((((0[13578]|1[02])(0[1-9]|[12][0-9]|3[01]))|((0[469]|11)(0[1-9]|[12][0-9]|30))|(02)(0[1-9]|[1][0-9]|2[0-8]))([0-9]{3}[1-9]|[0-9]{2}[1-9][0-9]{1}|[0-9]{1}[1-9][0-9]{2}|[1-9][0-9]{3}))|(0229(([0-9]{2})(0[48]|[2468][048]|[13579][26])|((0[48]|[2468][048]|[3579][26])00)))"", ""placeholder"": ""01162026"", ""required"": true, ""tooltip"": ""Same month and day + 1 as in birth date. 4 years after the year of issue"", ""value"": """"}"
KY_2018,Kentucky,Rev. 08/31/2018 (0900),ICN,1,ICN,ICN,input,True,0460107954698883,[0-9]{16},16,16,,'04601' + 11 random digits. You can click on the calculator icon to calculate ICN <b>automatically!</b>,[],"{""element"": ""input"", ""label"": ""ICN"", ""maxlength"": 16, ""minlength"": 16, ""name"": ""ICN"", ""pattern"": ""[0-9]{16}"", ""placeholder"": ""0460107954698883"", ""required"": true, ""tooltip"": ""'04601' + 11 random digits. You can click on the calculator icon to calculate ICN <b>automatically!</b>"", ""value"": null}"
KY_2018,Kentucky,Rev. 08/31/2018 (0900),DD,1,DD,DD,input,True,2022012288217092 01111,[0-9]{16}\s[0-9]{5},22,22,,Date of issue (YYYYMMDD) + 8 random digits + '' + '01111'. You can click on the calculator icon to calculate DD <b>automatically!</b>,[],"{""element"": ""input"", ""label"": ""DD"", ""maxlength"": 22, ""minlength"": 22, ""name"": ""DD"", ""pattern"": ""[0-9]{16}\\s[0-9]{5}"", ""placeholder"": ""2022012288217092 01111"", ""required"": true, ""tooltip"": ""Date of issue (YYYYMMDD) + 8 random digits + '' + '01111'. You can click on the calculator icon to calculate DD <b>automatically!</b>"", ""value"": null}"
KY_2018,Kentucky,Rev. 08/31/2018 (0900),RESTRICTIONS,1,RESTRICTIONS,Restrictions,input,True,NONE,,,,NONE,,[],"{""element"": ""input"", ""label"": ""Restrictions"", ""name"": ""RESTRICTIONS"", ""pattern"": null, ""placeholder"": ""NONE"", ""required"": true, ""tooltip"": null, ""value"": ""NONE""}"
KY_2018,Kentucky,Rev. 08/31/2018 (0900),ENDORSEMENT,1,ENDORSEMENT,Endorsement,input,True,NONE,,,,NONE,,[],"{""element"": ""input"", ""label"": ""Endorsement"", ""name"": ""ENDORSEMENT"", ""pattern"": null, ""placeholder"": ""NONE"", ""required"": true, ""tooltip"": null, ""value"": ""NONE""}"
KY_2018,Kentucky,Rev. 08/31/2018 (0900),HEIGHT,1,HEIGHT,Height (in.),input,True,69,,,2,69,,[],"{""element"": ""input"", ""label"": ""Height (in.)"", ""maxlength"": 2, ""name"": ""HEIGHT"", ""pattern"": null, ""placeholder"": ""69"", ""required"": true, ""tooltip"": null, ""value"": ""69""}"
KY_2018,Kentucky,Rev. 08/31/2018 (0900),EYE,1,EYE,Eye (ANSI D-20),select,True,,,,,,,"[{""value"": """", ""label"": ""== Select ==""}, {""value"": ""BLK"", ""label"": ""BLK (Black)""}, {""value"": ""BLU"", ""label"": ""BLU (Blue)""}, {""value"": ""BRO"", ""label"": ""BRO (Brown)""}, {""value"": ""GRY"", ""label"": ""GRY (Gray)""}, {""value"": ""GRN"", ""label"": ""GRN (Green)""}, {""value"": ""HAZ"", ""label"": ""HAZ (Hazel)""}, {""value"": ""MAR"", ""label"": ""MAR (Maroon)""}, {""value"": ""PNK"", ""label"": ""PNK (Pink)""}, {""value"": ""DIC"", ""label"": ""DIC (Dichromatic)""}, {""value"": ""UNK"", ""label"": ""UNK (Unknown)""}]","{""element"": ""select"", ""label"": ""Eye (ANSI D-20)"", ""name"": ""EYE"", ""options"": [{""label"": ""== Select =="", ""value"": """"}, {""label"": ""BLK (Black)"", ""value"": ""BLK""}, {""label"": ""BLU (Blue)"", ""value"": ""BLU""}, {""label"": ""BRO (Brown)"", ""value"": ""BRO""}, {""label"": ""GRY (Gray)"", ""value"": ""GRY""}, {""label"": ""GRN (Green)"", ""value"": ""GRN""}, {""label"": ""HAZ (Hazel)"", ""value"": ""HAZ""}, {""label"": ""MAR (Maroon)"", ""value"": ""MAR""}, {""label"": ""PNK (Pink)"", ""value"": ""PNK""}, {""label"": ""DIC (Dichromatic)"", ""value"": ""DIC""}, {""label"": ""UNK (Unknown)"", ""value"": ""UNK""}], ""pattern"": null, ""placeholder"": null, ""required"": true, ""tooltip"": null, ""value"": null}"
KY_2018,Kentucky,Rev. 08/31/2018 (0900),REALID,1,REALID,Is REAL ID,select,False,,,,,,"Kentucky started issuing REAL ID compliant cards on 06/28/2019. If the card issue date is before this date, do not select REAL ID compliant.","[{""value"": ""F"", ""label"": ""Yes""}, {""value"": ""N"", ""label"": ""No""}]","{""element"": ""select"", ""label"": ""Is REAL ID"", ""name"": ""REALID"", ""options"": [{""label"": ""Yes"", ""value"": ""F""}, {""label"": ""No"", ""value"": ""N""}], ""pattern"": null, ""placeholder"": null, ""required"": false, ""tooltip"": ""Kentucky started issuing REAL ID compliant cards on 06/28/2019. If the card issue date is before this date, do not select REAL ID compliant."", ""value"": null}"
LA,Louisiana,(Rev. 02/10/2015),NUMBER,1,NUMBER,DL Number,input,True,007343439,[0-9]{9},9,9,,00 or 01 + 7 digits. You can click on the calculator icon to calculate number <b>automatically!</b>,[],"{""element"": ""input"", ""label"": ""DL Number"", ""maxlength"": 9, ""minlength"": 9, ""name"": ""NUMBER"", ""pattern"": ""[0-9]{9}"", ""placeholder"": ""007343439"", ""required"": true, ""tooltip"": ""00 or 01 + 7 digits. You can click on the calculator icon to calculate number <b>automatically!</b>"", ""value"": """"}"
LA,Louisiana,(Rev. 02/10/2015),LASTNAME,1,LASTNAME,Last name,input,True,Doe,[a-zA-Z\s]+,,,,,[],"{""element"": ""input"", ""label"": ""Last name"", ""name"": ""LASTNAME"", ""pattern"": ""[a-zA-Z\\s]+"", ""placeholder"": ""Doe"", ""required"": true, ""tooltip"": null, ""value"": """"}"
LA,Louisiana,(Rev. 02/10/2015),FIRSTNAME,1,FIRSTNAME,First name,input,True,John,[a-zA-Z\s]+,,,,,[],"{""element"": ""input"", ""label"": ""First name"", ""name"": ""FIRSTNAME"", ""pattern"": ""[a-zA-Z\\s]+"", ""placeholder"": ""John"", ""required"": true, ""tooltip"": null, ""value"": """"}"
LA,Louisiana,(Rev. 02/10/2015),MIDDLENAME,1,MIDDLENAME,Middle name,input,False,,,,,,This field is optional. You can click on the calculator icon to generate random name. Select gender in the field below to specify name gender.,[],"{""element"": ""input"", ""label"": ""Middle name"", ""name"": ""MIDDLENAME"", ""pattern"": null, ""placeholder"": """", ""required"": false, ""tooltip"": ""This field is optional. You can click on the calculator icon to generate random name. Select gender in the field below to specify name gender."", ""value"": """"}"
LA,Louisiana,(Rev. 02/10/2015),ADDRESS,1,ADDRESS,Address,input,True,1016 Sewell St,,,,1016 Sewell St,,[],"{""element"": ""input"", ""label"": ""Address"", ""name"": ""ADDRESS"", ""pattern"": null, ""placeholder"": ""1016 Sewell St"", ""required"": true, ""tooltip"": null, ""value"": ""1016 Sewell St""}"
LA,Louisiana,(Rev. 02/10/2015),CITY,1,CITY,City,input,True,Slidell,,,,Slidell,,[],"{""element"": ""input"", ""label"": ""City"", ""name"": ""CITY"", ""pattern"": null, ""placeholder"": ""Slidell"", ""required"": true, ""tooltip"": null, ""value"": ""Slidell""}"
LA,Louisiana,(Rev. 02/10/2015),ZIP,1,ZIP,Zip code,input,True,70461,[0-9]{5},5,5,70461,,[],"{""element"": ""input"", ""label"": ""Zip code"", ""maxlength"": 5, ""minlength"": 5, ""name"": ""ZIP"", ""pattern"": ""[0-9]{5}"", ""placeholder"": ""70461"", ""required"": true, ""tooltip"": null, ""value"": ""70461""}"
LA,Louisiana,(Rev. 02/10/2015),CLASS,1,CLASS,DL Class,input,True,E,[A-Z1-9]+,1,4,E,,[],"{""element"": ""input"", ""label"": ""DL Class"", ""maxlength"": 4, ""minlength"": 1, ""name"": ""CLASS"", ""pattern"": ""[A-Z1-9]+"", ""placeholder"": ""E"", ""required"": true, ""tooltip"": null, ""value"": ""E""}"
LA,Louisiana,(Rev. 02/10/2015),SEX,1,SEX,Sex,select,False,,,,,,,"[{""value"": ""M"", ""label"": ""M""}, {""value"": ""F"", ""label"": ""F""}]","{""element"": ""select"", ""label"": ""Sex"", ""name"": ""SEX"", ""options"": [{""label"": ""M"", ""value"": ""M""}, {""label"": ""F"", ""value"": ""F""}], ""pattern"": null, ""placeholder"": null, ""required"": false, ""tooltip"": null, ""value"": null}"
LA,Louisiana,(Rev. 02/10/2015),DONOR,1,DONOR,Donor,select,False,,,,,,,"[{""value"": ""NO"", ""label"": ""No""}, {""value"": ""YES"", ""label"": ""Yes""}]","{""element"": ""select"", ""label"": ""Donor"", ""name"": ""DONOR"", ""options"": [{""label"": ""No"", ""value"": ""NO""}, {""label"": ""Yes"", ""value"": ""YES""}], ""pattern"": null, ""placeholder"": null, ""required"": false, ""tooltip"": null, ""value"": null}"
LA,Louisiana,(Rev. 02/10/2015),DOB,1,DOB,Birth date,input,True,01151970,((((0[13578]|1[02])(0[1-9]|[12][0-9]|3[01]))|((0[469]|11)(0[1-9]|[12][0-9]|30))|(02)(0[1-9]|[1][0-9]|2[0-8]))([0-9]{3}[1-9]|[0-9]{2}[1-9][0-9]{1}|[0-9]{1}[1-9][0-9]{2}|[1-9][0-9]{3}))|(0229(([0-9]{2})(0[48]|[2468][048]|[13579][26])|((0[48]|[2468][048]|[3579][26])00))),8,8,,You need input the date in MMDDYYYY format,[],"{""element"": ""input"", ""label"": ""Birth date"", ""maxlength"": 8, ""minlength"": 8, ""name"": ""DOB"", ""pattern"": ""((((0[13578]|1[02])(0[1-9]|[12][0-9]|3[01]))|((0[469]|11)(0[1-9]|[12][0-9]|30))|(02)(0[1-9]|[1][0-9]|2[0-8]))([0-9]{3}[1-9]|[0-9]{2}[1-9][0-9]{1}|[0-9]{1}[1-9][0-9]{2}|[1-9][0-9]{3}))|(0229(([0-9]{2})(0[48]|[2468][048]|[13579][26])|((0[48]|[2468][048]|[3579][26])00)))"", ""placeholder"": ""01151970"", ""required"": true, ""tooltip"": ""You need input the date in MMDDYYYY format"", ""value"": """"}"
LA,Louisiana,(Rev. 02/10/2015),DOI,1,DOI,Issue date,input,True,08262018,((((0[13578]|1[02])(0[1-9]|[12][0-9]|3[01]))|((0[469]|11)(0[1-9]|[12][0-9]|30))|(02)(0[1-9]|[1][0-9]|2[0-8]))([0-9]{3}[1-9]|[0-9]{2}[1-9][0-9]{1}|[0-9]{1}[1-9][0-9]{2}|[1-9][0-9]{3}))|(0229(([0-9]{2})(0[48]|[2468][048]|[13579][26])|((0[48]|[2468][048]|[3579][26])00))),8,8,,You need input the date in MMDDYYYY format,[],"{""element"": ""input"", ""label"": ""Issue date"", ""maxlength"": 8, ""minlength"": 8, ""name"": ""DOI"", ""pattern"": ""((((0[13578]|1[02])(0[1-9]|[12][0-9]|3[01]))|((0[469]|11)(0[1-9]|[12][0-9]|30))|(02)(0[1-9]|[1][0-9]|2[0-8]))([0-9]{3}[1-9]|[0-9]{2}[1-9][0-9]{1}|[0-9]{1}[1-9][0-9]{2}|[1-9][0-9]{3}))|(0229(([0-9]{2})(0[48]|[2468][048]|[13579][26])|((0[48]|[2468][048]|[3579][26])00)))"", ""placeholder"": ""08262018"", ""required"": true, ""tooltip"": ""You need input the date in MMDDYYYY format"", ""value"": """"}"
LA,Louisiana,(Rev. 02/10/2015),DOE,1,DOE,Expiry date,input,True,01152024,((((0[13578]|1[02])(0[1-9]|[12][0-9]|3[01]))|((0[469]|11)(0[1-9]|[12][0-9]|30))|(02)(0[1-9]|[1][0-9]|2[0-8]))([0-9]{3}[1-9]|[0-9]{2}[1-9][0-9]{1}|[0-9]{1}[1-9][0-9]{2}|[1-9][0-9]{3}))|(0229(([0-9]{2})(0[48]|[2468][048]|[13579][26])|((0[48]|[2468][048]|[3579][26])00))),8,8,,Same month and day as in birth date. 6 years after the year of issue,[],"{""element"": ""input"", ""label"": ""Expiry date"", ""maxlength"": 8, ""minlength"": 8, ""name"": ""DOE"", ""pattern"": ""((((0[13578]|1[02])(0[1-9]|[12][0-9]|3[01]))|((0[469]|11)(0[1-9]|[12][0-9]|30))|(02)(0[1-9]|[1][0-9]|2[0-8]))([0-9]{3}[1-9]|[0-9]{2}[1-9][0-9]{1}|[0-9]{1}[1-9][0-9]{2}|[1-9][0-9]{3}))|(0229(([0-9]{2})(0[48]|[2468][048]|[13579][26])|((0[48]|[2468][048]|[3579][26])00)))"", ""placeholder"": ""01152024"", ""required"": true, ""tooltip"": ""Same month and day as in birth date. 6 years after the year of issue"", ""value"": """"}"
LA,Louisiana,(Rev. 02/10/2015),AUDIT,1,AUDIT,Audit info,input,True,4174,[0-9]{4},4,4,,4 digits. You can click on the calculator icon to calculate data <b>automatically!</b>,[],"{""element"": ""input"", ""label"": ""Audit info"", ""maxlength"": 4, ""minlength"": 4, ""name"": ""AUDIT"", ""pattern"": ""[0-9]{4}"", ""placeholder"": ""4174"", ""required"": true, ""tooltip"": ""4 digits. You can click on the calculator icon to calculate data <b>automatically!</b>"", ""value"": null}"
LA,Louisiana,(Rev. 02/10/2015),ICN,1,ICN,ICN,input,True,0070031972215065,00700[0-9]{11},16,16,0070031972215065,00700 + 11 random digits. You can click on the calculator icon to calculate ICN <b>automatically!</b>,[],"{""element"": ""input"", ""label"": ""ICN"", ""maxlength"": 16, ""minlength"": 16, ""name"": ""ICN"", ""pattern"": ""00700[0-9]{11}"", ""placeholder"": ""0070031972215065"", ""required"": true, ""tooltip"": ""00700 + 11 random digits. You can click on the calculator icon to calculate ICN <b>automatically!</b>"", ""value"": ""0070031972215065""}"
LA,Louisiana,(Rev. 02/10/2015),RESTRICTIONS,1,RESTRICTIONS,Restrictions,input,True,NONE,,,,NONE,,[],"{""element"": ""input"", ""label"": ""Restrictions"", ""name"": ""RESTRICTIONS"", ""pattern"": null, ""placeholder"": ""NONE"", ""required"": true, ""tooltip"": null, ""value"": ""NONE""}"
LA,Louisiana,(Rev. 02/10/2015),ENDORSEMENT,1,ENDORSEMENT,Endorsement,input,True,NONE,,,,NONE,,[],"{""element"": ""input"", ""label"": ""Endorsement"", ""name"": ""ENDORSEMENT"", ""pattern"": null, ""placeholder"": ""NONE"", ""required"": true, ""tooltip"": null, ""value"": ""NONE""}"
LA,Louisiana,(Rev. 02/10/2015),HEIGHT,1,HEIGHT,Height (in.),input,True,69,,,2,69,,[],"{""element"": ""input"", ""label"": ""Height (in.)"", ""maxlength"": 2, ""name"": ""HEIGHT"", ""pattern"": null, ""placeholder"": ""69"", ""required"": true, ""tooltip"": null, ""value"": ""69""}"
LA,Louisiana,(Rev. 02/10/2015),WEIGHT,1,WEIGHT,Weight (lb.),input,True,169,,,3,169,,[],"{""element"": ""input"", ""label"": ""Weight (lb.)"", ""maxlength"": 3, ""name"": ""WEIGHT"", ""pattern"": null, ""placeholder"": ""169"", ""required"": true, ""tooltip"": null, ""value"": ""169""}"
LA,Louisiana,(Rev. 02/10/2015),EYE,1,EYE,Eye (ANSI D-20),select,True,,,,,,,"[{""value"": """", ""label"": ""== Select ==""}, {""value"": ""BLK"", ""label"": ""BLK (Black)""}, {""value"": ""BLU"", ""label"": ""BLU (Blue)""}, {""value"": ""BRO"", ""label"": ""BRO (Brown)""}, {""value"": ""GRY"", ""label"": ""GRY (Gray)""}, {""value"": ""GRN"", ""label"": ""GRN (Green)""}, {""value"": ""HAZ"", ""label"": ""HAZ (Hazel)""}, {""value"": ""MAR"", ""label"": ""MAR (Maroon)""}, {""value"": ""PNK"", ""label"": ""PNK (Pink)""}, {""value"": ""DIC"", ""label"": ""DIC (Dichromatic)""}, {""value"": ""UNK"", ""label"": ""UNK (Unknown)""}]","{""element"": ""select"", ""label"": ""Eye (ANSI D-20)"", ""name"": ""EYE"", ""options"": [{""label"": ""== Select =="", ""value"": """"}, {""label"": ""BLK (Black)"", ""value"": ""BLK""}, {""label"": ""BLU (Blue)"", ""value"": ""BLU""}, {""label"": ""BRO (Brown)"", ""value"": ""BRO""}, {""label"": ""GRY (Gray)"", ""value"": ""GRY""}, {""label"": ""GRN (Green)"", ""value"": ""GRN""}, {""label"": ""HAZ (Hazel)"", ""value"": ""HAZ""}, {""label"": ""MAR (Maroon)"", ""value"": ""MAR""}, {""label"": ""PNK (Pink)"", ""value"": ""PNK""}, {""label"": ""DIC (Dichromatic)"", ""value"": ""DIC""}, {""label"": ""UNK (Unknown)"", ""value"": ""UNK""}], ""pattern"": null, ""placeholder"": null, ""required"": true, ""tooltip"": null, ""value"": null}"
LA,Louisiana,(Rev. 02/10/2015),SUFFIX,1,SUFFIX,Name Suffix,select,False,,,,,,,"[{""value"": ""NULL"", ""label"": ""NONE""}, {""value"": ""JR"", ""label"": ""JR (Junior)""}, {""value"": ""SR"", ""label"": ""SR (Senior)""}, {""value"": ""I"", ""label"": ""1ST or I (First)""}, {""value"": ""II"", ""label"": ""2ND or II (Second)""}, {""value"": ""III"", ""label"": ""3RD or III (Third)""}, {""value"": ""IV"", ""label"": ""4TH or IV (Fourth)""}, {""value"": ""V"", ""label"": ""5TH or V (Fifth)""}, {""value"": ""VI"", ""label"": ""6TH or VI (Sixth)""}]","{""element"": ""select"", ""label"": ""Name Suffix"", ""name"": ""SUFFIX"", ""options"": [{""label"": ""NONE"", ""value"": ""NULL""}, {""label"": ""JR (Junior)"", ""value"": ""JR""}, {""label"": ""SR (Senior)"", ""value"": ""SR""}, {""label"": ""1ST or I (First)"", ""value"": ""I""}, {""label"": ""2ND or II (Second)"", ""value"": ""II""}, {""label"": ""3RD or III (Third)"", ""value"": ""III""}, {""label"": ""4TH or IV (Fourth)"", ""value"": ""IV""}, {""label"": ""5TH or V (Fifth)"", ""value"": ""V""}, {""label"": ""6TH or VI (Sixth)"", ""value"": ""VI""}], ""pattern"": null, ""placeholder"": null, ""required"": false, ""tooltip"": null, ""value"": null}"
LA,Louisiana,(Rev. 02/10/2015),ISSUING_OFFICE,1,OFFICE,Issuing Office,input,True,033,[0-9]{3},3,3,,3 digit issuing office code (located under the photo),[],"{""element"": ""input"", ""label"": ""Issuing Office"", ""maxlength"": 3, ""minlength"": 3, ""name"": ""OFFICE"", ""pattern"": ""[0-9]{3}"", ""placeholder"": ""033"", ""required"": true, ""tooltip"": ""3 digit issuing office code (located under the photo)"", ""value"": null}"
LA,Louisiana,(Rev. 02/10/2015),PARISH,1,PARISH,Parish,input,True,52,,1,4,52,,[],"{""element"": ""input"", ""label"": ""Parish"", ""maxlength"": 4, ""minlength"": 1, ""name"": ""PARISH"", ""pattern"": null, ""placeholder"": ""52"", ""required"": true, ""tooltip"": null, ""value"": ""52""}"
ME,Maine,Rev. 01/04/2019 (0900),NUMBER,1,NUMBER,DL Number,input,True,9278451,[0-9]{7},7,7,,7 random digits. You can click on the calculator icon to calculate number <b>automatically!</b>,[],"{""element"": ""input"", ""label"": ""DL Number"", ""maxlength"": 7, ""minlength"": 7, ""name"": ""NUMBER"", ""pattern"": ""[0-9]{7}"", ""placeholder"": ""9278451"", ""required"": true, ""tooltip"": ""7 random digits. You can click on the calculator icon to calculate number <b>automatically!</b>"", ""value"": """"}"
ME,Maine,Rev. 01/04/2019 (0900),FIRSTNAME,1,FIRSTNAME,First name,input,True,John,[a-zA-Z\s]+,,,,,[],"{""element"": ""input"", ""label"": ""First name"", ""name"": ""FIRSTNAME"", ""pattern"": ""[a-zA-Z\\s]+"", ""placeholder"": ""John"", ""required"": true, ""tooltip"": null, ""value"": """"}"
ME,Maine,Rev. 01/04/2019 (0900),LASTNAME,1,LASTNAME,Last name,input,True,Doe,[a-zA-Z\s]+,,,,,[],"{""element"": ""input"", ""label"": ""Last name"", ""name"": ""LASTNAME"", ""pattern"": ""[a-zA-Z\\s]+"", ""placeholder"": ""Doe"", ""required"": true, ""tooltip"": null, ""value"": """"}"
ME,Maine,Rev. 01/04/2019 (0900),MIDDLENAME,1,MIDDLENAME,Middle name,input,False,,,,,,This field is optional. You can click on the calculator icon to generate random name. Select gender in the field below to specify name gender.,[],"{""element"": ""input"", ""label"": ""Middle name"", ""name"": ""MIDDLENAME"", ""pattern"": null, ""placeholder"": """", ""required"": false, ""tooltip"": ""This field is optional. You can click on the calculator icon to generate random name. Select gender in the field below to specify name gender."", ""value"": """"}"
ME,Maine,Rev. 01/04/2019 (0900),ADDRESS,1,ADDRESS,Address,input,True,52 Gardner St,,,,52 Gardner St,,[],"{""element"": ""input"", ""label"": ""Address"", ""name"": ""ADDRESS"", ""pattern"": null, ""placeholder"": ""52 Gardner St"", ""required"": true, ""tooltip"": null, ""value"": ""52 Gardner St""}"
ME,Maine,Rev. 01/04/2019 (0900),CITY,1,CITY,City,input,True,Patten,,,,Patten,,[],"{""element"": ""input"", ""label"": ""City"", ""name"": ""CITY"", ""pattern"": null, ""placeholder"": ""Patten"", ""required"": true, ""tooltip"": null, ""value"": ""Patten""}"
ME,Maine,Rev. 01/04/2019 (0900),ZIP,1,ZIP,Zip code,input,True,04765,[0-9]{5},5,5,04765,,[],"{""element"": ""input"", ""label"": ""Zip code"", ""maxlength"": 5, ""minlength"": 5, ""name"": ""ZIP"", ""pattern"": ""[0-9]{5}"", ""placeholder"": ""04765"", ""required"": true, ""tooltip"": null, ""value"": ""04765""}"
ME,Maine,Rev. 01/04/2019 (0900),CLASS,1,CLASS,DL Class,input,True,C,[A-Z1-9]+,1,4,C,,[],"{""element"": ""input"", ""label"": ""DL Class"", ""maxlength"": 4, ""minlength"": 1, ""name"": ""CLASS"", ""pattern"": ""[A-Z1-9]+"", ""placeholder"": ""C"", ""required"": true, ""tooltip"": null, ""value"": ""C""}"
ME,Maine,Rev. 01/04/2019 (0900),SEX,1,SEX,Sex,select,False,,,,,,,"[{""value"": ""M"", ""label"": ""M""}, {""value"": ""F"", ""label"": ""F""}]","{""element"": ""select"", ""label"": ""Sex"", ""name"": ""SEX"", ""options"": [{""label"": ""M"", ""value"": ""M""}, {""label"": ""F"", ""value"": ""F""}], ""pattern"": null, ""placeholder"": null, ""required"": false, ""tooltip"": null, ""value"": null}"
ME,Maine,Rev. 01/04/2019 (0900),DONOR,1,DONOR,Donor,select,False,,,,,,,"[{""value"": ""NO"", ""label"": ""No""}, {""value"": ""YES"", ""label"": ""Yes""}]","{""element"": ""select"", ""label"": ""Donor"", ""name"": ""DONOR"", ""options"": [{""label"": ""No"", ""value"": ""NO""}, {""label"": ""Yes"", ""value"": ""YES""}], ""pattern"": null, ""placeholder"": null, ""required"": false, ""tooltip"": null, ""value"": null}"
ME,Maine,Rev. 01/04/2019 (0900),DOB,1,DOB,Birth date,input,True,01151970,((((0[13578]|1[02])(0[1-9]|[12][0-9]|3[01]))|((0[469]|11)(0[1-9]|[12][0-9]|30))|(02)(0[1-9]|[1][0-9]|2[0-8]))([0-9]{3}[1-9]|[0-9]{2}[1-9][0-9]{1}|[0-9]{1}[1-9][0-9]{2}|[1-9][0-9]{3}))|(0229(([0-9]{2})(0[48]|[2468][048]|[13579][26])|((0[48]|[2468][048]|[3579][26])00))),8,8,,You need input the date in MMDDYYYY format,[],"{""element"": ""input"", ""label"": ""Birth date"", ""maxlength"": 8, ""minlength"": 8, ""name"": ""DOB"", ""pattern"": ""((((0[13578]|1[02])(0[1-9]|[12][0-9]|3[01]))|((0[469]|11)(0[1-9]|[12][0-9]|30))|(02)(0[1-9]|[1][0-9]|2[0-8]))([0-9]{3}[1-9]|[0-9]{2}[1-9][0-9]{1}|[0-9]{1}[1-9][0-9]{2}|[1-9][0-9]{3}))|(0229(([0-9]{2})(0[48]|[2468][048]|[13579][26])|((0[48]|[2468][048]|[3579][26])00)))"", ""placeholder"": ""01151970"", ""required"": true, ""tooltip"": ""You need input the date in MMDDYYYY format"", ""value"": """"}"
ME,Maine,Rev. 01/04/2019 (0900),DOI,1,DOI,Issue date,input,True,08262020,((((0[13578]|1[02])(0[1-9]|[12][0-9]|3[01]))|((0[469]|11)(0[1-9]|[12][0-9]|30))|(02)(0[1-9]|[1][0-9]|2[0-8]))([0-9]{3}[1-9]|[0-9]{2}[1-9][0-9]{1}|[0-9]{1}[1-9][0-9]{2}|[1-9][0-9]{3}))|(0229(([0-9]{2})(0[48]|[2468][048]|[13579][26])|((0[48]|[2468][048]|[3579][26])00))),8,8,,You need input the date in MMDDYYYY format,[],"{""element"": ""input"", ""label"": ""Issue date"", ""maxlength"": 8, ""minlength"": 8, ""name"": ""DOI"", ""pattern"": ""((((0[13578]|1[02])(0[1-9]|[12][0-9]|3[01]))|((0[469]|11)(0[1-9]|[12][0-9]|30))|(02)(0[1-9]|[1][0-9]|2[0-8]))([0-9]{3}[1-9]|[0-9]{2}[1-9][0-9]{1}|[0-9]{1}[1-9][0-9]{2}|[1-9][0-9]{3}))|(0229(([0-9]{2})(0[48]|[2468][048]|[13579][26])|((0[48]|[2468][048]|[3579][26])00)))"", ""placeholder"": ""08262020"", ""required"": true, ""tooltip"": ""You need input the date in MMDDYYYY format"", ""value"": """"}"
ME,Maine,Rev. 01/04/2019 (0900),DOE,1,DOE,Expiry date,input,True,01152026,((((0[13578]|1[02])(0[1-9]|[12][0-9]|3[01]))|((0[469]|11)(0[1-9]|[12][0-9]|30))|(02)(0[1-9]|[1][0-9]|2[0-8]))([0-9]{3}[1-9]|[0-9]{2}[1-9][0-9]{1}|[0-9]{1}[1-9][0-9]{2}|[1-9][0-9]{3}))|(0229(([0-9]{2})(0[48]|[2468][048]|[13579][26])|((0[48]|[2468][048]|[3579][26])00))),8,8,,Same month and day as in birth date. 6 years after the year of issue,[],"{""element"": ""input"", ""label"": ""Expiry date"", ""maxlength"": 8, ""minlength"": 8, ""name"": ""DOE"", ""pattern"": ""((((0[13578]|1[02])(0[1-9]|[12][0-9]|3[01]))|((0[469]|11)(0[1-9]|[12][0-9]|30))|(02)(0[1-9]|[1][0-9]|2[0-8]))([0-9]{3}[1-9]|[0-9]{2}[1-9][0-9]{1}|[0-9]{1}[1-9][0-9]{2}|[1-9][0-9]{3}))|(0229(([0-9]{2})(0[48]|[2468][048]|[13579][26])|((0[48]|[2468][048]|[3579][26])00)))"", ""placeholder"": ""01152026"", ""required"": true, ""tooltip"": ""Same month and day as in birth date. 6 years after the year of issue"", ""value"": """"}"
ME,Maine,Rev. 01/04/2019 (0900),ICN,1,ICN,ICN,input,True,F2024392784510101,F[0-9]{12}0101,17,17,,You can click on the calculator icon to calculate ICN <b>automatically!</b>,[],"{""element"": ""input"", ""label"": ""ICN"", ""maxlength"": 17, ""minlength"": 17, ""name"": ""ICN"", ""pattern"": ""F[0-9]{12}0101"", ""placeholder"": ""F2024392784510101"", ""required"": true, ""tooltip"": ""You can click on the calculator icon to calculate ICN <b>automatically!</b>"", ""value"": null}"
ME,Maine,Rev. 01/04/2019 (0900),DD,1,DD,DD,input,True,0000000000000000035222862,0{17}[0-9]{8},25,25,,17 zeros + 8 digits. <br> You can click on the calculator icon to calculate DD <b>automatically!</b>,[],"{""element"": ""input"", ""label"": ""DD"", ""maxlength"": 25, ""minlength"": 25, ""name"": ""DD"", ""pattern"": ""0{17}[0-9]{8}"", ""placeholder"": ""0000000000000000035222862"", ""required"": true, ""tooltip"": ""17 zeros + 8 digits. <br> You can click on the calculator icon to calculate DD <b>automatically!</b>"", ""value"": null}"
ME,Maine,Rev. 01/04/2019 (0900),RESTRICTIONS,1,RESTRICTIONS,Restrictions,input,True,NONE,,,,NONE,,[],"{""element"": ""input"", ""label"": ""Restrictions"", ""name"": ""RESTRICTIONS"", ""pattern"": null, ""placeholder"": ""NONE"", ""required"": true, ""tooltip"": null, ""value"": ""NONE""}"
ME,Maine,Rev. 01/04/2019 (0900),ENDORSEMENT,1,ENDORSEMENT,Endorsement,input,True,NONE,,,,NONE,,[],"{""element"": ""input"", ""label"": ""Endorsement"", ""name"": ""ENDORSEMENT"", ""pattern"": null, ""placeholder"": ""NONE"", ""required"": true, ""tooltip"": null, ""value"": ""NONE""}"
ME,Maine,Rev. 01/04/2019 (0900),HEIGHT,1,HEIGHT,Height (in.),input,True,69,,,2,69,,[],"{""element"": ""input"", ""label"": ""Height (in.)"", ""maxlength"": 2, ""name"": ""HEIGHT"", ""pattern"": null, ""placeholder"": ""69"", ""required"": true, ""tooltip"": null, ""value"": ""69""}"
ME,Maine,Rev. 01/04/2019 (0900),WEIGHT,1,WEIGHT,Weight (lb.),input,True,169,,,3,169,,[],"{""element"": ""input"", ""label"": ""Weight (lb.)"", ""maxlength"": 3, ""name"": ""WEIGHT"", ""pattern"": null, ""placeholder"": ""169"", ""required"": true, ""tooltip"": null, ""value"": ""169""}"
ME,Maine,Rev. 01/04/2019 (0900),EYE,1,EYE,Eye (ANSI D-20),select,True,,,,,,,"[{""value"": """", ""label"": ""== Select ==""}, {""value"": ""BK"", ""label"": ""BK (Black)""}, {""value"": ""BU"", ""label"": ""BU (Blue)""}, {""value"": ""BR"", ""label"": ""BR (Brown)""}, {""value"": ""GY"", ""label"": ""GY (Gray)""}, {""value"": ""GN"", ""label"": ""GN (Green)""}, {""value"": ""HA"", ""label"": ""HA (Hazel)""}, {""value"": ""MA"", ""label"": ""MA (Maroon)""}, {""value"": ""PN"", ""label"": ""PN (Pink)""}, {""value"": ""DI"", ""label"": ""DI (Dichromatic)""}, {""value"": ""UN"", ""label"": ""UN (Unknown)""}]","{""element"": ""select"", ""label"": ""Eye (ANSI D-20)"", ""name"": ""EYE"", ""options"": [{""label"": ""== Select =="", ""value"": """"}, {""label"": ""BK (Black)"", ""value"": ""BK""}, {""label"": ""BU (Blue)"", ""value"": ""BU""}, {""label"": ""BR (Brown)"", ""value"": ""BR""}, {""label"": ""GY (Gray)"", ""value"": ""GY""}, {""label"": ""GN (Green)"", ""value"": ""GN""}, {""label"": ""HA (Hazel)"", ""value"": ""HA""}, {""label"": ""MA (Maroon)"", ""value"": ""MA""}, {""label"": ""PN (Pink)"", ""value"": ""PN""}, {""label"": ""DI (Dichromatic)"", ""value"": ""DI""}, {""label"": ""UN (Unknown)"", ""value"": ""UN""}], ""pattern"": null, ""placeholder"": null, ""required"": true, ""tooltip"": null, ""value"": null}"
ME,Maine,Rev. 01/04/2019 (0900),HAIR,1,HAIR,Hair (ANSI D-20),select,True,,,,,,,"[{""value"": """", ""label"": ""== Select ==""}, {""value"": ""BK"", ""label"": ""BK (Black)""}, {""value"": ""BN"", ""label"": ""BN (Blond)""}, {""value"": ""BR"", ""label"": ""BR (Brown)""}, {""value"": ""GY"", ""label"": ""GY (Grey)""}, {""value"": ""RE"", ""label"": ""RE (Red/Auburn)""}, {""value"": ""SD"", ""label"": ""SD (Sandy)""}, {""value"": ""WH"", ""label"": ""WH (White)""}, {""value"": ""UN"", ""label"": ""UN (Unknown)""}, {""value"": ""BA"", ""label"": ""BA (Bald)""}]","{""element"": ""select"", ""label"": ""Hair (ANSI D-20)"", ""name"": ""HAIR"", ""options"": [{""label"": ""== Select =="", ""value"": """"}, {""label"": ""BK (Black)"", ""value"": ""BK""}, {""label"": ""BN (Blond)"", ""value"": ""BN""}, {""label"": ""BR (Brown)"", ""value"": ""BR""}, {""label"": ""GY (Grey)"", ""value"": ""GY""}, {""label"": ""RE (Red/Auburn)"", ""value"": ""RE""}, {""label"": ""SD (Sandy)"", ""value"": ""SD""}, {""label"": ""WH (White)"", ""value"": ""WH""}, {""label"": ""UN (Unknown)"", ""value"": ""UN""}, {""label"": ""BA (Bald)"", ""value"": ""BA""}], ""pattern"": null, ""placeholder"": null, ""required"": true, ""tooltip"": null, ""value"": null}"
MD,Maryland,(Rev. 06/20/2016 & 08/26/2019),NUMBER,1,NUMBER,DL Number,input,True,D-000-429-000-042,[a-zA-Z]-[0-9]{3}-[0-9]{3}-[0-9]{3}-[0-9]{3},17,17,,First letter of Last name + 12 digits You can click on the calculator icon to calculate number <b>automatically!</b>,[],"{""element"": ""input"", ""label"": ""DL Number"", ""maxlength"": 17, ""minlength"": 17, ""name"": ""NUMBER"", ""pattern"": ""[a-zA-Z]-[0-9]{3}-[0-9]{3}-[0-9]{3}-[0-9]{3}"", ""placeholder"": ""D-000-429-000-042"", ""required"": true, ""tooltip"": ""First letter of Last name + 12 digits You can click on the calculator icon to calculate number <b>automatically!</b>"", ""value"": """"}"
MD,Maryland,(Rev. 06/20/2016 & 08/26/2019),LASTNAME,1,LASTNAME,Last name,input,True,Doe,[a-zA-Z\s]+,,,,,[],"{""element"": ""input"", ""label"": ""Last name"", ""name"": ""LASTNAME"", ""pattern"": ""[a-zA-Z\\s]+"", ""placeholder"": ""Doe"", ""required"": true, ""tooltip"": null, ""value"": """"}"
MD,Maryland,(Rev. 06/20/2016 & 08/26/2019),FIRSTNAME,1,FIRSTNAME,First name,input,True,John,[a-zA-Z\s]+,,,,,[],"{""element"": ""input"", ""label"": ""First name"", ""name"": ""FIRSTNAME"", ""pattern"": ""[a-zA-Z\\s]+"", ""placeholder"": ""John"", ""required"": true, ""tooltip"": null, ""value"": """"}"
MD,Maryland,(Rev. 06/20/2016 & 08/26/2019),MIDDLENAME,1,MIDDLENAME,Middle name,input,False,,,,,,This field is optional. You can click on the calculator icon to generate random name. Select gender in the field below to specify name gender.,[],"{""element"": ""input"", ""label"": ""Middle name"", ""name"": ""MIDDLENAME"", ""pattern"": null, ""placeholder"": """", ""required"": false, ""tooltip"": ""This field is optional. You can click on the calculator icon to generate random name. Select gender in the field below to specify name gender."", ""value"": """"}"
MD,Maryland,(Rev. 06/20/2016 & 08/26/2019),ADDRESS,1,ADDRESS,Address,input,True,2125 Haven Oak Ct,,,,2125 Haven Oak Ct,,[],"{""element"": ""input"", ""label"": ""Address"", ""name"": ""ADDRESS"", ""pattern"": null, ""placeholder"": ""2125 Haven Oak Ct"", ""required"": true, ""tooltip"": null, ""value"": ""2125 Haven Oak Ct""}"
MD,Maryland,(Rev. 06/20/2016 & 08/26/2019),CITY,1,CITY,City,input,True,Abingdon,,,,Abingdon,,[],"{""element"": ""input"", ""label"": ""City"", ""name"": ""CITY"", ""pattern"": null, ""placeholder"": ""Abingdon"", ""required"": true, ""tooltip"": null, ""value"": ""Abingdon""}"
MD,Maryland,(Rev. 06/20/2016 & 08/26/2019),ZIP,1,ZIP,Zip code,input,True,21009,[0-9]{5},5,5,21009,,[],"{""element"": ""input"", ""label"": ""Zip code"", ""maxlength"": 5, ""minlength"": 5, ""name"": ""ZIP"", ""pattern"": ""[0-9]{5}"", ""placeholder"": ""21009"", ""required"": true, ""tooltip"": null, ""value"": ""21009""}"
MD,Maryland,(Rev. 06/20/2016 & 08/26/2019),CLASS,1,CLASS,DL Class,input,True,C,[A-Z1-9]+,1,4,C,,[],"{""element"": ""input"", ""label"": ""DL Class"", ""maxlength"": 4, ""minlength"": 1, ""name"": ""CLASS"", ""pattern"": ""[A-Z1-9]+"", ""placeholder"": ""C"", ""required"": true, ""tooltip"": null, ""value"": ""C""}"
MD,Maryland,(Rev. 06/20/2016 & 08/26/2019),SEX,1,SEX,Sex,select,False,,,,,,,"[{""value"": ""M"", ""label"": ""M""}, {""value"": ""F"", ""label"": ""F""}]","{""element"": ""select"", ""label"": ""Sex"", ""name"": ""SEX"", ""options"": [{""label"": ""M"", ""value"": ""M""}, {""label"": ""F"", ""value"": ""F""}], ""pattern"": null, ""placeholder"": null, ""required"": false, ""tooltip"": null, ""value"": null}"
MD,Maryland,(Rev. 06/20/2016 & 08/26/2019),DONOR,1,DONOR,Donor,select,False,,,,,,,"[{""value"": ""NO"", ""label"": ""No""}, {""value"": ""YES"", ""label"": ""Yes""}]","{""element"": ""select"", ""label"": ""Donor"", ""name"": ""DONOR"", ""options"": [{""label"": ""No"", ""value"": ""NO""}, {""label"": ""Yes"", ""value"": ""YES""}], ""pattern"": null, ""placeholder"": null, ""required"": false, ""tooltip"": null, ""value"": null}"
MD,Maryland,(Rev. 06/20/2016 & 08/26/2019),DOB,1,DOB,Birth date,input,True,01151970,((((0[13578]|1[02])(0[1-9]|[12][0-9]|3[01]))|((0[469]|11)(0[1-9]|[12][0-9]|30))|(02)(0[1-9]|[1][0-9]|2[0-8]))([0-9]{3}[1-9]|[0-9]{2}[1-9][0-9]{1}|[0-9]{1}[1-9][0-9]{2}|[1-9][0-9]{3}))|(0229(([0-9]{2})(0[48]|[2468][048]|[13579][26])|((0[48]|[2468][048]|[3579][26])00))),8,8,,You need input the date in MMDDYYYY format,[],"{""element"": ""input"", ""label"": ""Birth date"", ""maxlength"": 8, ""minlength"": 8, ""name"": ""DOB"", ""pattern"": ""((((0[13578]|1[02])(0[1-9]|[12][0-9]|3[01]))|((0[469]|11)(0[1-9]|[12][0-9]|30))|(02)(0[1-9]|[1][0-9]|2[0-8]))([0-9]{3}[1-9]|[0-9]{2}[1-9][0-9]{1}|[0-9]{1}[1-9][0-9]{2}|[1-9][0-9]{3}))|(0229(([0-9]{2})(0[48]|[2468][048]|[13579][26])|((0[48]|[2468][048]|[3579][26])00)))"", ""placeholder"": ""01151970"", ""required"": true, ""tooltip"": ""You need input the date in MMDDYYYY format"", ""value"": """"}"
MD,Maryland,(Rev. 06/20/2016 & 08/26/2019),DOI,1,DOI,Issue date,input,True,08262016,((((0[13578]|1[02])(0[1-9]|[12][0-9]|3[01]))|((0[469]|11)(0[1-9]|[12][0-9]|30))|(02)(0[1-9]|[1][0-9]|2[0-8]))([0-9]{3}[1-9]|[0-9]{2}[1-9][0-9]{1}|[0-9]{1}[1-9][0-9]{2}|[1-9][0-9]{3}))|(0229(([0-9]{2})(0[48]|[2468][048]|[13579][26])|((0[48]|[2468][048]|[3579][26])00))),8,8,,You need input the date in MMDDYYYY format,[],"{""element"": ""input"", ""label"": ""Issue date"", ""maxlength"": 8, ""minlength"": 8, ""name"": ""DOI"", ""pattern"": ""((((0[13578]|1[02])(0[1-9]|[12][0-9]|3[01]))|((0[469]|11)(0[1-9]|[12][0-9]|30))|(02)(0[1-9]|[1][0-9]|2[0-8]))([0-9]{3}[1-9]|[0-9]{2}[1-9][0-9]{1}|[0-9]{1}[1-9][0-9]{2}|[1-9][0-9]{3}))|(0229(([0-9]{2})(0[48]|[2468][048]|[13579][26])|((0[48]|[2468][048]|[3579][26])00)))"", ""placeholder"": ""08262016"", ""required"": true, ""tooltip"": ""You need input the date in MMDDYYYY format"", ""value"": """"}"
MD,Maryland,(Rev. 06/20/2016 & 08/26/2019),DOE,1,DOE,Expiry date,input,True,01152024,((((0[13578]|1[02])(0[1-9]|[12][0-9]|3[01]))|((0[469]|11)(0[1-9]|[12][0-9]|30))|(02)(0[1-9]|[1][0-9]|2[0-8]))([0-9]{3}[1-9]|[0-9]{2}[1-9][0-9]{1}|[0-9]{1}[1-9][0-9]{2}|[1-9][0-9]{3}))|(0229(([0-9]{2})(0[48]|[2468][048]|[13579][26])|((0[48]|[2468][048]|[3579][26])00))),8,8,,Same month and day as in birth date. 8 years after the year of issue,[],"{""element"": ""input"", ""label"": ""Expiry date"", ""maxlength"": 8, ""minlength"": 8, ""name"": ""DOE"", ""pattern"": ""((((0[13578]|1[02])(0[1-9]|[12][0-9]|3[01]))|((0[469]|11)(0[1-9]|[12][0-9]|30))|(02)(0[1-9]|[1][0-9]|2[0-8]))([0-9]{3}[1-9]|[0-9]{2}[1-9][0-9]{1}|[0-9]{1}[1-9][0-9]{2}|[1-9][0-9]{3}))|(0229(([0-9]{2})(0[48]|[2468][048]|[13579][26])|((0[48]|[2468][048]|[3579][26])00)))"", ""placeholder"": ""01152024"", ""required"": true, ""tooltip"": ""Same month and day as in birth date. 8 years after the year of issue"", ""value"": """"}"
MD,Maryland,(Rev. 06/20/2016 & 08/26/2019),ICN,1,ICN,ICN,input,True,1005403079,100[0-9]{7},10,10,,'100' + 7 digits. You can click on the calculator icon to calculate ICN <b>automatically!</b>,[],"{""element"": ""input"", ""label"": ""ICN"", ""maxlength"": 10, ""minlength"": 10, ""name"": ""ICN"", ""pattern"": ""100[0-9]{7}"", ""placeholder"": ""1005403079"", ""required"": true, ""tooltip"": ""'100' + 7 digits. You can click on the calculator icon to calculate ICN <b>automatically!</b>"", ""value"": null}"
MD,Maryland,(Rev. 06/20/2016 & 08/26/2019),DD,1,DD,DD,input,True,106143DH0,[a-zA-Z0-9]{9},9,9,,9 digits and letters. You can click on the calculator icon to calculate DD <b>automatically!</b>,[],"{""element"": ""input"", ""label"": ""DD"", ""maxlength"": 9, ""minlength"": 9, ""name"": ""DD"", ""pattern"": ""[a-zA-Z0-9]{9}"", ""placeholder"": ""106143DH0"", ""required"": true, ""tooltip"": ""9 digits and letters. You can click on the calculator icon to calculate DD <b>automatically!</b>"", ""value"": null}"
MD,Maryland,(Rev. 06/20/2016 & 08/26/2019),RESTRICTIONS,1,RESTRICTIONS,Restrictions,input,True,NONE,,,,NONE,,[],"{""element"": ""input"", ""label"": ""Restrictions"", ""name"": ""RESTRICTIONS"", ""pattern"": null, ""placeholder"": ""NONE"", ""required"": true, ""tooltip"": null, ""value"": ""NONE""}"
MD,Maryland,(Rev. 06/20/2016 & 08/26/2019),ENDORSEMENT,1,ENDORSEMENT,Endorsement,input,True,NONE,,,,NONE,,[],"{""element"": ""input"", ""label"": ""Endorsement"", ""name"": ""ENDORSEMENT"", ""pattern"": null, ""placeholder"": ""NONE"", ""required"": true, ""tooltip"": null, ""value"": ""NONE""}"
MD,Maryland,(Rev. 06/20/2016 & 08/26/2019),HEIGHT,1,HEIGHT,Height (in.),input,True,69,,,2,69,,[],"{""element"": ""input"", ""label"": ""Height (in.)"", ""maxlength"": 2, ""name"": ""HEIGHT"", ""pattern"": null, ""placeholder"": ""69"", ""required"": true, ""tooltip"": null, ""value"": ""69""}"
MD,Maryland,(Rev. 06/20/2016 & 08/26/2019),WEIGHT,1,WEIGHT,Weight (lb.),input,True,169,,,3,169,,[],"{""element"": ""input"", ""label"": ""Weight (lb.)"", ""maxlength"": 3, ""name"": ""WEIGHT"", ""pattern"": null, ""placeholder"": ""169"", ""required"": true, ""tooltip"": null, ""value"": ""169""}"
MD,Maryland,(Rev. 06/20/2016 & 08/26/2019),EYE,1,EYE,Eye (ANSI D-20),select,True,,,,,,,"[{""value"": """", ""label"": ""== Select ==""}, {""value"": ""BLK"", ""label"": ""BLK (Black)""}, {""value"": ""BLU"", ""label"": ""BLU (Blue)""}, {""value"": ""BRO"", ""label"": ""BRO (Brown)""}, {""value"": ""GRY"", ""label"": ""GRY (Gray)""}, {""value"": ""GRN"", ""label"": ""GRN (Green)""}, {""value"": ""HAZ"", ""label"": ""HAZ (Hazel)""}, {""value"": ""MAR"", ""label"": ""MAR (Maroon)""}, {""value"": ""PNK"", ""label"": ""PNK (Pink)""}, {""value"": ""DIC"", ""label"": ""DIC (Dichromatic)""}, {""value"": ""UNK"", ""label"": ""UNK (Unknown)""}]","{""element"": ""select"", ""label"": ""Eye (ANSI D-20)"", ""name"": ""EYE"", ""options"": [{""label"": ""== Select =="", ""value"": """"}, {""label"": ""BLK (Black)"", ""value"": ""BLK""}, {""label"": ""BLU (Blue)"", ""value"": ""BLU""}, {""label"": ""BRO (Brown)"", ""value"": ""BRO""}, {""label"": ""GRY (Gray)"", ""value"": ""GRY""}, {""label"": ""GRN (Green)"", ""value"": ""GRN""}, {""label"": ""HAZ (Hazel)"", ""value"": ""HAZ""}, {""label"": ""MAR (Maroon)"", ""value"": ""MAR""}, {""label"": ""PNK (Pink)"", ""value"": ""PNK""}, {""label"": ""DIC (Dichromatic)"", ""value"": ""DIC""}, {""label"": ""UNK (Unknown)"", ""value"": ""UNK""}], ""pattern"": null, ""placeholder"": null, ""required"": true, ""tooltip"": null, ""value"": null}"
MD,Maryland,(Rev. 06/20/2016 & 08/26/2019),REVISION,1,REVISION,Revision date,select,True,,,,,,,"[{""value"": """", ""label"": ""== Select ==""}, {""value"": ""06202016"", ""label"": ""06/20/2016""}, {""value"": ""082619"", ""label"": ""08/26/2019""}]","{""element"": ""select"", ""label"": ""Revision date"", ""name"": ""REVISION"", ""options"": [{""label"": ""== Select =="", ""value"": """"}, {""label"": ""06/20/2016"", ""value"": ""06202016""}, {""label"": ""08/26/2019"", ""value"": ""082619""}], ""pattern"": null, ""placeholder"": null, ""required"": true, ""tooltip"": null, ""value"": null}"
MD_2021,Maryland,Rev. 12/05/2021 (0900),NUMBER,1,NUMBER,DL Number,input,True,MD-10276307832,MD-[0-9]{11},14,14,,MD + 11 digits. You can click on the calculator icon to calculate number <b>automatically!</b>,[],"{""element"": ""input"", ""label"": ""DL Number"", ""maxlength"": 14, ""minlength"": 14, ""name"": ""NUMBER"", ""pattern"": ""MD-[0-9]{11}"", ""placeholder"": ""MD-10276307832"", ""required"": true, ""tooltip"": ""MD + 11 digits. You can click on the calculator icon to calculate number <b>automatically!</b>"", ""value"": """"}"
MD_2021,Maryland,Rev. 12/05/2021 (0900),LASTNAME,1,LASTNAME,Last name,input,True,Doe,[a-zA-Z\s]+,,,,,[],"{""element"": ""input"", ""label"": ""Last name"", ""name"": ""LASTNAME"", ""pattern"": ""[a-zA-Z\\s]+"", ""placeholder"": ""Doe"", ""required"": true, ""tooltip"": null, ""value"": """"}"
MD_2021,Maryland,Rev. 12/05/2021 (0900),FIRSTNAME,1,FIRSTNAME,First name,input,True,John,[a-zA-Z\s]+,,,,,[],"{""element"": ""input"", ""label"": ""First name"", ""name"": ""FIRSTNAME"", ""pattern"": ""[a-zA-Z\\s]+"", ""placeholder"": ""John"", ""required"": true, ""tooltip"": null, ""value"": """"}"
MD_2021,Maryland,Rev. 12/05/2021 (0900),MIDDLENAME,1,MIDDLENAME,Middle name,input,False,,,,,,This field is optional. You can click on the calculator icon to generate random name. Select gender in the field below to specify name gender.,[],"{""element"": ""input"", ""label"": ""Middle name"", ""name"": ""MIDDLENAME"", ""pattern"": null, ""placeholder"": """", ""required"": false, ""tooltip"": ""This field is optional. You can click on the calculator icon to generate random name. Select gender in the field below to specify name gender."", ""value"": """"}"
MD_2021,Maryland,Rev. 12/05/2021 (0900),ADDRESS,1,ADDRESS,Address,input,True,1242 Colonial Park Dr,,,,1242 Colonial Park Dr,,[],"{""element"": ""input"", ""label"": ""Address"", ""name"": ""ADDRESS"", ""pattern"": null, ""placeholder"": ""1242 Colonial Park Dr"", ""required"": true, ""tooltip"": null, ""value"": ""1242 Colonial Park Dr""}"
MD_2021,Maryland,Rev. 12/05/2021 (0900),CITY,1,CITY,City,input,True,Severn,,,,Severn,,[],"{""element"": ""input"", ""label"": ""City"", ""name"": ""CITY"", ""pattern"": null, ""placeholder"": ""Severn"", ""required"": true, ""tooltip"": null, ""value"": ""Severn""}"
MD_2021,Maryland,Rev. 12/05/2021 (0900),ZIP,1,ZIP,Zip code,input,True,211444416,[0-9]{9},9,9,211444416,,[],"{""element"": ""input"", ""label"": ""Zip code"", ""maxlength"": 9, ""minlength"": 9, ""name"": ""ZIP"", ""pattern"": ""[0-9]{9}"", ""placeholder"": ""211444416"", ""required"": true, ""tooltip"": null, ""value"": ""211444416""}"
MD_2021,Maryland,Rev. 12/05/2021 (0900),CLASS,1,CLASS,DL Class,input,True,C,[A-Z1-9]+,1,4,C,,[],"{""element"": ""input"", ""label"": ""DL Class"", ""maxlength"": 4, ""minlength"": 1, ""name"": ""CLASS"", ""pattern"": ""[A-Z1-9]+"", ""placeholder"": ""C"", ""required"": true, ""tooltip"": null, ""value"": ""C""}"
MD_2021,Maryland,Rev. 12/05/2021 (0900),SEX,1,SEX,Sex,select,False,,,,,,,"[{""value"": ""M"", ""label"": ""M""}, {""value"": ""F"", ""label"": ""F""}]","{""element"": ""select"", ""label"": ""Sex"", ""name"": ""SEX"", ""options"": [{""label"": ""M"", ""value"": ""M""}, {""label"": ""F"", ""value"": ""F""}], ""pattern"": null, ""placeholder"": null, ""required"": false, ""tooltip"": null, ""value"": null}"
MD_2021,Maryland,Rev. 12/05/2021 (0900),DONOR,1,DONOR,Donor,select,False,,,,,,,"[{""value"": ""NO"", ""label"": ""No""}, {""value"": ""YES"", ""label"": ""Yes""}]","{""element"": ""select"", ""label"": ""Donor"", ""name"": ""DONOR"", ""options"": [{""label"": ""No"", ""value"": ""NO""}, {""label"": ""Yes"", ""value"": ""YES""}], ""pattern"": null, ""placeholder"": null, ""required"": false, ""tooltip"": null, ""value"": null}"
MD_2021,Maryland,Rev. 12/05/2021 (0900),DOB,1,DOB,Birth date,input,True,01151970,((((0[13578]|1[02])(0[1-9]|[12][0-9]|3[01]))|((0[469]|11)(0[1-9]|[12][0-9]|30))|(02)(0[1-9]|[1][0-9]|2[0-8]))([0-9]{3}[1-9]|[0-9]{2}[1-9][0-9]{1}|[0-9]{1}[1-9][0-9]{2}|[1-9][0-9]{3}))|(0229(([0-9]{2})(0[48]|[2468][048]|[13579][26])|((0[48]|[2468][048]|[3579][26])00))),8,8,,You need input the date in MMDDYYYY format,[],"{""element"": ""input"", ""label"": ""Birth date"", ""maxlength"": 8, ""minlength"": 8, ""name"": ""DOB"", ""pattern"": ""((((0[13578]|1[02])(0[1-9]|[12][0-9]|3[01]))|((0[469]|11)(0[1-9]|[12][0-9]|30))|(02)(0[1-9]|[1][0-9]|2[0-8]))([0-9]{3}[1-9]|[0-9]{2}[1-9][0-9]{1}|[0-9]{1}[1-9][0-9]{2}|[1-9][0-9]{3}))|(0229(([0-9]{2})(0[48]|[2468][048]|[13579][26])|((0[48]|[2468][048]|[3579][26])00)))"", ""placeholder"": ""01151970"", ""required"": true, ""tooltip"": ""You need input the date in MMDDYYYY format"", ""value"": """"}"
MD_2021,Maryland,Rev. 12/05/2021 (0900),DOI,1,DOI,Issue date,input,True,08262025,((((0[13578]|1[02])(0[1-9]|[12][0-9]|3[01]))|((0[469]|11)(0[1-9]|[12][0-9]|30))|(02)(0[1-9]|[1][0-9]|2[0-8]))([0-9]{3}[1-9]|[0-9]{2}[1-9][0-9]{1}|[0-9]{1}[1-9][0-9]{2}|[1-9][0-9]{3}))|(0229(([0-9]{2})(0[48]|[2468][048]|[13579][26])|((0[48]|[2468][048]|[3579][26])00))),8,8,,You need input the date in MMDDYYYY format,[],"{""element"": ""input"", ""label"": ""Issue date"", ""maxlength"": 8, ""minlength"": 8, ""name"": ""DOI"", ""pattern"": ""((((0[13578]|1[02])(0[1-9]|[12][0-9]|3[01]))|((0[469]|11)(0[1-9]|[12][0-9]|30))|(02)(0[1-9]|[1][0-9]|2[0-8]))([0-9]{3}[1-9]|[0-9]{2}[1-9][0-9]{1}|[0-9]{1}[1-9][0-9]{2}|[1-9][0-9]{3}))|(0229(([0-9]{2})(0[48]|[2468][048]|[13579][26])|((0[48]|[2468][048]|[3579][26])00)))"", ""placeholder"": ""08262025"", ""required"": true, ""tooltip"": ""You need input the date in MMDDYYYY format"", ""value"": """"}"
MD_2021,Maryland,Rev. 12/05/2021 (0900),DOE,1,DOE,Expiry date,input,True,01152033,((((0[13578]|1[02])(0[1-9]|[12][0-9]|3[01]))|((0[469]|11)(0[1-9]|[12][0-9]|30))|(02)(0[1-9]|[1][0-9]|2[0-8]))([0-9]{3}[1-9]|[0-9]{2}[1-9][0-9]{1}|[0-9]{1}[1-9][0-9]{2}|[1-9][0-9]{3}))|(0229(([0-9]{2})(0[48]|[2468][048]|[13579][26])|((0[48]|[2468][048]|[3579][26])00))),8,8,,Same month and day as in birth date. 8 years after the year of issue,[],"{""element"": ""input"", ""label"": ""Expiry date"", ""maxlength"": 8, ""minlength"": 8, ""name"": ""DOE"", ""pattern"": ""((((0[13578]|1[02])(0[1-9]|[12][0-9]|3[01]))|((0[469]|11)(0[1-9]|[12][0-9]|30))|(02)(0[1-9]|[1][0-9]|2[0-8]))([0-9]{3}[1-9]|[0-9]{2}[1-9][0-9]{1}|[0-9]{1}[1-9][0-9]{2}|[1-9][0-9]{3}))|(0229(([0-9]{2})(0[48]|[2468][048]|[13579][26])|((0[48]|[2468][048]|[3579][26])00)))"", ""placeholder"": ""01152033"", ""required"": true, ""tooltip"": ""Same month and day as in birth date. 8 years after the year of issue"", ""value"": """"}"
MD_2021,Maryland,Rev. 12/05/2021 (0900),ICN,1,ICN,ICN,input,True,1010273942,10[0-9]{8},10,10,,'101' + 7 digits. You can click on the calculator icon to calculate ICN <b>automatically!</b>,[],"{""element"": ""input"", ""label"": ""ICN"", ""maxlength"": 10, ""minlength"": 10, ""name"": ""ICN"", ""pattern"": ""10[0-9]{8}"", ""placeholder"": ""1010273942"", ""required"": true, ""tooltip"": ""'101' + 7 digits. You can click on the calculator icon to calculate ICN <b>automatically!</b>"", ""value"": null}"
MD_2021,Maryland,Rev. 12/05/2021 (0900),DD,1,DD,DD,input,True,329878356,[a-zA-Z0-9]{9},9,9,,9 digits and letters. You can click on the calculator icon to calculate DD <b>automatically!</b>,[],"{""element"": ""input"", ""label"": ""DD"", ""maxlength"": 9, ""minlength"": 9, ""name"": ""DD"", ""pattern"": ""[a-zA-Z0-9]{9}"", ""placeholder"": ""329878356"", ""required"": true, ""tooltip"": ""9 digits and letters. You can click on the calculator icon to calculate DD <b>automatically!</b>"", ""value"": null}"
MD_2021,Maryland,Rev. 12/05/2021 (0900),RESTRICTIONS,1,RESTRICTIONS,Restrictions,input,True,NONE,,,,NONE,,[],"{""element"": ""input"", ""label"": ""Restrictions"", ""name"": ""RESTRICTIONS"", ""pattern"": null, ""placeholder"": ""NONE"", ""required"": true, ""tooltip"": null, ""value"": ""NONE""}"
MD_2021,Maryland,Rev. 12/05/2021 (0900),ENDORSEMENT,1,ENDORSEMENT,Endorsement,input,True,NONE,,,,NONE,,[],"{""element"": ""input"", ""label"": ""Endorsement"", ""name"": ""ENDORSEMENT"", ""pattern"": null, ""placeholder"": ""NONE"", ""required"": true, ""tooltip"": null, ""value"": ""NONE""}"
MD_2021,Maryland,Rev. 12/05/2021 (0900),HEIGHT,1,HEIGHT,Height (in.),input,True,69,,,2,69,,[],"{""element"": ""input"", ""label"": ""Height (in.)"", ""maxlength"": 2, ""name"": ""HEIGHT"", ""pattern"": null, ""placeholder"": ""69"", ""required"": true, ""tooltip"": null, ""value"": ""69""}"
MD_2021,Maryland,Rev. 12/05/2021 (0900),WEIGHT,1,WEIGHT,Weight (lb.),input,True,169,,,3,169,,[],"{""element"": ""input"", ""label"": ""Weight (lb.)"", ""maxlength"": 3, ""name"": ""WEIGHT"", ""pattern"": null, ""placeholder"": ""169"", ""required"": true, ""tooltip"": null, ""value"": ""169""}"
MD_2021,Maryland,Rev. 12/05/2021 (0900),EYE,1,EYE,Eye (ANSI D-20),select,True,,,,,,,"[{""value"": """", ""label"": ""== Select ==""}, {""value"": ""BLK"", ""label"": ""BLK (Black)""}, {""value"": ""BLU"", ""label"": ""BLU (Blue)""}, {""value"": ""BRO"", ""label"": ""BRO (Brown)""}, {""value"": ""GRY"", ""label"": ""GRY (Gray)""}, {""value"": ""GRN"", ""label"": ""GRN (Green)""}, {""value"": ""HAZ"", ""label"": ""HAZ (Hazel)""}, {""value"": ""MAR"", ""label"": ""MAR (Maroon)""}, {""value"": ""PNK"", ""label"": ""PNK (Pink)""}, {""value"": ""DIC"", ""label"": ""DIC (Dichromatic)""}, {""value"": ""UNK"", ""label"": ""UNK (Unknown)""}]","{""element"": ""select"", ""label"": ""Eye (ANSI D-20)"", ""name"": ""EYE"", ""options"": [{""label"": ""== Select =="", ""value"": """"}, {""label"": ""BLK (Black)"", ""value"": ""BLK""}, {""label"": ""BLU (Blue)"", ""value"": ""BLU""}, {""label"": ""BRO (Brown)"", ""value"": ""BRO""}, {""label"": ""GRY (Gray)"", ""value"": ""GRY""}, {""label"": ""GRN (Green)"", ""value"": ""GRN""}, {""label"": ""HAZ (Hazel)"", ""value"": ""HAZ""}, {""label"": ""MAR (Maroon)"", ""value"": ""MAR""}, {""label"": ""PNK (Pink)"", ""value"": ""PNK""}, {""label"": ""DIC (Dichromatic)"", ""value"": ""DIC""}, {""label"": ""UNK (Unknown)"", ""value"": ""UNK""}], ""pattern"": null, ""placeholder"": null, ""required"": true, ""tooltip"": null, ""value"": null}"
MA,Massachusetts,Rev. 02/22/2016 (0800),NUMBER,1,NUMBER,DL Number,input,True,S94506149,S[a-zA-Z0-9]{8},9,9,,S + 8 random digits. You can click on the calculator icon to calculate number <b>automatically!</b>,[],"{""element"": ""input"", ""label"": ""DL Number"", ""maxlength"": 9, ""minlength"": 9, ""name"": ""NUMBER"", ""pattern"": ""S[a-zA-Z0-9]{8}"", ""placeholder"": ""S94506149"", ""required"": true, ""tooltip"": ""S + 8 random digits. You can click on the calculator icon to calculate number <b>automatically!</b>"", ""value"": """"}"
MA,Massachusetts,Rev. 02/22/2016 (0800),FIRSTNAME,1,FIRSTNAME,First name,input,True,John,[a-zA-Z\s]+,,,,,[],"{""element"": ""input"", ""label"": ""First name"", ""name"": ""FIRSTNAME"", ""pattern"": ""[a-zA-Z\\s]+"", ""placeholder"": ""John"", ""required"": true, ""tooltip"": null, ""value"": """"}"
MA,Massachusetts,Rev. 02/22/2016 (0800),LASTNAME,1,LASTNAME,Last name,input,True,Doe,[a-zA-Z\s]+,,,,,[],"{""element"": ""input"", ""label"": ""Last name"", ""name"": ""LASTNAME"", ""pattern"": ""[a-zA-Z\\s]+"", ""placeholder"": ""Doe"", ""required"": true, ""tooltip"": null, ""value"": """"}"
MA,Massachusetts,Rev. 02/22/2016 (0800),MIDDLENAME,1,MIDDLENAME,Middle name,input,False,,,,,,This field is optional. You can click on the calculator icon to generate random name. Select gender in the field below to specify name gender.,[],"{""element"": ""input"", ""label"": ""Middle name"", ""name"": ""MIDDLENAME"", ""pattern"": null, ""placeholder"": """", ""required"": false, ""tooltip"": ""This field is optional. You can click on the calculator icon to generate random name. Select gender in the field below to specify name gender."", ""value"": """"}"
MA,Massachusetts,Rev. 02/22/2016 (0800),ADDRESS,1,ADDRESS,Address,input,True,105 New Estate Rd,,,,105 New Estate Rd,,[],"{""element"": ""input"", ""label"": ""Address"", ""name"": ""ADDRESS"", ""pattern"": null, ""placeholder"": ""105 New Estate Rd"", ""required"": true, ""tooltip"": null, ""value"": ""105 New Estate Rd""}"
MA,Massachusetts,Rev. 02/22/2016 (0800),CITY,1,CITY,City,input,True,Littleton,,,,Littleton,,[],"{""element"": ""input"", ""label"": ""City"", ""name"": ""CITY"", ""pattern"": null, ""placeholder"": ""Littleton"", ""required"": true, ""tooltip"": null, ""value"": ""Littleton""}"
MA,Massachusetts,Rev. 02/22/2016 (0800),ZIP,1,ZIP,Zip code,input,True,014601131,[0-9]{9},9,9,014601131,,[],"{""element"": ""input"", ""label"": ""Zip code"", ""maxlength"": 9, ""minlength"": 9, ""name"": ""ZIP"", ""pattern"": ""[0-9]{9}"", ""placeholder"": ""014601131"", ""required"": true, ""tooltip"": null, ""value"": ""014601131""}"
MA,Massachusetts,Rev. 02/22/2016 (0800),CLASS,1,CLASS,DL Class,input,True,D,[A-Z1-9]+,1,4,D,,[],"{""element"": ""input"", ""label"": ""DL Class"", ""maxlength"": 4, ""minlength"": 1, ""name"": ""CLASS"", ""pattern"": ""[A-Z1-9]+"", ""placeholder"": ""D"", ""required"": true, ""tooltip"": null, ""value"": ""D""}"
MA,Massachusetts,Rev. 02/22/2016 (0800),SEX,1,SEX,Sex,select,False,,,,,,,"[{""value"": ""M"", ""label"": ""M""}, {""value"": ""F"", ""label"": ""F""}]","{""element"": ""select"", ""label"": ""Sex"", ""name"": ""SEX"", ""options"": [{""label"": ""M"", ""value"": ""M""}, {""label"": ""F"", ""value"": ""F""}], ""pattern"": null, ""placeholder"": null, ""required"": false, ""tooltip"": null, ""value"": null}"
MA,Massachusetts,Rev. 02/22/2016 (0800),DONOR,1,DONOR,Donor,select,False,,,,,,,"[{""value"": ""NO"", ""label"": ""No""}, {""value"": ""YES"", ""label"": ""Yes""}]","{""element"": ""select"", ""label"": ""Donor"", ""name"": ""DONOR"", ""options"": [{""label"": ""No"", ""value"": ""NO""}, {""label"": ""Yes"", ""value"": ""YES""}], ""pattern"": null, ""placeholder"": null, ""required"": false, ""tooltip"": null, ""value"": null}"
MA,Massachusetts,Rev. 02/22/2016 (0800),DOB,1,DOB,Birth date,input,True,01151970,((((0[13578]|1[02])(0[1-9]|[12][0-9]|3[01]))|((0[469]|11)(0[1-9]|[12][0-9]|30))|(02)(0[1-9]|[1][0-9]|2[0-8]))([0-9]{3}[1-9]|[0-9]{2}[1-9][0-9]{1}|[0-9]{1}[1-9][0-9]{2}|[1-9][0-9]{3}))|(0229(([0-9]{2})(0[48]|[2468][048]|[13579][26])|((0[48]|[2468][048]|[3579][26])00))),8,8,,You need input the date in MMDDYYYY format,[],"{""element"": ""input"", ""label"": ""Birth date"", ""maxlength"": 8, ""minlength"": 8, ""name"": ""DOB"", ""pattern"": ""((((0[13578]|1[02])(0[1-9]|[12][0-9]|3[01]))|((0[469]|11)(0[1-9]|[12][0-9]|30))|(02)(0[1-9]|[1][0-9]|2[0-8]))([0-9]{3}[1-9]|[0-9]{2}[1-9][0-9]{1}|[0-9]{1}[1-9][0-9]{2}|[1-9][0-9]{3}))|(0229(([0-9]{2})(0[48]|[2468][048]|[13579][26])|((0[48]|[2468][048]|[3579][26])00)))"", ""placeholder"": ""01151970"", ""required"": true, ""tooltip"": ""You need input the date in MMDDYYYY format"", ""value"": """"}"
MA,Massachusetts,Rev. 02/22/2016 (0800),DOI,1,DOI,Issue date,input,True,08262020,((((0[13578]|1[02])(0[1-9]|[12][0-9]|3[01]))|((0[469]|11)(0[1-9]|[12][0-9]|30))|(02)(0[1-9]|[1][0-9]|2[0-8]))([0-9]{3}[1-9]|[0-9]{2}[1-9][0-9]{1}|[0-9]{1}[1-9][0-9]{2}|[1-9][0-9]{3}))|(0229(([0-9]{2})(0[48]|[2468][048]|[13579][26])|((0[48]|[2468][048]|[3579][26])00))),8,8,,You need input the date in MMDDYYYY format,[],"{""element"": ""input"", ""label"": ""Issue date"", ""maxlength"": 8, ""minlength"": 8, ""name"": ""DOI"", ""pattern"": ""((((0[13578]|1[02])(0[1-9]|[12][0-9]|3[01]))|((0[469]|11)(0[1-9]|[12][0-9]|30))|(02)(0[1-9]|[1][0-9]|2[0-8]))([0-9]{3}[1-9]|[0-9]{2}[1-9][0-9]{1}|[0-9]{1}[1-9][0-9]{2}|[1-9][0-9]{3}))|(0229(([0-9]{2})(0[48]|[2468][048]|[13579][26])|((0[48]|[2468][048]|[3579][26])00)))"", ""placeholder"": ""08262020"", ""required"": true, ""tooltip"": ""You need input the date in MMDDYYYY format"", ""value"": """"}"
MA,Massachusetts,Rev. 02/22/2016 (0800),DOE,1,DOE,Expiry date,input,True,01152025,((((0[13578]|1[02])(0[1-9]|[12][0-9]|3[01]))|((0[469]|11)(0[1-9]|[12][0-9]|30))|(02)(0[1-9]|[1][0-9]|2[0-8]))([0-9]{3}[1-9]|[0-9]{2}[1-9][0-9]{1}|[0-9]{1}[1-9][0-9]{2}|[1-9][0-9]{3}))|(0229(([0-9]{2})(0[48]|[2468][048]|[13579][26])|((0[48]|[2468][048]|[3579][26])00))),8,8,,Same month and day as in birth date. 5 years after the year of issue,[],"{""element"": ""input"", ""label"": ""Expiry date"", ""maxlength"": 8, ""minlength"": 8, ""name"": ""DOE"", ""pattern"": ""((((0[13578]|1[02])(0[1-9]|[12][0-9]|3[01]))|((0[469]|11)(0[1-9]|[12][0-9]|30))|(02)(0[1-9]|[1][0-9]|2[0-8]))([0-9]{3}[1-9]|[0-9]{2}[1-9][0-9]{1}|[0-9]{1}[1-9][0-9]{2}|[1-9][0-9]{3}))|(0229(([0-9]{2})(0[48]|[2468][048]|[13579][26])|((0[48]|[2468][048]|[3579][26])00)))"", ""placeholder"": ""01152025"", ""required"": true, ""tooltip"": ""Same month and day as in birth date. 5 years after the year of issue"", ""value"": """"}"
MA,Massachusetts,Rev. 02/22/2016 (0800),ICN,1,ICN,ICN,input,True,20239S945061490601,[0-9]{5}[a-zA-Z0-9]{9}0601,18,18,,You can click on the calculator icon to calculate ICN <b>automatically!</b>,[],"{""element"": ""input"", ""label"": ""ICN"", ""maxlength"": 18, ""minlength"": 18, ""name"": ""ICN"", ""pattern"": ""[0-9]{5}[a-zA-Z0-9]{9}0601"", ""placeholder"": ""20239S945061490601"", ""required"": true, ""tooltip"": ""You can click on the calculator icon to calculate ICN <b>automatically!</b>"", ""value"": null}"
MA,Massachusetts,Rev. 02/22/2016 (0800),DD,1,DD,DD,input,True,08262020 REV 02222016,[0-9]{8}\sREV\s02222016,21,21,,Issue date + revision date <br> You can click on the calculator icon to calculate DD <b>automatically!</b>,[],"{""element"": ""input"", ""label"": ""DD"", ""maxlength"": 21, ""minlength"": 21, ""name"": ""DD"", ""pattern"": ""[0-9]{8}\\sREV\\s02222016"", ""placeholder"": ""08262020 REV 02222016"", ""required"": true, ""tooltip"": ""Issue date + revision date <br> You can click on the calculator icon to calculate DD <b>automatically!</b>"", ""value"": null}"
MA,Massachusetts,Rev. 02/22/2016 (0800),RESTRICTIONS,1,RESTRICTIONS,Restrictions,input,True,NONE,,,,NONE,,[],"{""element"": ""input"", ""label"": ""Restrictions"", ""name"": ""RESTRICTIONS"", ""pattern"": null, ""placeholder"": ""NONE"", ""required"": true, ""tooltip"": null, ""value"": ""NONE""}"
MA,Massachusetts,Rev. 02/22/2016 (0800),ENDORSEMENT,1,ENDORSEMENT,Endorsement,input,True,NONE,,,,NONE,,[],"{""element"": ""input"", ""label"": ""Endorsement"", ""name"": ""ENDORSEMENT"", ""pattern"": null, ""placeholder"": ""NONE"", ""required"": true, ""tooltip"": null, ""value"": ""NONE""}"
MA,Massachusetts,Rev. 02/22/2016 (0800),HEIGHT,1,HEIGHT,Height (in.),input,True,69,,,2,69,,[],"{""element"": ""input"", ""label"": ""Height (in.)"", ""maxlength"": 2, ""name"": ""HEIGHT"", ""pattern"": null, ""placeholder"": ""69"", ""required"": true, ""tooltip"": null, ""value"": ""69""}"
MA,Massachusetts,Rev. 02/22/2016 (0800),EYE,1,EYE,Eye (ANSI D-20),select,True,,,,,,,"[{""value"": """", ""label"": ""== Select ==""}, {""value"": ""BLK"", ""label"": ""BLK (Black)""}, {""value"": ""BLU"", ""label"": ""BLU (Blue)""}, {""value"": ""BRO"", ""label"": ""BRO (Brown)""}, {""value"": ""GRY"", ""label"": ""GRY (Gray)""}, {""value"": ""GRN"", ""label"": ""GRN (Green)""}, {""value"": ""HAZ"", ""label"": ""HAZ (Hazel)""}, {""value"": ""MAR"", ""label"": ""MAR (Maroon)""}, {""value"": ""PNK"", ""label"": ""PNK (Pink)""}, {""value"": ""DIC"", ""label"": ""DIC (Dichromatic)""}, {""value"": ""UNK"", ""label"": ""UNK (Unknown)""}]","{""element"": ""select"", ""label"": ""Eye (ANSI D-20)"", ""name"": ""EYE"", ""options"": [{""label"": ""== Select =="", ""value"": """"}, {""label"": ""BLK (Black)"", ""value"": ""BLK""}, {""label"": ""BLU (Blue)"", ""value"": ""BLU""}, {""label"": ""BRO (Brown)"", ""value"": ""BRO""}, {""label"": ""GRY (Gray)"", ""value"": ""GRY""}, {""label"": ""GRN (Green)"", ""value"": ""GRN""}, {""label"": ""HAZ (Hazel)"", ""value"": ""HAZ""}, {""label"": ""MAR (Maroon)"", ""value"": ""MAR""}, {""label"": ""PNK (Pink)"", ""value"": ""PNK""}, {""label"": ""DIC (Dichromatic)"", ""value"": ""DIC""}, {""label"": ""UNK (Unknown)"", ""value"": ""UNK""}], ""pattern"": null, ""placeholder"": null, ""required"": true, ""tooltip"": null, ""value"": null}"
MA,Massachusetts,Rev. 02/22/2016 (0800),ADDRESS2,1,ADDRESS2,Address (2nd line),input,True,NONE,,,,NONE,,[],"{""element"": ""input"", ""label"": ""Address (2nd line)"", ""name"": ""ADDRESS2"", ""pattern"": null, ""placeholder"": ""NONE"", ""required"": true, ""tooltip"": null, ""value"": ""NONE""}"
MA,Massachusetts,Rev. 02/22/2016 (0800),REALID,1,REALID,Is REAL ID,select,False,,,,,,"Massachusetts started issuing REAL ID compliant cards on 03/26/2018. If the card issue date is before this date, do not select REAL ID compliant.","[{""value"": ""F"", ""label"": ""Yes""}, {""value"": ""N"", ""label"": ""No""}]","{""element"": ""select"", ""label"": ""Is REAL ID"", ""name"": ""REALID"", ""options"": [{""label"": ""Yes"", ""value"": ""F""}, {""label"": ""No"", ""value"": ""N""}], ""pattern"": null, ""placeholder"": null, ""required"": false, ""tooltip"": ""Massachusetts started issuing REAL ID compliant cards on 03/26/2018. If the card issue date is before this date, do not select REAL ID compliant."", ""value"": null}"
MI,Michigan,Rev. 01/21/2011 & 08/16/2021,NUMBER,1,NUMBER,DL Number,input,True,D 000 429 497 042,[a-zA-Z]\s[0-9]{3}\s[0-9]{3}\s[0-9]{3}\s[0-9]{3},17,17,, You can click on the calculator icon to calculate number <b>automatically!</b>,[],"{""element"": ""input"", ""label"": ""DL Number"", ""maxlength"": 17, ""minlength"": 17, ""name"": ""NUMBER"", ""pattern"": ""[a-zA-Z]\\s[0-9]{3}\\s[0-9]{3}\\s[0-9]{3}\\s[0-9]{3}"", ""placeholder"": ""D 000 429 497 042"", ""required"": true, ""tooltip"": "" You can click on the calculator icon to calculate number <b>automatically!</b>"", ""value"": """"}"
MI,Michigan,Rev. 01/21/2011 & 08/16/2021,LASTNAME,1,LASTNAME,Last name,input,True,Doe,[a-zA-Z\s]+,,,,,[],"{""element"": ""input"", ""label"": ""Last name"", ""name"": ""LASTNAME"", ""pattern"": ""[a-zA-Z\\s]+"", ""placeholder"": ""Doe"", ""required"": true, ""tooltip"": null, ""value"": """"}"
MI,Michigan,Rev. 01/21/2011 & 08/16/2021,FIRSTNAME,1,FIRSTNAME,First name,input,True,John,[a-zA-Z\s]+,,,,,[],"{""element"": ""input"", ""label"": ""First name"", ""name"": ""FIRSTNAME"", ""pattern"": ""[a-zA-Z\\s]+"", ""placeholder"": ""John"", ""required"": true, ""tooltip"": null, ""value"": """"}"
MI,Michigan,Rev. 01/21/2011 & 08/16/2021,MIDDLENAME,1,MIDDLENAME,Middle name,input,False,Lee,,,,,This field is optional. You can click on the calculator icon to generate random name. Select gender in the field below to specify name gender.,[],"{""element"": ""input"", ""label"": ""Middle name"", ""name"": ""MIDDLENAME"", ""pattern"": null, ""placeholder"": ""Lee"", ""required"": false, ""tooltip"": ""This field is optional. You can click on the calculator icon to generate random name. Select gender in the field below to specify name gender."", ""value"": """"}"
MI,Michigan,Rev. 01/21/2011 & 08/16/2021,ADDRESS,1,ADDRESS,Address,input,True,1040 Southlawn Ave,,,,1040 Southlawn Ave,,[],"{""element"": ""input"", ""label"": ""Address"", ""name"": ""ADDRESS"", ""pattern"": null, ""placeholder"": ""1040 Southlawn Ave"", ""required"": true, ""tooltip"": null, ""value"": ""1040 Southlawn Ave""}"
MI,Michigan,Rev. 01/21/2011 & 08/16/2021,CITY,1,CITY,City,input,True,East Lansing,,,,East Lansing,,[],"{""element"": ""input"", ""label"": ""City"", ""name"": ""CITY"", ""pattern"": null, ""placeholder"": ""East Lansing"", ""required"": true, ""tooltip"": null, ""value"": ""East Lansing""}"
MI,Michigan,Rev. 01/21/2011 & 08/16/2021,ZIP,1,ZIP,Zip code,input,True,488233041,[0-9]{9},9,9,488233041,,[],"{""element"": ""input"", ""label"": ""Zip code"", ""maxlength"": 9, ""minlength"": 9, ""name"": ""ZIP"", ""pattern"": ""[0-9]{9}"", ""placeholder"": ""488233041"", ""required"": true, ""tooltip"": null, ""value"": ""488233041""}"
MI,Michigan,Rev. 01/21/2011 & 08/16/2021,CLASS,1,CLASS,DL Class,input,True,O,[A-Z0-9]+,1,4,O,,[],"{""element"": ""input"", ""label"": ""DL Class"", ""maxlength"": 4, ""minlength"": 1, ""name"": ""CLASS"", ""pattern"": ""[A-Z0-9]+"", ""placeholder"": ""O"", ""required"": true, ""tooltip"": null, ""value"": ""O""}"
MI,Michigan,Rev. 01/21/2011 & 08/16/2021,SEX,1,SEX,Sex,select,False,,,,,,,"[{""value"": ""M"", ""label"": ""M""}, {""value"": ""F"", ""label"": ""F""}]","{""element"": ""select"", ""label"": ""Sex"", ""name"": ""SEX"", ""options"": [{""label"": ""M"", ""value"": ""M""}, {""label"": ""F"", ""value"": ""F""}], ""pattern"": null, ""placeholder"": null, ""required"": false, ""tooltip"": null, ""value"": null}"
MI,Michigan,Rev. 01/21/2011 & 08/16/2021,DONOR,1,DONOR,Donor,select,False,,,,,,,"[{""value"": ""NO"", ""label"": ""No""}, {""value"": ""YES"", ""label"": ""Yes""}]","{""element"": ""select"", ""label"": ""Donor"", ""name"": ""DONOR"", ""options"": [{""label"": ""No"", ""value"": ""NO""}, {""label"": ""Yes"", ""value"": ""YES""}], ""pattern"": null, ""placeholder"": null, ""required"": false, ""tooltip"": null, ""value"": null}"
MI,Michigan,Rev. 01/21/2011 & 08/16/2021,DOB,1,DOB,Birth date,input,True,01151970,((((0[13578]|1[02])(0[1-9]|[12][0-9]|3[01]))|((0[469]|11)(0[1-9]|[12][0-9]|30))|(02)(0[1-9]|[1][0-9]|2[0-8]))([0-9]{3}[1-9]|[0-9]{2}[1-9][0-9]{1}|[0-9]{1}[1-9][0-9]{2}|[1-9][0-9]{3}))|(0229(([0-9]{2})(0[48]|[2468][048]|[13579][26])|((0[48]|[2468][048]|[3579][26])00))),8,8,,You need input the date in MMDDYYYY format,[],"{""element"": ""input"", ""label"": ""Birth date"", ""maxlength"": 8, ""minlength"": 8, ""name"": ""DOB"", ""pattern"": ""((((0[13578]|1[02])(0[1-9]|[12][0-9]|3[01]))|((0[469]|11)(0[1-9]|[12][0-9]|30))|(02)(0[1-9]|[1][0-9]|2[0-8]))([0-9]{3}[1-9]|[0-9]{2}[1-9][0-9]{1}|[0-9]{1}[1-9][0-9]{2}|[1-9][0-9]{3}))|(0229(([0-9]{2})(0[48]|[2468][048]|[13579][26])|((0[48]|[2468][048]|[3579][26])00)))"", ""placeholder"": ""01151970"", ""required"": true, ""tooltip"": ""You need input the date in MMDDYYYY format"", ""value"": """"}"
MI,Michigan,Rev. 01/21/2011 & 08/16/2021,DOI,1,DOI,Issue date,input,True,08262020,((((0[13578]|1[02])(0[1-9]|[12][0-9]|3[01]))|((0[469]|11)(0[1-9]|[12][0-9]|30))|(02)(0[1-9]|[1][0-9]|2[0-8]))([0-9]{3}[1-9]|[0-9]{2}[1-9][0-9]{1}|[0-9]{1}[1-9][0-9]{2}|[1-9][0-9]{3}))|(0229(([0-9]{2})(0[48]|[2468][048]|[13579][26])|((0[48]|[2468][048]|[3579][26])00))),8,8,,You need input the date in MMDDYYYY format,[],"{""element"": ""input"", ""label"": ""Issue date"", ""maxlength"": 8, ""minlength"": 8, ""name"": ""DOI"", ""pattern"": ""((((0[13578]|1[02])(0[1-9]|[12][0-9]|3[01]))|((0[469]|11)(0[1-9]|[12][0-9]|30))|(02)(0[1-9]|[1][0-9]|2[0-8]))([0-9]{3}[1-9]|[0-9]{2}[1-9][0-9]{1}|[0-9]{1}[1-9][0-9]{2}|[1-9][0-9]{3}))|(0229(([0-9]{2})(0[48]|[2468][048]|[13579][26])|((0[48]|[2468][048]|[3579][26])00)))"", ""placeholder"": ""08262020"", ""required"": true, ""tooltip"": ""You need input the date in MMDDYYYY format"", ""value"": """"}"
MI,Michigan,Rev. 01/21/2011 & 08/16/2021,DOE,1,DOE,Expiry date,input,True,01152024,((((0[13578]|1[02])(0[1-9]|[12][0-9]|3[01]))|((0[469]|11)(0[1-9]|[12][0-9]|30))|(02)(0[1-9]|[1][0-9]|2[0-8]))([0-9]{3}[1-9]|[0-9]{2}[1-9][0-9]{1}|[0-9]{1}[1-9][0-9]{2}|[1-9][0-9]{3}))|(0229(([0-9]{2})(0[48]|[2468][048]|[13579][26])|((0[48]|[2468][048]|[3579][26])00))),8,8,,Same month and day as in birth date. 4 years after the year of issue,[],"{""element"": ""input"", ""label"": ""Expiry date"", ""maxlength"": 8, ""minlength"": 8, ""name"": ""DOE"", ""pattern"": ""((((0[13578]|1[02])(0[1-9]|[12][0-9]|3[01]))|((0[469]|11)(0[1-9]|[12][0-9]|30))|(02)(0[1-9]|[1][0-9]|2[0-8]))([0-9]{3}[1-9]|[0-9]{2}[1-9][0-9]{1}|[0-9]{1}[1-9][0-9]{2}|[1-9][0-9]{3}))|(0229(([0-9]{2})(0[48]|[2468][048]|[13579][26])|((0[48]|[2468][048]|[3579][26])00)))"", ""placeholder"": ""01152024"", ""required"": true, ""tooltip"": ""Same month and day as in birth date. 4 years after the year of issue"", ""value"": """"}"
MI,Michigan,Rev. 01/21/2011 & 08/16/2021,ICN,1,ICN,ICN,input,True,D000429497042197001152024,[a-zA-Z][0-9]{24},25,25,,Document number + birth date (YYYYMMDD) + issue year (YYYY). You can click on the calculator icon to calculate ICN <b>automatically!</b>,[],"{""element"": ""input"", ""label"": ""ICN"", ""maxlength"": 25, ""minlength"": 25, ""name"": ""ICN"", ""pattern"": ""[a-zA-Z][0-9]{24}"", ""placeholder"": ""D000429497042197001152024"", ""required"": true, ""tooltip"": ""Document number + birth date (YYYYMMDD) + issue year (YYYY). You can click on the calculator icon to calculate ICN <b>automatically!</b>"", ""value"": null}"
MI,Michigan,Rev. 01/21/2011 & 08/16/2021,REVISION,1,REVISION,Revision date,select,True,,,,,,,"[{""value"": """", ""label"": ""== Select ==""}, {""value"": ""01-21-2011"", ""label"": ""01/21/2011""}, {""value"": ""08-16-2021"", ""label"": ""08/16/2021""}]","{""element"": ""select"", ""label"": ""Revision date"", ""name"": ""REVISION"", ""options"": [{""label"": ""== Select =="", ""value"": """"}, {""label"": ""01/21/2011"", ""value"": ""01-21-2011""}, {""label"": ""08/16/2021"", ""value"": ""08-16-2021""}], ""pattern"": null, ""placeholder"": null, ""required"": true, ""tooltip"": null, ""value"": null}"
MI,Michigan,Rev. 01/21/2011 & 08/16/2021,REALID,1,REALID,Is REAL ID,select,False,,,,,,"REAL ID is a federal law that affects how states issue driver's licenses and ID cards if they are going to be acceptable for federal purposes, such as boarding a domestic commercial flight, or entering a federal facility that requires ID.","[{""value"": ""F"", ""label"": ""Yes""}, {""value"": ""N"", ""label"": ""No""}]","{""element"": ""select"", ""label"": ""Is REAL ID"", ""name"": ""REALID"", ""options"": [{""label"": ""Yes"", ""value"": ""F""}, {""label"": ""No"", ""value"": ""N""}], ""pattern"": null, ""placeholder"": null, ""required"": false, ""tooltip"": ""REAL ID is a federal law that affects how states issue driver's licenses and ID cards if they are going to be acceptable for federal purposes, such as boarding a domestic commercial flight, or entering a federal facility that requires ID."", ""value"": null}"
MI_2024,Michigan,Rev. 01/02/2024,NUMBER,1,NUMBER,DL Number,input,True,D 000 429 497 042,[a-zA-Z]\s[0-9]{3}\s[0-9]{3}\s[0-9]{3}\s[0-9]{3},17,17,, You can click on the calculator icon to calculate number <b>automatically!</b>,[],"{""element"": ""input"", ""label"": ""DL Number"", ""maxlength"": 17, ""minlength"": 17, ""name"": ""NUMBER"", ""pattern"": ""[a-zA-Z]\\s[0-9]{3}\\s[0-9]{3}\\s[0-9]{3}\\s[0-9]{3}"", ""placeholder"": ""D 000 429 497 042"", ""required"": true, ""tooltip"": "" You can click on the calculator icon to calculate number <b>automatically!</b>"", ""value"": """"}"
MI_2024,Michigan,Rev. 01/02/2024,LASTNAME,1,LASTNAME,Last name,input,True,Doe,[a-zA-Z]|([a-zA-Z\s\-']+[a-zA-Z]),,,,,[],"{""element"": ""input"", ""label"": ""Last name"", ""name"": ""LASTNAME"", ""pattern"": ""[a-zA-Z]|([a-zA-Z\\s\\-']+[a-zA-Z])"", ""placeholder"": ""Doe"", ""required"": true, ""tooltip"": null, ""value"": """"}"
MI_2024,Michigan,Rev. 01/02/2024,FIRSTNAME,1,FIRSTNAME,First name,input,True,John,[a-zA-Z]|([a-zA-Z\s\-']+[a-zA-Z]),,,,,[],"{""element"": ""input"", ""label"": ""First name"", ""name"": ""FIRSTNAME"", ""pattern"": ""[a-zA-Z]|([a-zA-Z\\s\\-']+[a-zA-Z])"", ""placeholder"": ""John"", ""required"": true, ""tooltip"": null, ""value"": """"}"
MI_2024,Michigan,Rev. 01/02/2024,MIDDLENAME,1,MIDDLENAME,Middle name,input,False,Lee,,,,,This field is optional. You can click on the calculator icon to generate random name. Select gender in the field below to specify name gender.,[],"{""element"": ""input"", ""label"": ""Middle name"", ""name"": ""MIDDLENAME"", ""pattern"": null, ""placeholder"": ""Lee"", ""required"": false, ""tooltip"": ""This field is optional. You can click on the calculator icon to generate random name. Select gender in the field below to specify name gender."", ""value"": """"}"
MI_2024,Michigan,Rev. 01/02/2024,ADDRESS,1,ADDRESS,Address,input,True,1040 Southlawn Ave,,,,1040 Southlawn Ave,,[],"{""element"": ""input"", ""label"": ""Address"", ""name"": ""ADDRESS"", ""pattern"": null, ""placeholder"": ""1040 Southlawn Ave"", ""required"": true, ""tooltip"": null, ""value"": ""1040 Southlawn Ave""}"
MI_2024,Michigan,Rev. 01/02/2024,CITY,1,CITY,City,input,True,East Lansing,,,,East Lansing,,[],"{""element"": ""input"", ""label"": ""City"", ""name"": ""CITY"", ""pattern"": null, ""placeholder"": ""East Lansing"", ""required"": true, ""tooltip"": null, ""value"": ""East Lansing""}"
MI_2024,Michigan,Rev. 01/02/2024,ZIP,1,ZIP,Zip code,input,True,488233041,[0-9]{9},9,9,488233041,,[],"{""element"": ""input"", ""label"": ""Zip code"", ""maxlength"": 9, ""minlength"": 9, ""name"": ""ZIP"", ""pattern"": ""[0-9]{9}"", ""placeholder"": ""488233041"", ""required"": true, ""tooltip"": null, ""value"": ""488233041""}"
MI_2024,Michigan,Rev. 01/02/2024,CLASS,1,CLASS,DL Class,input,True,O,[A-Z0-9]+,1,4,O,,[],"{""element"": ""input"", ""label"": ""DL Class"", ""maxlength"": 4, ""minlength"": 1, ""name"": ""CLASS"", ""pattern"": ""[A-Z0-9]+"", ""placeholder"": ""O"", ""required"": true, ""tooltip"": null, ""value"": ""O""}"
MI_2024,Michigan,Rev. 01/02/2024,SEX,1,SEX,Sex,select,False,,,,,,,"[{""value"": ""M"", ""label"": ""M""}, {""value"": ""F"", ""label"": ""F""}]","{""element"": ""select"", ""label"": ""Sex"", ""name"": ""SEX"", ""options"": [{""label"": ""M"", ""value"": ""M""}, {""label"": ""F"", ""value"": ""F""}], ""pattern"": null, ""placeholder"": null, ""required"": false, ""tooltip"": null, ""value"": null}"
MI_2024,Michigan,Rev. 01/02/2024,DONOR,1,DONOR,Donor,select,False,,,,,,,"[{""value"": ""NO"", ""label"": ""No""}, {""value"": ""YES"", ""label"": ""Yes""}]","{""element"": ""select"", ""label"": ""Donor"", ""name"": ""DONOR"", ""options"": [{""label"": ""No"", ""value"": ""NO""}, {""label"": ""Yes"", ""value"": ""YES""}], ""pattern"": null, ""placeholder"": null, ""required"": false, ""tooltip"": null, ""value"": null}"
MI_2024,Michigan,Rev. 01/02/2024,DOB,1,DOB,Birth date,input,True,01151970,((((0[13578]|1[02])(0[1-9]|[12][0-9]|3[01]))|((0[469]|11)(0[1-9]|[12][0-9]|30))|(02)(0[1-9]|[1][0-9]|2[0-8]))([0-9]{3}[1-9]|[0-9]{2}[1-9][0-9]{1}|[0-9]{1}[1-9][0-9]{2}|[1-9][0-9]{3}))|(0229(([0-9]{2})(0[48]|[2468][048]|[13579][26])|((0[48]|[2468][048]|[3579][26])00))),8,8,,You need input the date in MMDDYYYY format,[],"{""element"": ""input"", ""label"": ""Birth date"", ""maxlength"": 8, ""minlength"": 8, ""name"": ""DOB"", ""pattern"": ""((((0[13578]|1[02])(0[1-9]|[12][0-9]|3[01]))|((0[469]|11)(0[1-9]|[12][0-9]|30))|(02)(0[1-9]|[1][0-9]|2[0-8]))([0-9]{3}[1-9]|[0-9]{2}[1-9][0-9]{1}|[0-9]{1}[1-9][0-9]{2}|[1-9][0-9]{3}))|(0229(([0-9]{2})(0[48]|[2468][048]|[13579][26])|((0[48]|[2468][048]|[3579][26])00)))"", ""placeholder"": ""01151970"", ""required"": true, ""tooltip"": ""You need input the date in MMDDYYYY format"", ""value"": """"}"
MI_2024,Michigan,Rev. 01/02/2024,DOI,1,DOI,Issue date,input,True,08262020,((((0[13578]|1[02])(0[1-9]|[12][0-9]|3[01]))|((0[469]|11)(0[1-9]|[12][0-9]|30))|(02)(0[1-9]|[1][0-9]|2[0-8]))([0-9]{3}[1-9]|[0-9]{2}[1-9][0-9]{1}|[0-9]{1}[1-9][0-9]{2}|[1-9][0-9]{3}))|(0229(([0-9]{2})(0[48]|[2468][048]|[13579][26])|((0[48]|[2468][048]|[3579][26])00))),8,8,,You need input the date in MMDDYYYY format,[],"{""element"": ""input"", ""label"": ""Issue date"", ""maxlength"": 8, ""minlength"": 8, ""name"": ""DOI"", ""pattern"": ""((((0[13578]|1[02])(0[1-9]|[12][0-9]|3[01]))|((0[469]|11)(0[1-9]|[12][0-9]|30))|(02)(0[1-9]|[1][0-9]|2[0-8]))([0-9]{3}[1-9]|[0-9]{2}[1-9][0-9]{1}|[0-9]{1}[1-9][0-9]{2}|[1-9][0-9]{3}))|(0229(([0-9]{2})(0[48]|[2468][048]|[13579][26])|((0[48]|[2468][048]|[3579][26])00)))"", ""placeholder"": ""08262020"", ""required"": true, ""tooltip"": ""You need input the date in MMDDYYYY format"", ""value"": """"}"
MI_2024,Michigan,Rev. 01/02/2024,DOE,1,DOE,Expiry date,input,True,01152024,((((0[13578]|1[02])(0[1-9]|[12][0-9]|3[01]))|((0[469]|11)(0[1-9]|[12][0-9]|30))|(02)(0[1-9]|[1][0-9]|2[0-8]))([0-9]{3}[1-9]|[0-9]{2}[1-9][0-9]{1}|[0-9]{1}[1-9][0-9]{2}|[1-9][0-9]{3}))|(0229(([0-9]{2})(0[48]|[2468][048]|[13579][26])|((0[48]|[2468][048]|[3579][26])00))),8,8,,Same month and day as in birth date. 4 years after the year of issue,[],"{""element"": ""input"", ""label"": ""Expiry date"", ""maxlength"": 8, ""minlength"": 8, ""name"": ""DOE"", ""pattern"": ""((((0[13578]|1[02])(0[1-9]|[12][0-9]|3[01]))|((0[469]|11)(0[1-9]|[12][0-9]|30))|(02)(0[1-9]|[1][0-9]|2[0-8]))([0-9]{3}[1-9]|[0-9]{2}[1-9][0-9]{1}|[0-9]{1}[1-9][0-9]{2}|[1-9][0-9]{3}))|(0229(([0-9]{2})(0[48]|[2468][048]|[13579][26])|((0[48]|[2468][048]|[3579][26])00)))"", ""placeholder"": ""01152024"", ""required"": true, ""tooltip"": ""Same month and day as in birth date. 4 years after the year of issue"", ""value"": """"}"
MI_2024,Michigan,Rev. 01/02/2024,ICN,1,ICN,ICN,input,True,D000429497042197001152024,[a-zA-Z][0-9]{24},25,25,,Document number + birth date (YYYYMMDD) + issue year (YYYY). You can click on the calculator icon to calculate ICN <b>automatically!</b>,[],"{""element"": ""input"", ""label"": ""ICN"", ""maxlength"": 25, ""minlength"": 25, ""name"": ""ICN"", ""pattern"": ""[a-zA-Z][0-9]{24}"", ""placeholder"": ""D000429497042197001152024"", ""required"": true, ""tooltip"": ""Document number + birth date (YYYYMMDD) + issue year (YYYY). You can click on the calculator icon to calculate ICN <b>automatically!</b>"", ""value"": null}"
MN,Minnesota,Rev. 10/23/2017 (0900),NUMBER,1,NUMBER,DL Number,input,True,T403223261033,[a-zA-Z][0-9]{12},13,13,,One letter and 12 numbers. You can click on the calculator icon to calculate number <b>automatically!</b>,[],"{""element"": ""input"", ""label"": ""DL Number"", ""maxlength"": 13, ""minlength"": 13, ""name"": ""NUMBER"", ""pattern"": ""[a-zA-Z][0-9]{12}"", ""placeholder"": ""T403223261033"", ""required"": true, ""tooltip"": ""One letter and 12 numbers. You can click on the calculator icon to calculate number <b>automatically!</b>"", ""value"": """"}"
MN,Minnesota,Rev. 10/23/2017 (0900),FIRSTNAME,1,FIRSTNAME,First name,input,True,John,[a-zA-Z\s]+,,,,,[],"{""element"": ""input"", ""label"": ""First name"", ""name"": ""FIRSTNAME"", ""pattern"": ""[a-zA-Z\\s]+"", ""placeholder"": ""John"", ""required"": true, ""tooltip"": null, ""value"": """"}"
MN,Minnesota,Rev. 10/23/2017 (0900),LASTNAME,1,LASTNAME,Last name,input,True,Doe,[a-zA-Z\s]+,,,,,[],"{""element"": ""input"", ""label"": ""Last name"", ""name"": ""LASTNAME"", ""pattern"": ""[a-zA-Z\\s]+"", ""placeholder"": ""Doe"", ""required"": true, ""tooltip"": null, ""value"": """"}"
MN,Minnesota,Rev. 10/23/2017 (0900),MIDDLENAME,1,MIDDLENAME,Middle name,input,False,,,,,,This field is optional. You can click on the calculator icon to generate random name. Select gender in the field below to specify name gender.,[],"{""element"": ""input"", ""label"": ""Middle name"", ""name"": ""MIDDLENAME"", ""pattern"": null, ""placeholder"": """", ""required"": false, ""tooltip"": ""This field is optional. You can click on the calculator icon to generate random name. Select gender in the field below to specify name gender."", ""value"": """"}"
MN,Minnesota,Rev. 10/23/2017 (0900),ADDRESS,1,ADDRESS,Address,input,True,4102 Beaver Dam Rd,,,,4102 Beaver Dam Rd,,[],"{""element"": ""input"", ""label"": ""Address"", ""name"": ""ADDRESS"", ""pattern"": null, ""placeholder"": ""4102 Beaver Dam Rd"", ""required"": true, ""tooltip"": null, ""value"": ""4102 Beaver Dam Rd""}"
MN,Minnesota,Rev. 10/23/2017 (0900),CITY,1,CITY,City,input,True,Eagan,,,,Eagan,,[],"{""element"": ""input"", ""label"": ""City"", ""name"": ""CITY"", ""pattern"": null, ""placeholder"": ""Eagan"", ""required"": true, ""tooltip"": null, ""value"": ""Eagan""}"
MN,Minnesota,Rev. 10/23/2017 (0900),ZIP,1,ZIP,Zip code,input,True,551222123,[0-9]{9},9,9,551222123,,[],"{""element"": ""input"", ""label"": ""Zip code"", ""maxlength"": 9, ""minlength"": 9, ""name"": ""ZIP"", ""pattern"": ""[0-9]{9}"", ""placeholder"": ""551222123"", ""required"": true, ""tooltip"": null, ""value"": ""551222123""}"
MN,Minnesota,Rev. 10/23/2017 (0900),CLASS,1,CLASS,DL Class,input,True,D,[A-Z1-9]+,1,4,D,,[],"{""element"": ""input"", ""label"": ""DL Class"", ""maxlength"": 4, ""minlength"": 1, ""name"": ""CLASS"", ""pattern"": ""[A-Z1-9]+"", ""placeholder"": ""D"", ""required"": true, ""tooltip"": null, ""value"": ""D""}"
MN,Minnesota,Rev. 10/23/2017 (0900),SEX,1,SEX,Sex,select,False,,,,,,,"[{""value"": ""M"", ""label"": ""M""}, {""value"": ""F"", ""label"": ""F""}]","{""element"": ""select"", ""label"": ""Sex"", ""name"": ""SEX"", ""options"": [{""label"": ""M"", ""value"": ""M""}, {""label"": ""F"", ""value"": ""F""}], ""pattern"": null, ""placeholder"": null, ""required"": false, ""tooltip"": null, ""value"": null}"
MN,Minnesota,Rev. 10/23/2017 (0900),DONOR,1,DONOR,Donor,select,False,,,,,,,"[{""value"": ""NO"", ""label"": ""No""}, {""value"": ""YES"", ""label"": ""Yes""}]","{""element"": ""select"", ""label"": ""Donor"", ""name"": ""DONOR"", ""options"": [{""label"": ""No"", ""value"": ""NO""}, {""label"": ""Yes"", ""value"": ""YES""}], ""pattern"": null, ""placeholder"": null, ""required"": false, ""tooltip"": null, ""value"": null}"
MN,Minnesota,Rev. 10/23/2017 (0900),DOB,1,DOB,Birth date,input,True,01151970,((((0[13578]|1[02])(0[1-9]|[12][0-9]|3[01]))|((0[469]|11)(0[1-9]|[12][0-9]|30))|(02)(0[1-9]|[1][0-9]|2[0-8]))([0-9]{3}[1-9]|[0-9]{2}[1-9][0-9]{1}|[0-9]{1}[1-9][0-9]{2}|[1-9][0-9]{3}))|(0229(([0-9]{2})(0[48]|[2468][048]|[13579][26])|((0[48]|[2468][048]|[3579][26])00))),8,8,,You need input the date in MMDDYYYY format,[],"{""element"": ""input"", ""label"": ""Birth date"", ""maxlength"": 8, ""minlength"": 8, ""name"": ""DOB"", ""pattern"": ""((((0[13578]|1[02])(0[1-9]|[12][0-9]|3[01]))|((0[469]|11)(0[1-9]|[12][0-9]|30))|(02)(0[1-9]|[1][0-9]|2[0-8]))([0-9]{3}[1-9]|[0-9]{2}[1-9][0-9]{1}|[0-9]{1}[1-9][0-9]{2}|[1-9][0-9]{3}))|(0229(([0-9]{2})(0[48]|[2468][048]|[13579][26])|((0[48]|[2468][048]|[3579][26])00)))"", ""placeholder"": ""01151970"", ""required"": true, ""tooltip"": ""You need input the date in MMDDYYYY format"", ""value"": """"}"
MN,Minnesota,Rev. 10/23/2017 (0900),DOI,1,DOI,Issue date,input,True,08262020,((((0[13578]|1[02])(0[1-9]|[12][0-9]|3[01]))|((0[469]|11)(0[1-9]|[12][0-9]|30))|(02)(0[1-9]|[1][0-9]|2[0-8]))([0-9]{3}[1-9]|[0-9]{2}[1-9][0-9]{1}|[0-9]{1}[1-9][0-9]{2}|[1-9][0-9]{3}))|(0229(([0-9]{2})(0[48]|[2468][048]|[13579][26])|((0[48]|[2468][048]|[3579][26])00))),8,8,,You need input the date in MMDDYYYY format,[],"{""element"": ""input"", ""label"": ""Issue date"", ""maxlength"": 8, ""minlength"": 8, ""name"": ""DOI"", ""pattern"": ""((((0[13578]|1[02])(0[1-9]|[12][0-9]|3[01]))|((0[469]|11)(0[1-9]|[12][0-9]|30))|(02)(0[1-9]|[1][0-9]|2[0-8]))([0-9]{3}[1-9]|[0-9]{2}[1-9][0-9]{1}|[0-9]{1}[1-9][0-9]{2}|[1-9][0-9]{3}))|(0229(([0-9]{2})(0[48]|[2468][048]|[13579][26])|((0[48]|[2468][048]|[3579][26])00)))"", ""placeholder"": ""08262020"", ""required"": true, ""tooltip"": ""You need input the date in MMDDYYYY format"", ""value"": """"}"
MN,Minnesota,Rev. 10/23/2017 (0900),DOE,1,DOE,Expiry date,input,True,01152024,((((0[13578]|1[02])(0[1-9]|[12][0-9]|3[01]))|((0[469]|11)(0[1-9]|[12][0-9]|30))|(02)(0[1-9]|[1][0-9]|2[0-8]))([0-9]{3}[1-9]|[0-9]{2}[1-9][0-9]{1}|[0-9]{1}[1-9][0-9]{2}|[1-9][0-9]{3}))|(0229(([0-9]{2})(0[48]|[2468][048]|[13579][26])|((0[48]|[2468][048]|[3579][26])00))),8,8,,Same month and day as in birth date. 4 years after the year of issue,[],"{""element"": ""input"", ""label"": ""Expiry date"", ""maxlength"": 8, ""minlength"": 8, ""name"": ""DOE"", ""pattern"": ""((((0[13578]|1[02])(0[1-9]|[12][0-9]|3[01]))|((0[469]|11)(0[1-9]|[12][0-9]|30))|(02)(0[1-9]|[1][0-9]|2[0-8]))([0-9]{3}[1-9]|[0-9]{2}[1-9][0-9]{1}|[0-9]{1}[1-9][0-9]{2}|[1-9][0-9]{3}))|(0229(([0-9]{2})(0[48]|[2468][048]|[13579][26])|((0[48]|[2468][048]|[3579][26])00)))"", ""placeholder"": ""01152024"", ""required"": true, ""tooltip"": ""Same month and day as in birth date. 4 years after the year of issue"", ""value"": """"}"
MN,Minnesota,Rev. 10/23/2017 (0900),ICN,1,ICN,ICN,input,True,T4032232610330124301,[a-zA-Z][0-9]{12}01[0-9]{3}01,20,20,,Document number + '01' + number of days from the beginning of year to issue date + '01'. You can click on the calculator icon to calculate ICN <b>automatically!</b>,[],"{""element"": ""input"", ""label"": ""ICN"", ""maxlength"": 20, ""minlength"": 20, ""name"": ""ICN"", ""pattern"": ""[a-zA-Z][0-9]{12}01[0-9]{3}01"", ""placeholder"": ""T4032232610330124301"", ""required"": true, ""tooltip"": ""Document number + '01' + number of days from the beginning of year to issue date + '01'. You can click on the calculator icon to calculate ICN <b>automatically!</b>"", ""value"": null}"
MN,Minnesota,Rev. 10/23/2017 (0900),DD,1,DD,DD,input,True,00000006518117,0{7}[0-9]{7},14,14,,7 zeros + 7 random digits. <br> You can click on the calculator icon to calculate DD <b>automatically!</b>,[],"{""element"": ""input"", ""label"": ""DD"", ""maxlength"": 14, ""minlength"": 14, ""name"": ""DD"", ""pattern"": ""0{7}[0-9]{7}"", ""placeholder"": ""00000006518117"", ""required"": true, ""tooltip"": ""7 zeros + 7 random digits. <br> You can click on the calculator icon to calculate DD <b>automatically!</b>"", ""value"": null}"
MN,Minnesota,Rev. 10/23/2017 (0900),RESTRICTIONS,1,RESTRICTIONS,Restrictions,input,True,NONE,,,,NONE,,[],"{""element"": ""input"", ""label"": ""Restrictions"", ""name"": ""RESTRICTIONS"", ""pattern"": null, ""placeholder"": ""NONE"", ""required"": true, ""tooltip"": null, ""value"": ""NONE""}"
MN,Minnesota,Rev. 10/23/2017 (0900),ENDORSEMENT,1,ENDORSEMENT,Endorsement,input,True,NONE,,,,NONE,,[],"{""element"": ""input"", ""label"": ""Endorsement"", ""name"": ""ENDORSEMENT"", ""pattern"": null, ""placeholder"": ""NONE"", ""required"": true, ""tooltip"": null, ""value"": ""NONE""}"
MN,Minnesota,Rev. 10/23/2017 (0900),HEIGHT,1,HEIGHT,Height (in.),input,True,69,,,2,69,,[],"{""element"": ""input"", ""label"": ""Height (in.)"", ""maxlength"": 2, ""name"": ""HEIGHT"", ""pattern"": null, ""placeholder"": ""69"", ""required"": true, ""tooltip"": null, ""value"": ""69""}"
MN,Minnesota,Rev. 10/23/2017 (0900),WEIGHT,1,WEIGHT,Weight (lb.),input,True,169,,,3,169,,[],"{""element"": ""input"", ""label"": ""Weight (lb.)"", ""maxlength"": 3, ""name"": ""WEIGHT"", ""pattern"": null, ""placeholder"": ""169"", ""required"": true, ""tooltip"": null, ""value"": ""169""}"
MN,Minnesota,Rev. 10/23/2017 (0900),EYE,1,EYE,Eye (ANSI D-20),select,True,,,,,,,"[{""value"": """", ""label"": ""== Select ==""}, {""value"": ""BLK"", ""label"": ""BLK (Black)""}, {""value"": ""BLU"", ""label"": ""BLU (Blue)""}, {""value"": ""BRO"", ""label"": ""BRO (Brown)""}, {""value"": ""GRY"", ""label"": ""GRY (Gray)""}, {""value"": ""GRN"", ""label"": ""GRN (Green)""}, {""value"": ""HAZ"", ""label"": ""HAZ (Hazel)""}, {""value"": ""MAR"", ""label"": ""MAR (Maroon)""}, {""value"": ""PNK"", ""label"": ""PNK (Pink)""}, {""value"": ""DIC"", ""label"": ""DIC (Dichromatic)""}, {""value"": ""UNK"", ""label"": ""UNK (Unknown)""}]","{""element"": ""select"", ""label"": ""Eye (ANSI D-20)"", ""name"": ""EYE"", ""options"": [{""label"": ""== Select =="", ""value"": """"}, {""label"": ""BLK (Black)"", ""value"": ""BLK""}, {""label"": ""BLU (Blue)"", ""value"": ""BLU""}, {""label"": ""BRO (Brown)"", ""value"": ""BRO""}, {""label"": ""GRY (Gray)"", ""value"": ""GRY""}, {""label"": ""GRN (Green)"", ""value"": ""GRN""}, {""label"": ""HAZ (Hazel)"", ""value"": ""HAZ""}, {""label"": ""MAR (Maroon)"", ""value"": ""MAR""}, {""label"": ""PNK (Pink)"", ""value"": ""PNK""}, {""label"": ""DIC (Dichromatic)"", ""value"": ""DIC""}, {""label"": ""UNK (Unknown)"", ""value"": ""UNK""}], ""pattern"": null, ""placeholder"": null, ""required"": true, ""tooltip"": null, ""value"": null}"
MN,Minnesota,Rev. 10/23/2017 (0900),ADDRESS2,1,ADDRESS2,Address (2nd line),input,False,,,,,,,[],"{""element"": ""input"", ""label"": ""Address (2nd line)"", ""name"": ""ADDRESS2"", ""pattern"": null, ""placeholder"": """", ""required"": false, ""tooltip"": null, ""value"": """"}"
MS,Mississippi,Rev. 02/22/2016 & 05/14/2021 (0800),NUMBER,1,NUMBER,DL Number,input,True,809430018,80[0-9]{7},9,9,,'80' + 7 random digits. You can click on the calculator icon to calculate number <b>automatically!</b>,[],"{""element"": ""input"", ""label"": ""DL Number"", ""maxlength"": 9, ""minlength"": 9, ""name"": ""NUMBER"", ""pattern"": ""80[0-9]{7}"", ""placeholder"": ""809430018"", ""required"": true, ""tooltip"": ""'80' + 7 random digits. You can click on the calculator icon to calculate number <b>automatically!</b>"", ""value"": """"}"
MS,Mississippi,Rev. 02/22/2016 & 05/14/2021 (0800),FIRSTNAME,1,FIRSTNAME,First name,input,True,John,[a-zA-Z\s]+,,,,,[],"{""element"": ""input"", ""label"": ""First name"", ""name"": ""FIRSTNAME"", ""pattern"": ""[a-zA-Z\\s]+"", ""placeholder"": ""John"", ""required"": true, ""tooltip"": null, ""value"": """"}"
MS,Mississippi,Rev. 02/22/2016 & 05/14/2021 (0800),LASTNAME,1,LASTNAME,Last name,input,True,Doe,[a-zA-Z\s]+,,,,,[],"{""element"": ""input"", ""label"": ""Last name"", ""name"": ""LASTNAME"", ""pattern"": ""[a-zA-Z\\s]+"", ""placeholder"": ""Doe"", ""required"": true, ""tooltip"": null, ""value"": """"}"
MS,Mississippi,Rev. 02/22/2016 & 05/14/2021 (0800),MIDDLENAME,1,MIDDLENAME,Middle name,input,False,,,,,,This field is optional. You can click on the calculator icon to generate random name. Select gender in the field below to specify name gender.,[],"{""element"": ""input"", ""label"": ""Middle name"", ""name"": ""MIDDLENAME"", ""pattern"": null, ""placeholder"": """", ""required"": false, ""tooltip"": ""This field is optional. You can click on the calculator icon to generate random name. Select gender in the field below to specify name gender."", ""value"": """"}"
MS,Mississippi,Rev. 02/22/2016 & 05/14/2021 (0800),ADDRESS,1,ADDRESS,Address,input,True,7504 Oak Cir W,,,,7504 Oak Cir W,,[],"{""element"": ""input"", ""label"": ""Address"", ""name"": ""ADDRESS"", ""pattern"": null, ""placeholder"": ""7504 Oak Cir W"", ""required"": true, ""tooltip"": null, ""value"": ""7504 Oak Cir W""}"
MS,Mississippi,Rev. 02/22/2016 & 05/14/2021 (0800),CITY,1,CITY,City,input,True,Ocean Springs,,,,Ocean Springs,,[],"{""element"": ""input"", ""label"": ""City"", ""name"": ""CITY"", ""pattern"": null, ""placeholder"": ""Ocean Springs"", ""required"": true, ""tooltip"": null, ""value"": ""Ocean Springs""}"
MS,Mississippi,Rev. 02/22/2016 & 05/14/2021 (0800),ZIP,1,ZIP,Zip code,input,True,395648019,[0-9]{9},9,9,395648019,,[],"{""element"": ""input"", ""label"": ""Zip code"", ""maxlength"": 9, ""minlength"": 9, ""name"": ""ZIP"", ""pattern"": ""[0-9]{9}"", ""placeholder"": ""395648019"", ""required"": true, ""tooltip"": null, ""value"": ""395648019""}"
MS,Mississippi,Rev. 02/22/2016 & 05/14/2021 (0800),CLASS,1,CLASS,DL Class,input,True,R,[A-Z1-9]+,1,4,R,,[],"{""element"": ""input"", ""label"": ""DL Class"", ""maxlength"": 4, ""minlength"": 1, ""name"": ""CLASS"", ""pattern"": ""[A-Z1-9]+"", ""placeholder"": ""R"", ""required"": true, ""tooltip"": null, ""value"": ""R""}"
MS,Mississippi,Rev. 02/22/2016 & 05/14/2021 (0800),SEX,1,SEX,Sex,select,False,,,,,,,"[{""value"": ""M"", ""label"": ""M""}, {""value"": ""F"", ""label"": ""F""}]","{""element"": ""select"", ""label"": ""Sex"", ""name"": ""SEX"", ""options"": [{""label"": ""M"", ""value"": ""M""}, {""label"": ""F"", ""value"": ""F""}], ""pattern"": null, ""placeholder"": null, ""required"": false, ""tooltip"": null, ""value"": null}"
MS,Mississippi,Rev. 02/22/2016 & 05/14/2021 (0800),DONOR,1,DONOR,Donor,select,False,,,,,,,"[{""value"": ""NO"", ""label"": ""No""}, {""value"": ""YES"", ""label"": ""Yes""}]","{""element"": ""select"", ""label"": ""Donor"", ""name"": ""DONOR"", ""options"": [{""label"": ""No"", ""value"": ""NO""}, {""label"": ""Yes"", ""value"": ""YES""}], ""pattern"": null, ""placeholder"": null, ""required"": false, ""tooltip"": null, ""value"": null}"
MS,Mississippi,Rev. 02/22/2016 & 05/14/2021 (0800),DOB,1,DOB,Birth date,input,True,01151970,((((0[13578]|1[02])(0[1-9]|[12][0-9]|3[01]))|((0[469]|11)(0[1-9]|[12][0-9]|30))|(02)(0[1-9]|[1][0-9]|2[0-8]))([0-9]{3}[1-9]|[0-9]{2}[1-9][0-9]{1}|[0-9]{1}[1-9][0-9]{2}|[1-9][0-9]{3}))|(0229(([0-9]{2})(0[48]|[2468][048]|[13579][26])|((0[48]|[2468][048]|[3579][26])00))),8,8,,You need input the date in MMDDYYYY format,[],"{""element"": ""input"", ""label"": ""Birth date"", ""maxlength"": 8, ""minlength"": 8, ""name"": ""DOB"", ""pattern"": ""((((0[13578]|1[02])(0[1-9]|[12][0-9]|3[01]))|((0[469]|11)(0[1-9]|[12][0-9]|30))|(02)(0[1-9]|[1][0-9]|2[0-8]))([0-9]{3}[1-9]|[0-9]{2}[1-9][0-9]{1}|[0-9]{1}[1-9][0-9]{2}|[1-9][0-9]{3}))|(0229(([0-9]{2})(0[48]|[2468][048]|[13579][26])|((0[48]|[2468][048]|[3579][26])00)))"", ""placeholder"": ""01151970"", ""required"": true, ""tooltip"": ""You need input the date in MMDDYYYY format"", ""value"": """"}"
MS,Mississippi,Rev. 02/22/2016 & 05/14/2021 (0800),DOI,1,DOI,Issue date,input,True,08262020,((((0[13578]|1[02])(0[1-9]|[12][0-9]|3[01]))|((0[469]|11)(0[1-9]|[12][0-9]|30))|(02)(0[1-9]|[1][0-9]|2[0-8]))([0-9]{3}[1-9]|[0-9]{2}[1-9][0-9]{1}|[0-9]{1}[1-9][0-9]{2}|[1-9][0-9]{3}))|(0229(([0-9]{2})(0[48]|[2468][048]|[13579][26])|((0[48]|[2468][048]|[3579][26])00))),8,8,,You need input the date in MMDDYYYY format,[],"{""element"": ""input"", ""label"": ""Issue date"", ""maxlength"": 8, ""minlength"": 8, ""name"": ""DOI"", ""pattern"": ""((((0[13578]|1[02])(0[1-9]|[12][0-9]|3[01]))|((0[469]|11)(0[1-9]|[12][0-9]|30))|(02)(0[1-9]|[1][0-9]|2[0-8]))([0-9]{3}[1-9]|[0-9]{2}[1-9][0-9]{1}|[0-9]{1}[1-9][0-9]{2}|[1-9][0-9]{3}))|(0229(([0-9]{2})(0[48]|[2468][048]|[13579][26])|((0[48]|[2468][048]|[3579][26])00)))"", ""placeholder"": ""08262020"", ""required"": true, ""tooltip"": ""You need input the date in MMDDYYYY format"", ""value"": """"}"
MS,Mississippi,Rev. 02/22/2016 & 05/14/2021 (0800),DOE,1,DOE,Expiry date,input,True,01152024,((((0[13578]|1[02])(0[1-9]|[12][0-9]|3[01]))|((0[469]|11)(0[1-9]|[12][0-9]|30))|(02)(0[1-9]|[1][0-9]|2[0-8]))([0-9]{3}[1-9]|[0-9]{2}[1-9][0-9]{1}|[0-9]{1}[1-9][0-9]{2}|[1-9][0-9]{3}))|(0229(([0-9]{2})(0[48]|[2468][048]|[13579][26])|((0[48]|[2468][048]|[3579][26])00))),8,8,,Same month and day as in birth date. 4 years after the year of issue,[],"{""element"": ""input"", ""label"": ""Expiry date"", ""maxlength"": 8, ""minlength"": 8, ""name"": ""DOE"", ""pattern"": ""((((0[13578]|1[02])(0[1-9]|[12][0-9]|3[01]))|((0[469]|11)(0[1-9]|[12][0-9]|30))|(02)(0[1-9]|[1][0-9]|2[0-8]))([0-9]{3}[1-9]|[0-9]{2}[1-9][0-9]{1}|[0-9]{1}[1-9][0-9]{2}|[1-9][0-9]{3}))|(0229(([0-9]{2})(0[48]|[2468][048]|[13579][26])|((0[48]|[2468][048]|[3579][26])00)))"", ""placeholder"": ""01152024"", ""required"": true, ""tooltip"": ""Same month and day as in birth date. 4 years after the year of issue"", ""value"": """"}"
MS,Mississippi,Rev. 02/22/2016 & 05/14/2021 (0800),ICN,1,ICN,ICN,input,True,0510035326620190,05100[0-9]{11},16,16,,'05100' + 11 random digits. You can click on the calculator icon to calculate ICN <b>automatically!</b>,[],"{""element"": ""input"", ""label"": ""ICN"", ""maxlength"": 16, ""minlength"": 16, ""name"": ""ICN"", ""pattern"": ""05100[0-9]{11}"", ""placeholder"": ""0510035326620190"", ""required"": true, ""tooltip"": ""'05100' + 11 random digits. You can click on the calculator icon to calculate ICN <b>automatically!</b>"", ""value"": null}"
MS,Mississippi,Rev. 02/22/2016 & 05/14/2021 (0800),DD,1,DD,DD,input,True,7TMLJG3R10DJ20240M2415A,[0-9][a-zA-Z][a-zA-Z0-9]{7}[0-9][a-zA-Z]{2}[0-9]{5}[MF][0-9]{4}[a-zA-Z],25,25,, <br> You can click on the calculator icon to calculate DD <b>automatically!</b>,[],"{""element"": ""input"", ""label"": ""DD"", ""maxlength"": 25, ""minlength"": 25, ""name"": ""DD"", ""pattern"": ""[0-9][a-zA-Z][a-zA-Z0-9]{7}[0-9][a-zA-Z]{2}[0-9]{5}[MF][0-9]{4}[a-zA-Z]"", ""placeholder"": ""7TMLJG3R10DJ20240M2415A"", ""required"": true, ""tooltip"": "" <br> You can click on the calculator icon to calculate DD <b>automatically!</b>"", ""value"": null}"
MS,Mississippi,Rev. 02/22/2016 & 05/14/2021 (0800),RESTRICTIONS,1,RESTRICTIONS,Restrictions,input,True,NONE,,,,NONE,,[],"{""element"": ""input"", ""label"": ""Restrictions"", ""name"": ""RESTRICTIONS"", ""pattern"": null, ""placeholder"": ""NONE"", ""required"": true, ""tooltip"": null, ""value"": ""NONE""}"
MS,Mississippi,Rev. 02/22/2016 & 05/14/2021 (0800),ENDORSEMENT,1,ENDORSEMENT,Endorsement,input,True,NONE,,,,NONE,,[],"{""element"": ""input"", ""label"": ""Endorsement"", ""name"": ""ENDORSEMENT"", ""pattern"": null, ""placeholder"": ""NONE"", ""required"": true, ""tooltip"": null, ""value"": ""NONE""}"
MS,Mississippi,Rev. 02/22/2016 & 05/14/2021 (0800),HEIGHT,1,HEIGHT,Height (in.),input,True,69,,,2,69,,[],"{""element"": ""input"", ""label"": ""Height (in.)"", ""maxlength"": 2, ""name"": ""HEIGHT"", ""pattern"": null, ""placeholder"": ""69"", ""required"": true, ""tooltip"": null, ""value"": ""69""}"
MS,Mississippi,Rev. 02/22/2016 & 05/14/2021 (0800),EYE,1,EYE,Eye (ANSI D-20),select,True,,,,,,,"[{""value"": """", ""label"": ""== Select ==""}, {""value"": ""BLK"", ""label"": ""BLK (Black)""}, {""value"": ""BLU"", ""label"": ""BLU (Blue)""}, {""value"": ""BRO"", ""label"": ""BRO (Brown)""}, {""value"": ""GRY"", ""label"": ""GRY (Gray)""}, {""value"": ""GRN"", ""label"": ""GRN (Green)""}, {""value"": ""HAZ"", ""label"": ""HAZ (Hazel)""}, {""value"": ""MAR"", ""label"": ""MAR (Maroon)""}, {""value"": ""PNK"", ""label"": ""PNK (Pink)""}, {""value"": ""DIC"", ""label"": ""DIC (Dichromatic)""}, {""value"": ""UNK"", ""label"": ""UNK (Unknown)""}]","{""element"": ""select"", ""label"": ""Eye (ANSI D-20)"", ""name"": ""EYE"", ""options"": [{""label"": ""== Select =="", ""value"": """"}, {""label"": ""BLK (Black)"", ""value"": ""BLK""}, {""label"": ""BLU (Blue)"", ""value"": ""BLU""}, {""label"": ""BRO (Brown)"", ""value"": ""BRO""}, {""label"": ""GRY (Gray)"", ""value"": ""GRY""}, {""label"": ""GRN (Green)"", ""value"": ""GRN""}, {""label"": ""HAZ (Hazel)"", ""value"": ""HAZ""}, {""label"": ""MAR (Maroon)"", ""value"": ""MAR""}, {""label"": ""PNK (Pink)"", ""value"": ""PNK""}, {""label"": ""DIC (Dichromatic)"", ""value"": ""DIC""}, {""label"": ""UNK (Unknown)"", ""value"": ""UNK""}], ""pattern"": null, ""placeholder"": null, ""required"": true, ""tooltip"": null, ""value"": null}"
MS,Mississippi,Rev. 02/22/2016 & 05/14/2021 (0800),REVISION,1,REVISION,Revision date,select,True,,,,,,,"[{""value"": """", ""label"": ""== Select ==""}, {""value"": ""05142021"", ""label"": ""05/14/2021""}, {""value"": ""02222016"", ""label"": ""02/22/2016""}]","{""element"": ""select"", ""label"": ""Revision date"", ""name"": ""REVISION"", ""options"": [{""label"": ""== Select =="", ""value"": """"}, {""label"": ""05/14/2021"", ""value"": ""05142021""}, {""label"": ""02/22/2016"", ""value"": ""02222016""}], ""pattern"": null, ""placeholder"": null, ""required"": true, ""tooltip"": null, ""value"": null}"
MS,Mississippi,Rev. 02/22/2016 & 05/14/2021 (0800),REALID,1,REALID,Is REAL ID,select,False,,,,,,"REAL ID is a federal law that affects how states issue driver's licenses and ID cards if they are going to be acceptable for federal purposes, such as boarding a domestic commercial flight, or entering a federal facility that requires ID.","[{""value"": ""F"", ""label"": ""Yes""}, {""value"": ""N"", ""label"": ""No""}]","{""element"": ""select"", ""label"": ""Is REAL ID"", ""name"": ""REALID"", ""options"": [{""label"": ""Yes"", ""value"": ""F""}, {""label"": ""No"", ""value"": ""N""}], ""pattern"": null, ""placeholder"": null, ""required"": false, ""tooltip"": ""REAL ID is a federal law that affects how states issue driver's licenses and ID cards if they are going to be acceptable for federal purposes, such as boarding a domestic commercial flight, or entering a federal facility that requires ID."", ""value"": null}"
MS_2023,Mississippi,Rev. 09/15/2023 (1000),NUMBER,1,NUMBER,DL Number,input,True,809430018,80[0-9]{7},9,9,,'80' + 7 random digits. You can click on the calculator icon to calculate number <b>automatically!</b>,[],"{""element"": ""input"", ""label"": ""DL Number"", ""maxlength"": 9, ""minlength"": 9, ""name"": ""NUMBER"", ""pattern"": ""80[0-9]{7}"", ""placeholder"": ""809430018"", ""required"": true, ""tooltip"": ""'80' + 7 random digits. You can click on the calculator icon to calculate number <b>automatically!</b>"", ""value"": """"}"
MS_2023,Mississippi,Rev. 09/15/2023 (1000),FIRSTNAME,1,FIRSTNAME,First name,input,True,John,[a-zA-Z\s]+,,,,,[],"{""element"": ""input"", ""label"": ""First name"", ""name"": ""FIRSTNAME"", ""pattern"": ""[a-zA-Z\\s]+"", ""placeholder"": ""John"", ""required"": true, ""tooltip"": null, ""value"": """"}"
MS_2023,Mississippi,Rev. 09/15/2023 (1000),LASTNAME,1,LASTNAME,Last name,input,True,Doe,[a-zA-Z\s]+,,,,,[],"{""element"": ""input"", ""label"": ""Last name"", ""name"": ""LASTNAME"", ""pattern"": ""[a-zA-Z\\s]+"", ""placeholder"": ""Doe"", ""required"": true, ""tooltip"": null, ""value"": """"}"
MS_2023,Mississippi,Rev. 09/15/2023 (1000),MIDDLENAME,1,MIDDLENAME,Middle name,input,False,,,,,,This field is optional. You can click on the calculator icon to generate random name. Select gender in the field below to specify name gender.,[],"{""element"": ""input"", ""label"": ""Middle name"", ""name"": ""MIDDLENAME"", ""pattern"": null, ""placeholder"": """", ""required"": false, ""tooltip"": ""This field is optional. You can click on the calculator icon to generate random name. Select gender in the field below to specify name gender."", ""value"": """"}"
MS_2023,Mississippi,Rev. 09/15/2023 (1000),ADDRESS,1,ADDRESS,Address,input,True,7504 Oak Cir W,,,,7504 Oak Cir W,,[],"{""element"": ""input"", ""label"": ""Address"", ""name"": ""ADDRESS"", ""pattern"": null, ""placeholder"": ""7504 Oak Cir W"", ""required"": true, ""tooltip"": null, ""value"": ""7504 Oak Cir W""}"
MS_2023,Mississippi,Rev. 09/15/2023 (1000),CITY,1,CITY,City,input,True,Ocean Springs,,,,Ocean Springs,,[],"{""element"": ""input"", ""label"": ""City"", ""name"": ""CITY"", ""pattern"": null, ""placeholder"": ""Ocean Springs"", ""required"": true, ""tooltip"": null, ""value"": ""Ocean Springs""}"
MS_2023,Mississippi,Rev. 09/15/2023 (1000),ZIP,1,ZIP,Zip code,input,True,395648019,[0-9]{9},9,9,395648019,,[],"{""element"": ""input"", ""label"": ""Zip code"", ""maxlength"": 9, ""minlength"": 9, ""name"": ""ZIP"", ""pattern"": ""[0-9]{9}"", ""placeholder"": ""395648019"", ""required"": true, ""tooltip"": null, ""value"": ""395648019""}"
MS_2023,Mississippi,Rev. 09/15/2023 (1000),CLASS,1,CLASS,DL Class,input,True,R,[A-Z1-9]+,1,4,R,,[],"{""element"": ""input"", ""label"": ""DL Class"", ""maxlength"": 4, ""minlength"": 1, ""name"": ""CLASS"", ""pattern"": ""[A-Z1-9]+"", ""placeholder"": ""R"", ""required"": true, ""tooltip"": null, ""value"": ""R""}"
MS_2023,Mississippi,Rev. 09/15/2023 (1000),SEX,1,SEX,Sex,select,False,,,,,,,"[{""value"": ""M"", ""label"": ""M""}, {""value"": ""F"", ""label"": ""F""}]","{""element"": ""select"", ""label"": ""Sex"", ""name"": ""SEX"", ""options"": [{""label"": ""M"", ""value"": ""M""}, {""label"": ""F"", ""value"": ""F""}], ""pattern"": null, ""placeholder"": null, ""required"": false, ""tooltip"": null, ""value"": null}"
MS_2023,Mississippi,Rev. 09/15/2023 (1000),DONOR,1,DONOR,Donor,select,False,,,,,,,"[{""value"": ""NO"", ""label"": ""No""}, {""value"": ""YES"", ""label"": ""Yes""}]","{""element"": ""select"", ""label"": ""Donor"", ""name"": ""DONOR"", ""options"": [{""label"": ""No"", ""value"": ""NO""}, {""label"": ""Yes"", ""value"": ""YES""}], ""pattern"": null, ""placeholder"": null, ""required"": false, ""tooltip"": null, ""value"": null}"
MS_2023,Mississippi,Rev. 09/15/2023 (1000),DOB,1,DOB,Birth date,input,True,01151970,((((0[13578]|1[02])(0[1-9]|[12][0-9]|3[01]))|((0[469]|11)(0[1-9]|[12][0-9]|30))|(02)(0[1-9]|[1][0-9]|2[0-8]))([0-9]{3}[1-9]|[0-9]{2}[1-9][0-9]{1}|[0-9]{1}[1-9][0-9]{2}|[1-9][0-9]{3}))|(0229(([0-9]{2})(0[48]|[2468][048]|[13579][26])|((0[48]|[2468][048]|[3579][26])00))),8,8,,You need input the date in MMDDYYYY format,[],"{""element"": ""input"", ""label"": ""Birth date"", ""maxlength"": 8, ""minlength"": 8, ""name"": ""DOB"", ""pattern"": ""((((0[13578]|1[02])(0[1-9]|[12][0-9]|3[01]))|((0[469]|11)(0[1-9]|[12][0-9]|30))|(02)(0[1-9]|[1][0-9]|2[0-8]))([0-9]{3}[1-9]|[0-9]{2}[1-9][0-9]{1}|[0-9]{1}[1-9][0-9]{2}|[1-9][0-9]{3}))|(0229(([0-9]{2})(0[48]|[2468][048]|[13579][26])|((0[48]|[2468][048]|[3579][26])00)))"", ""placeholder"": ""01151970"", ""required"": true, ""tooltip"": ""You need input the date in MMDDYYYY format"", ""value"": """"}"
MS_2023,Mississippi,Rev. 09/15/2023 (1000),DOI,1,DOI,Issue date,input,True,08262020,((((0[13578]|1[02])(0[1-9]|[12][0-9]|3[01]))|((0[469]|11)(0[1-9]|[12][0-9]|30))|(02)(0[1-9]|[1][0-9]|2[0-8]))([0-9]{3}[1-9]|[0-9]{2}[1-9][0-9]{1}|[0-9]{1}[1-9][0-9]{2}|[1-9][0-9]{3}))|(0229(([0-9]{2})(0[48]|[2468][048]|[13579][26])|((0[48]|[2468][048]|[3579][26])00))),8,8,,You need input the date in MMDDYYYY format,[],"{""element"": ""input"", ""label"": ""Issue date"", ""maxlength"": 8, ""minlength"": 8, ""name"": ""DOI"", ""pattern"": ""((((0[13578]|1[02])(0[1-9]|[12][0-9]|3[01]))|((0[469]|11)(0[1-9]|[12][0-9]|30))|(02)(0[1-9]|[1][0-9]|2[0-8]))([0-9]{3}[1-9]|[0-9]{2}[1-9][0-9]{1}|[0-9]{1}[1-9][0-9]{2}|[1-9][0-9]{3}))|(0229(([0-9]{2})(0[48]|[2468][048]|[13579][26])|((0[48]|[2468][048]|[3579][26])00)))"", ""placeholder"": ""08262020"", ""required"": true, ""tooltip"": ""You need input the date in MMDDYYYY format"", ""value"": """"}"
MS_2023,Mississippi,Rev. 09/15/2023 (1000),DOE,1,DOE,Expiry date,input,True,01152024,((((0[13578]|1[02])(0[1-9]|[12][0-9]|3[01]))|((0[469]|11)(0[1-9]|[12][0-9]|30))|(02)(0[1-9]|[1][0-9]|2[0-8]))([0-9]{3}[1-9]|[0-9]{2}[1-9][0-9]{1}|[0-9]{1}[1-9][0-9]{2}|[1-9][0-9]{3}))|(0229(([0-9]{2})(0[48]|[2468][048]|[13579][26])|((0[48]|[2468][048]|[3579][26])00))),8,8,,Same month and day as in birth date. 4 years after the year of issue,[],"{""element"": ""input"", ""label"": ""Expiry date"", ""maxlength"": 8, ""minlength"": 8, ""name"": ""DOE"", ""pattern"": ""((((0[13578]|1[02])(0[1-9]|[12][0-9]|3[01]))|((0[469]|11)(0[1-9]|[12][0-9]|30))|(02)(0[1-9]|[1][0-9]|2[0-8]))([0-9]{3}[1-9]|[0-9]{2}[1-9][0-9]{1}|[0-9]{1}[1-9][0-9]{2}|[1-9][0-9]{3}))|(0229(([0-9]{2})(0[48]|[2468][048]|[13579][26])|((0[48]|[2468][048]|[3579][26])00)))"", ""placeholder"": ""01152024"", ""required"": true, ""tooltip"": ""Same month and day as in birth date. 4 years after the year of issue"", ""value"": """"}"
MS_2023,Mississippi,Rev. 09/15/2023 (1000),ICN,1,ICN,ICN,input,True,0510035326620190,05100[0-9]{11},16,16,,'05100' + 11 random digits. You can click on the calculator icon to calculate ICN <b>automatically!</b>,[],"{""element"": ""input"", ""label"": ""ICN"", ""maxlength"": 16, ""minlength"": 16, ""name"": ""ICN"", ""pattern"": ""05100[0-9]{11}"", ""placeholder"": ""0510035326620190"", ""required"": true, ""tooltip"": ""'05100' + 11 random digits. You can click on the calculator icon to calculate ICN <b>automatically!</b>"", ""value"": null}"
MS_2023,Mississippi,Rev. 09/15/2023 (1000),DD,1,DD,DD,input,True,7TMLJG3R10DJ20240M2415A,[0-9][a-zA-Z][a-zA-Z0-9]{7}[0-9][a-zA-Z]{2}[0-9]{5}[MF][0-9]{4}[a-zA-Z],25,25,, <br> You can click on the calculator icon to calculate DD <b>automatically!</b>,[],"{""element"": ""input"", ""label"": ""DD"", ""maxlength"": 25, ""minlength"": 25, ""name"": ""DD"", ""pattern"": ""[0-9][a-zA-Z][a-zA-Z0-9]{7}[0-9][a-zA-Z]{2}[0-9]{5}[MF][0-9]{4}[a-zA-Z]"", ""placeholder"": ""7TMLJG3R10DJ20240M2415A"", ""required"": true, ""tooltip"": "" <br> You can click on the calculator icon to calculate DD <b>automatically!</b>"", ""value"": null}"
MS_2023,Mississippi,Rev. 09/15/2023 (1000),RESTRICTIONS,1,RESTRICTIONS,Restrictions,input,True,NONE,,,,NONE,,[],"{""element"": ""input"", ""label"": ""Restrictions"", ""name"": ""RESTRICTIONS"", ""pattern"": null, ""placeholder"": ""NONE"", ""required"": true, ""tooltip"": null, ""value"": ""NONE""}"
MS_2023,Mississippi,Rev. 09/15/2023 (1000),ENDORSEMENT,1,ENDORSEMENT,Endorsement,input,True,NONE,,,,NONE,,[],"{""element"": ""input"", ""label"": ""Endorsement"", ""name"": ""ENDORSEMENT"", ""pattern"": null, ""placeholder"": ""NONE"", ""required"": true, ""tooltip"": null, ""value"": ""NONE""}"
MS_2023,Mississippi,Rev. 09/15/2023 (1000),HEIGHT,1,HEIGHT,Height (in.),input,True,69,,,2,69,,[],"{""element"": ""input"", ""label"": ""Height (in.)"", ""maxlength"": 2, ""name"": ""HEIGHT"", ""pattern"": null, ""placeholder"": ""69"", ""required"": true, ""tooltip"": null, ""value"": ""69""}"
MS_2023,Mississippi,Rev. 09/15/2023 (1000),EYE,1,EYE,Eye (ANSI D-20),select,True,,,,,,,"[{""value"": """", ""label"": ""== Select ==""}, {""value"": ""BLK"", ""label"": ""BLK (Black)""}, {""value"": ""BLU"", ""label"": ""BLU (Blue)""}, {""value"": ""BRO"", ""label"": ""BRO (Brown)""}, {""value"": ""GRY"", ""label"": ""GRY (Gray)""}, {""value"": ""GRN"", ""label"": ""GRN (Green)""}, {""value"": ""HAZ"", ""label"": ""HAZ (Hazel)""}, {""value"": ""MAR"", ""label"": ""MAR (Maroon)""}, {""value"": ""PNK"", ""label"": ""PNK (Pink)""}, {""value"": ""DIC"", ""label"": ""DIC (Dichromatic)""}, {""value"": ""UNK"", ""label"": ""UNK (Unknown)""}]","{""element"": ""select"", ""label"": ""Eye (ANSI D-20)"", ""name"": ""EYE"", ""options"": [{""label"": ""== Select =="", ""value"": """"}, {""label"": ""BLK (Black)"", ""value"": ""BLK""}, {""label"": ""BLU (Blue)"", ""value"": ""BLU""}, {""label"": ""BRO (Brown)"", ""value"": ""BRO""}, {""label"": ""GRY (Gray)"", ""value"": ""GRY""}, {""label"": ""GRN (Green)"", ""value"": ""GRN""}, {""label"": ""HAZ (Hazel)"", ""value"": ""HAZ""}, {""label"": ""MAR (Maroon)"", ""value"": ""MAR""}, {""label"": ""PNK (Pink)"", ""value"": ""PNK""}, {""label"": ""DIC (Dichromatic)"", ""value"": ""DIC""}, {""label"": ""UNK (Unknown)"", ""value"": ""UNK""}], ""pattern"": null, ""placeholder"": null, ""required"": true, ""tooltip"": null, ""value"": null}"
MO_2012,Missouri,(Rev. 12/10/2012),NUMBER,1,NUMBER,DL Number,input,True,S160316442,[a-zA-Z][0-9]{9},10,10,,letter + 9 digits. You can click on the calculator icon to calculate number <b>automatically!</b>,[],"{""element"": ""input"", ""label"": ""DL Number"", ""maxlength"": 10, ""minlength"": 10, ""name"": ""NUMBER"", ""pattern"": ""[a-zA-Z][0-9]{9}"", ""placeholder"": ""S160316442"", ""required"": true, ""tooltip"": ""letter + 9 digits. You can click on the calculator icon to calculate number <b>automatically!</b>"", ""value"": """"}"
MO_2012,Missouri,(Rev. 12/10/2012),LASTNAME,1,LASTNAME,Last name,input,True,Doe,[a-zA-Z\s]+,,,,,[],"{""element"": ""input"", ""label"": ""Last name"", ""name"": ""LASTNAME"", ""pattern"": ""[a-zA-Z\\s]+"", ""placeholder"": ""Doe"", ""required"": true, ""tooltip"": null, ""value"": """"}"
MO_2012,Missouri,(Rev. 12/10/2012),FIRSTNAME,1,FIRSTNAME,First name,input,True,John,[a-zA-Z\s]+,,,,,[],"{""element"": ""input"", ""label"": ""First name"", ""name"": ""FIRSTNAME"", ""pattern"": ""[a-zA-Z\\s]+"", ""placeholder"": ""John"", ""required"": true, ""tooltip"": null, ""value"": """"}"
MO_2012,Missouri,(Rev. 12/10/2012),MIDDLENAME,1,MIDDLENAME,Middle name,input,False,,,,,,This field is optional. You can click on the calculator icon to generate random name. Select gender in the field below to specify name gender.,[],"{""element"": ""input"", ""label"": ""Middle name"", ""name"": ""MIDDLENAME"", ""pattern"": null, ""placeholder"": """", ""required"": false, ""tooltip"": ""This field is optional. You can click on the calculator icon to generate random name. Select gender in the field below to specify name gender."", ""value"": """"}"
MO_2012,Missouri,(Rev. 12/10/2012),ADDRESS,1,ADDRESS,Address,input,True,132 Cranberry R,,,,132 Cranberry R,,[],"{""element"": ""input"", ""label"": ""Address"", ""name"": ""ADDRESS"", ""pattern"": null, ""placeholder"": ""132 Cranberry R"", ""required"": true, ""tooltip"": null, ""value"": ""132 Cranberry R""}"
MO_2012,Missouri,(Rev. 12/10/2012),CITY,1,CITY,City,input,True,Billings,,,,Billings,,[],"{""element"": ""input"", ""label"": ""City"", ""name"": ""CITY"", ""pattern"": null, ""placeholder"": ""Billings"", ""required"": true, ""tooltip"": null, ""value"": ""Billings""}"
MO_2012,Missouri,(Rev. 12/10/2012),ZIP,1,ZIP,Zip code,input,True,65610,[0-9]{5},5,5,65610,,[],"{""element"": ""input"", ""label"": ""Zip code"", ""maxlength"": 5, ""minlength"": 5, ""name"": ""ZIP"", ""pattern"": ""[0-9]{5}"", ""placeholder"": ""65610"", ""required"": true, ""tooltip"": null, ""value"": ""65610""}"
MO_2012,Missouri,(Rev. 12/10/2012),CLASS,1,CLASS,DL Class,input,True,F,[A-Z1-9]+,1,4,F,,[],"{""element"": ""input"", ""label"": ""DL Class"", ""maxlength"": 4, ""minlength"": 1, ""name"": ""CLASS"", ""pattern"": ""[A-Z1-9]+"", ""placeholder"": ""F"", ""required"": true, ""tooltip"": null, ""value"": ""F""}"
MO_2012,Missouri,(Rev. 12/10/2012),SEX,1,SEX,Sex,select,False,,,,,,,"[{""value"": ""M"", ""label"": ""M""}, {""value"": ""F"", ""label"": ""F""}]","{""element"": ""select"", ""label"": ""Sex"", ""name"": ""SEX"", ""options"": [{""label"": ""M"", ""value"": ""M""}, {""label"": ""F"", ""value"": ""F""}], ""pattern"": null, ""placeholder"": null, ""required"": false, ""tooltip"": null, ""value"": null}"
MO_2012,Missouri,(Rev. 12/10/2012),DONOR,1,DONOR,Donor,select,False,,,,,,,"[{""value"": ""NO"", ""label"": ""No""}, {""value"": ""YES"", ""label"": ""Yes""}]","{""element"": ""select"", ""label"": ""Donor"", ""name"": ""DONOR"", ""options"": [{""label"": ""No"", ""value"": ""NO""}, {""label"": ""Yes"", ""value"": ""YES""}], ""pattern"": null, ""placeholder"": null, ""required"": false, ""tooltip"": null, ""value"": null}"
MO_2012,Missouri,(Rev. 12/10/2012),DOB,1,DOB,Birth date,input,True,01151970,((((0[13578]|1[02])(0[1-9]|[12][0-9]|3[01]))|((0[469]|11)(0[1-9]|[12][0-9]|30))|(02)(0[1-9]|[1][0-9]|2[0-8]))([0-9]{3}[1-9]|[0-9]{2}[1-9][0-9]{1}|[0-9]{1}[1-9][0-9]{2}|[1-9][0-9]{3}))|(0229(([0-9]{2})(0[48]|[2468][048]|[13579][26])|((0[48]|[2468][048]|[3579][26])00))),8,8,,You need input the date in MMDDYYYY format,[],"{""element"": ""input"", ""label"": ""Birth date"", ""maxlength"": 8, ""minlength"": 8, ""name"": ""DOB"", ""pattern"": ""((((0[13578]|1[02])(0[1-9]|[12][0-9]|3[01]))|((0[469]|11)(0[1-9]|[12][0-9]|30))|(02)(0[1-9]|[1][0-9]|2[0-8]))([0-9]{3}[1-9]|[0-9]{2}[1-9][0-9]{1}|[0-9]{1}[1-9][0-9]{2}|[1-9][0-9]{3}))|(0229(([0-9]{2})(0[48]|[2468][048]|[13579][26])|((0[48]|[2468][048]|[3579][26])00)))"", ""placeholder"": ""01151970"", ""required"": true, ""tooltip"": ""You need input the date in MMDDYYYY format"", ""value"": """"}"
MO_2012,Missouri,(Rev. 12/10/2012),DOI,1,DOI,Issue date,input,True,08262018,((((0[13578]|1[02])(0[1-9]|[12][0-9]|3[01]))|((0[469]|11)(0[1-9]|[12][0-9]|30))|(02)(0[1-9]|[1][0-9]|2[0-8]))([0-9]{3}[1-9]|[0-9]{2}[1-9][0-9]{1}|[0-9]{1}[1-9][0-9]{2}|[1-9][0-9]{3}))|(0229(([0-9]{2})(0[48]|[2468][048]|[13579][26])|((0[48]|[2468][048]|[3579][26])00))),8,8,,You need input the date in MMDDYYYY format,[],"{""element"": ""input"", ""label"": ""Issue date"", ""maxlength"": 8, ""minlength"": 8, ""name"": ""DOI"", ""pattern"": ""((((0[13578]|1[02])(0[1-9]|[12][0-9]|3[01]))|((0[469]|11)(0[1-9]|[12][0-9]|30))|(02)(0[1-9]|[1][0-9]|2[0-8]))([0-9]{3}[1-9]|[0-9]{2}[1-9][0-9]{1}|[0-9]{1}[1-9][0-9]{2}|[1-9][0-9]{3}))|(0229(([0-9]{2})(0[48]|[2468][048]|[13579][26])|((0[48]|[2468][048]|[3579][26])00)))"", ""placeholder"": ""08262018"", ""required"": true, ""tooltip"": ""You need input the date in MMDDYYYY format"", ""value"": """"}"
MO_2012,Missouri,(Rev. 12/10/2012),DOE,1,DOE,Expiry date,input,True,01152024,((((0[13578]|1[02])(0[1-9]|[12][0-9]|3[01]))|((0[469]|11)(0[1-9]|[12][0-9]|30))|(02)(0[1-9]|[1][0-9]|2[0-8]))([0-9]{3}[1-9]|[0-9]{2}[1-9][0-9]{1}|[0-9]{1}[1-9][0-9]{2}|[1-9][0-9]{3}))|(0229(([0-9]{2})(0[48]|[2468][048]|[13579][26])|((0[48]|[2468][048]|[3579][26])00))),8,8,,Same month and day as in birth date. 6 years after the year of issue,[],"{""element"": ""input"", ""label"": ""Expiry date"", ""maxlength"": 8, ""minlength"": 8, ""name"": ""DOE"", ""pattern"": ""((((0[13578]|1[02])(0[1-9]|[12][0-9]|3[01]))|((0[469]|11)(0[1-9]|[12][0-9]|30))|(02)(0[1-9]|[1][0-9]|2[0-8]))([0-9]{3}[1-9]|[0-9]{2}[1-9][0-9]{1}|[0-9]{1}[1-9][0-9]{2}|[1-9][0-9]{3}))|(0229(([0-9]{2})(0[48]|[2468][048]|[13579][26])|((0[48]|[2468][048]|[3579][26])00)))"", ""placeholder"": ""01152024"", ""required"": true, ""tooltip"": ""Same month and day as in birth date. 6 years after the year of issue"", ""value"": """"}"
MO_2012,Missouri,(Rev. 12/10/2012),ICN,1,ICN,ICN,input,True,18239S1603164420101,[0-9]{5}[a-zA-Z]{1}[0-9]{13},19,19,,"First 2 digtis is issue year (YY), next 3 digits is number of days from issue date + 1. Then document number and '0101. You can click on the calculator icon to calculate ICN <b>automatically!</b>",[],"{""element"": ""input"", ""label"": ""ICN"", ""maxlength"": 19, ""minlength"": 19, ""name"": ""ICN"", ""pattern"": ""[0-9]{5}[a-zA-Z]{1}[0-9]{13}"", ""placeholder"": ""18239S1603164420101"", ""required"": true, ""tooltip"": ""First 2 digtis is issue year (YY), next 3 digits is number of days from issue date + 1. Then document number and '0101. You can click on the calculator icon to calculate ICN <b>automatically!</b>"", ""value"": null}"
MO_2012,Missouri,(Rev. 12/10/2012),DD,1,DD,DD,input,True,181602380083,[0-9]{8}00[0-9]{2},12,12,,"First 2 digits is issue year (YY), next 3 digits is first digits of document number, next 3 digits is number of days from issue date,  then '00' + 2 random digits. You can click on the calculator icon to calculate DD <b>automatically!</b>",[],"{""element"": ""input"", ""label"": ""DD"", ""maxlength"": 12, ""minlength"": 12, ""name"": ""DD"", ""pattern"": ""[0-9]{8}00[0-9]{2}"", ""placeholder"": ""181602380083"", ""required"": true, ""tooltip"": ""First 2 digits is issue year (YY), next 3 digits is first digits of document number, next 3 digits is number of days from issue date,  then '00' + 2 random digits. You can click on the calculator icon to calculate DD <b>automatically!</b>"", ""value"": null}"
MO_2012,Missouri,(Rev. 12/10/2012),EYE,1,EYE,Eye (ANSI D-20),select,True,,,,,,,"[{""value"": """", ""label"": ""== Select ==""}, {""value"": ""BLK"", ""label"": ""BLK (Black)""}, {""value"": ""BLU"", ""label"": ""BLU (Blue)""}, {""value"": ""BRO"", ""label"": ""BRO (Brown)""}, {""value"": ""GRY"", ""label"": ""GRY (Gray)""}, {""value"": ""GRN"", ""label"": ""GRN (Green)""}, {""value"": ""HAZ"", ""label"": ""HAZ (Hazel)""}, {""value"": ""MAR"", ""label"": ""MAR (Maroon)""}, {""value"": ""PNK"", ""label"": ""PNK (Pink)""}, {""value"": ""DIC"", ""label"": ""DIC (Dichromatic)""}, {""value"": ""UNK"", ""label"": ""UNK (Unknown)""}]","{""element"": ""select"", ""label"": ""Eye (ANSI D-20)"", ""name"": ""EYE"", ""options"": [{""label"": ""== Select =="", ""value"": """"}, {""label"": ""BLK (Black)"", ""value"": ""BLK""}, {""label"": ""BLU (Blue)"", ""value"": ""BLU""}, {""label"": ""BRO (Brown)"", ""value"": ""BRO""}, {""label"": ""GRY (Gray)"", ""value"": ""GRY""}, {""label"": ""GRN (Green)"", ""value"": ""GRN""}, {""label"": ""HAZ (Hazel)"", ""value"": ""HAZ""}, {""label"": ""MAR (Maroon)"", ""value"": ""MAR""}, {""label"": ""PNK (Pink)"", ""value"": ""PNK""}, {""label"": ""DIC (Dichromatic)"", ""value"": ""DIC""}, {""label"": ""UNK (Unknown)"", ""value"": ""UNK""}], ""pattern"": null, ""placeholder"": null, ""required"": true, ""tooltip"": null, ""value"": null}"
MO_2012,Missouri,(Rev. 12/10/2012),RESTRICTIONS,1,RESTRICTIONS,Restrictions,input,True,NONE,,,,NONE,,[],"{""element"": ""input"", ""label"": ""Restrictions"", ""name"": ""RESTRICTIONS"", ""pattern"": null, ""placeholder"": ""NONE"", ""required"": true, ""tooltip"": null, ""value"": ""NONE""}"
MO_2012,Missouri,(Rev. 12/10/2012),ENDORSEMENT,1,ENDORSEMENT,Endorsement,input,True,NONE,,,,NONE,,[],"{""element"": ""input"", ""label"": ""Endorsement"", ""name"": ""ENDORSEMENT"", ""pattern"": null, ""placeholder"": ""NONE"", ""required"": true, ""tooltip"": null, ""value"": ""NONE""}"
MO_2012,Missouri,(Rev. 12/10/2012),HEIGHT,1,HEIGHT,Height (in.),input,True,69,,,2,69,,[],"{""element"": ""input"", ""label"": ""Height (in.)"", ""maxlength"": 2, ""name"": ""HEIGHT"", ""pattern"": null, ""placeholder"": ""69"", ""required"": true, ""tooltip"": null, ""value"": ""69""}"
MO_2012,Missouri,(Rev. 12/10/2012),WEIGHT,1,WEIGHT,Weight (lb.),input,True,169,,,3,169,,[],"{""element"": ""input"", ""label"": ""Weight (lb.)"", ""maxlength"": 3, ""name"": ""WEIGHT"", ""pattern"": null, ""placeholder"": ""169"", ""required"": true, ""tooltip"": null, ""value"": ""169""}"
MO_2020,Missouri,Rev. 01/27/2020 (0900),NUMBER,1,NUMBER,DL Number,input,True,M096115590,[a-zA-Z][0-9]{9},10,10,,letter + 9 digits. You can click on the calculator icon to calculate number <b>automatically!</b>,[],"{""element"": ""input"", ""label"": ""DL Number"", ""maxlength"": 10, ""minlength"": 10, ""name"": ""NUMBER"", ""pattern"": ""[a-zA-Z][0-9]{9}"", ""placeholder"": ""M096115590"", ""required"": true, ""tooltip"": ""letter + 9 digits. You can click on the calculator icon to calculate number <b>automatically!</b>"", ""value"": """"}"
MO_2020,Missouri,Rev. 01/27/2020 (0900),LASTNAME,1,LASTNAME,Last name,input,True,Doe,[a-zA-Z\s]+,,,,,[],"{""element"": ""input"", ""label"": ""Last name"", ""name"": ""LASTNAME"", ""pattern"": ""[a-zA-Z\\s]+"", ""placeholder"": ""Doe"", ""required"": true, ""tooltip"": null, ""value"": """"}"
MO_2020,Missouri,Rev. 01/27/2020 (0900),FIRSTNAME,1,FIRSTNAME,First name,input,True,John,[a-zA-Z\s]+,,,,,[],"{""element"": ""input"", ""label"": ""First name"", ""name"": ""FIRSTNAME"", ""pattern"": ""[a-zA-Z\\s]+"", ""placeholder"": ""John"", ""required"": true, ""tooltip"": null, ""value"": """"}"
MO_2020,Missouri,Rev. 01/27/2020 (0900),MIDDLENAME,1,MIDDLENAME,Middle name,input,False,,,,,,This field is optional. You can click on the calculator icon to generate random name. Select gender in the field below to specify name gender.,[],"{""element"": ""input"", ""label"": ""Middle name"", ""name"": ""MIDDLENAME"", ""pattern"": null, ""placeholder"": """", ""required"": false, ""tooltip"": ""This field is optional. You can click on the calculator icon to generate random name. Select gender in the field below to specify name gender."", ""value"": """"}"
MO_2020,Missouri,Rev. 01/27/2020 (0900),ADDRESS,1,ADDRESS,Address,input,True,132 Cranberry R,,,,132 Cranberry R,,[],"{""element"": ""input"", ""label"": ""Address"", ""name"": ""ADDRESS"", ""pattern"": null, ""placeholder"": ""132 Cranberry R"", ""required"": true, ""tooltip"": null, ""value"": ""132 Cranberry R""}"
MO_2020,Missouri,Rev. 01/27/2020 (0900),CITY,1,CITY,City,input,True,Billings,,,,Billings,,[],"{""element"": ""input"", ""label"": ""City"", ""name"": ""CITY"", ""pattern"": null, ""placeholder"": ""Billings"", ""required"": true, ""tooltip"": null, ""value"": ""Billings""}"
MO_2020,Missouri,Rev. 01/27/2020 (0900),ZIP,1,ZIP,Zip code,input,True,65610,[0-9]{5},5,5,65610,,[],"{""element"": ""input"", ""label"": ""Zip code"", ""maxlength"": 5, ""minlength"": 5, ""name"": ""ZIP"", ""pattern"": ""[0-9]{5}"", ""placeholder"": ""65610"", ""required"": true, ""tooltip"": null, ""value"": ""65610""}"
MO_2020,Missouri,Rev. 01/27/2020 (0900),CLASS,1,CLASS,DL Class,input,True,E,[A-Z1-9]+,1,4,E,,[],"{""element"": ""input"", ""label"": ""DL Class"", ""maxlength"": 4, ""minlength"": 1, ""name"": ""CLASS"", ""pattern"": ""[A-Z1-9]+"", ""placeholder"": ""E"", ""required"": true, ""tooltip"": null, ""value"": ""E""}"
MO_2020,Missouri,Rev. 01/27/2020 (0900),SEX,1,SEX,Sex,select,False,,,,,,,"[{""value"": ""M"", ""label"": ""M""}, {""value"": ""F"", ""label"": ""F""}]","{""element"": ""select"", ""label"": ""Sex"", ""name"": ""SEX"", ""options"": [{""label"": ""M"", ""value"": ""M""}, {""label"": ""F"", ""value"": ""F""}], ""pattern"": null, ""placeholder"": null, ""required"": false, ""tooltip"": null, ""value"": null}"
MO_2020,Missouri,Rev. 01/27/2020 (0900),DONOR,1,DONOR,Donor,select,False,,,,,,,"[{""value"": ""NO"", ""label"": ""No""}, {""value"": ""YES"", ""label"": ""Yes""}]","{""element"": ""select"", ""label"": ""Donor"", ""name"": ""DONOR"", ""options"": [{""label"": ""No"", ""value"": ""NO""}, {""label"": ""Yes"", ""value"": ""YES""}], ""pattern"": null, ""placeholder"": null, ""required"": false, ""tooltip"": null, ""value"": null}"
MO_2020,Missouri,Rev. 01/27/2020 (0900),DOB,1,DOB,Birth date,input,True,01151970,((((0[13578]|1[02])(0[1-9]|[12][0-9]|3[01]))|((0[469]|11)(0[1-9]|[12][0-9]|30))|(02)(0[1-9]|[1][0-9]|2[0-8]))([0-9]{3}[1-9]|[0-9]{2}[1-9][0-9]{1}|[0-9]{1}[1-9][0-9]{2}|[1-9][0-9]{3}))|(0229(([0-9]{2})(0[48]|[2468][048]|[13579][26])|((0[48]|[2468][048]|[3579][26])00))),8,8,,You need input the date in MMDDYYYY format,[],"{""element"": ""input"", ""label"": ""Birth date"", ""maxlength"": 8, ""minlength"": 8, ""name"": ""DOB"", ""pattern"": ""((((0[13578]|1[02])(0[1-9]|[12][0-9]|3[01]))|((0[469]|11)(0[1-9]|[12][0-9]|30))|(02)(0[1-9]|[1][0-9]|2[0-8]))([0-9]{3}[1-9]|[0-9]{2}[1-9][0-9]{1}|[0-9]{1}[1-9][0-9]{2}|[1-9][0-9]{3}))|(0229(([0-9]{2})(0[48]|[2468][048]|[13579][26])|((0[48]|[2468][048]|[3579][26])00)))"", ""placeholder"": ""01151970"", ""required"": true, ""tooltip"": ""You need input the date in MMDDYYYY format"", ""value"": """"}"
MO_2020,Missouri,Rev. 01/27/2020 (0900),DOI,1,DOI,Issue date,input,True,08262020,((((0[13578]|1[02])(0[1-9]|[12][0-9]|3[01]))|((0[469]|11)(0[1-9]|[12][0-9]|30))|(02)(0[1-9]|[1][0-9]|2[0-8]))([0-9]{3}[1-9]|[0-9]{2}[1-9][0-9]{1}|[0-9]{1}[1-9][0-9]{2}|[1-9][0-9]{3}))|(0229(([0-9]{2})(0[48]|[2468][048]|[13579][26])|((0[48]|[2468][048]|[3579][26])00))),8,8,,You need input the date in MMDDYYYY format,[],"{""element"": ""input"", ""label"": ""Issue date"", ""maxlength"": 8, ""minlength"": 8, ""name"": ""DOI"", ""pattern"": ""((((0[13578]|1[02])(0[1-9]|[12][0-9]|3[01]))|((0[469]|11)(0[1-9]|[12][0-9]|30))|(02)(0[1-9]|[1][0-9]|2[0-8]))([0-9]{3}[1-9]|[0-9]{2}[1-9][0-9]{1}|[0-9]{1}[1-9][0-9]{2}|[1-9][0-9]{3}))|(0229(([0-9]{2})(0[48]|[2468][048]|[13579][26])|((0[48]|[2468][048]|[3579][26])00)))"", ""placeholder"": ""08262020"", ""required"": true, ""tooltip"": ""You need input the date in MMDDYYYY format"", ""value"": """"}"
MO_2020,Missouri,Rev. 01/27/2020 (0900),DOE,1,DOE,Expiry date,input,True,01152026,((((0[13578]|1[02])(0[1-9]|[12][0-9]|3[01]))|((0[469]|11)(0[1-9]|[12][0-9]|30))|(02)(0[1-9]|[1][0-9]|2[0-8]))([0-9]{3}[1-9]|[0-9]{2}[1-9][0-9]{1}|[0-9]{1}[1-9][0-9]{2}|[1-9][0-9]{3}))|(0229(([0-9]{2})(0[48]|[2468][048]|[13579][26])|((0[48]|[2468][048]|[3579][26])00))),8,8,,Same month and day as in birth date. 6 years after the year of issue,[],"{""element"": ""input"", ""label"": ""Expiry date"", ""maxlength"": 8, ""minlength"": 8, ""name"": ""DOE"", ""pattern"": ""((((0[13578]|1[02])(0[1-9]|[12][0-9]|3[01]))|((0[469]|11)(0[1-9]|[12][0-9]|30))|(02)(0[1-9]|[1][0-9]|2[0-8]))([0-9]{3}[1-9]|[0-9]{2}[1-9][0-9]{1}|[0-9]{1}[1-9][0-9]{2}|[1-9][0-9]{3}))|(0229(([0-9]{2})(0[48]|[2468][048]|[13579][26])|((0[48]|[2468][048]|[3579][26])00)))"", ""placeholder"": ""01152026"", ""required"": true, ""tooltip"": ""Same month and day as in birth date. 6 years after the year of issue"", ""value"": """"}"
MO_2020,Missouri,Rev. 01/27/2020 (0900),DD,1,DD,DD,input,True,201447280083,[0-9]{8}00[0-9]{2},12,12,,First 2 digits is issue year (YY) + '14' + 4 digits + '00' + 2 digits. You can click on the calculator icon to calculate DD <b>automatically!</b>,[],"{""element"": ""input"", ""label"": ""DD"", ""maxlength"": 12, ""minlength"": 12, ""name"": ""DD"", ""pattern"": ""[0-9]{8}00[0-9]{2}"", ""placeholder"": ""201447280083"", ""required"": true, ""tooltip"": ""First 2 digits is issue year (YY) + '14' + 4 digits + '00' + 2 digits. You can click on the calculator icon to calculate DD <b>automatically!</b>"", ""value"": null}"
MO_2020,Missouri,Rev. 01/27/2020 (0900),ICN,1,ICN,ICN,input,True,18239S1603164420101,[0-9]{5}[a-zA-Z]{1}[0-9]{13},19,19,,"First 2 digtis is issue year (YY), next 3 digits is number of days from issue date + 1. Then document number and '0101. You can click on the calculator icon to calculate ICN <b>automatically!</b>",[],"{""element"": ""input"", ""label"": ""ICN"", ""maxlength"": 19, ""minlength"": 19, ""name"": ""ICN"", ""pattern"": ""[0-9]{5}[a-zA-Z]{1}[0-9]{13}"", ""placeholder"": ""18239S1603164420101"", ""required"": true, ""tooltip"": ""First 2 digtis is issue year (YY), next 3 digits is number of days from issue date + 1. Then document number and '0101. You can click on the calculator icon to calculate ICN <b>automatically!</b>"", ""value"": null}"
MO_2020,Missouri,Rev. 01/27/2020 (0900),RESTRICTIONS,1,RESTRICTIONS,Restrictions,input,True,NONE,,,,NONE,,[],"{""element"": ""input"", ""label"": ""Restrictions"", ""name"": ""RESTRICTIONS"", ""pattern"": null, ""placeholder"": ""NONE"", ""required"": true, ""tooltip"": null, ""value"": ""NONE""}"
MO_2020,Missouri,Rev. 01/27/2020 (0900),ENDORSEMENT,1,ENDORSEMENT,Endorsement,input,True,NONE,,,,NONE,,[],"{""element"": ""input"", ""label"": ""Endorsement"", ""name"": ""ENDORSEMENT"", ""pattern"": null, ""placeholder"": ""NONE"", ""required"": true, ""tooltip"": null, ""value"": ""NONE""}"
MO_2020,Missouri,Rev. 01/27/2020 (0900),HEIGHT,1,HEIGHT,Height (in.),input,True,69,,,2,69,,[],"{""element"": ""input"", ""label"": ""Height (in.)"", ""maxlength"": 2, ""name"": ""HEIGHT"", ""pattern"": null, ""placeholder"": ""69"", ""required"": true, ""tooltip"": null, ""value"": ""69""}"
MO_2020,Missouri,Rev. 01/27/2020 (0900),WEIGHT,1,WEIGHT,Weight (lb.),input,True,169,,,3,169,,[],"{""element"": ""input"", ""label"": ""Weight (lb.)"", ""maxlength"": 3, ""name"": ""WEIGHT"", ""pattern"": null, ""placeholder"": ""169"", ""required"": true, ""tooltip"": null, ""value"": ""169""}"
MO_2020,Missouri,Rev. 01/27/2020 (0900),EYE,1,EYE,Eye (ANSI D-20),select,True,,,,,,,"[{""value"": """", ""label"": ""== Select ==""}, {""value"": ""BLK"", ""label"": ""BLK (Black)""}, {""value"": ""BLU"", ""label"": ""BLU (Blue)""}, {""value"": ""BRO"", ""label"": ""BRO (Brown)""}, {""value"": ""GRY"", ""label"": ""GRY (Gray)""}, {""value"": ""GRN"", ""label"": ""GRN (Green)""}, {""value"": ""HAZ"", ""label"": ""HAZ (Hazel)""}, {""value"": ""MAR"", ""label"": ""MAR (Maroon)""}, {""value"": ""PNK"", ""label"": ""PNK (Pink)""}, {""value"": ""DIC"", ""label"": ""DIC (Dichromatic)""}, {""value"": ""UNK"", ""label"": ""UNK (Unknown)""}]","{""element"": ""select"", ""label"": ""Eye (ANSI D-20)"", ""name"": ""EYE"", ""options"": [{""label"": ""== Select =="", ""value"": """"}, {""label"": ""BLK (Black)"", ""value"": ""BLK""}, {""label"": ""BLU (Blue)"", ""value"": ""BLU""}, {""label"": ""BRO (Brown)"", ""value"": ""BRO""}, {""label"": ""GRY (Gray)"", ""value"": ""GRY""}, {""label"": ""GRN (Green)"", ""value"": ""GRN""}, {""label"": ""HAZ (Hazel)"", ""value"": ""HAZ""}, {""label"": ""MAR (Maroon)"", ""value"": ""MAR""}, {""label"": ""PNK (Pink)"", ""value"": ""PNK""}, {""label"": ""DIC (Dichromatic)"", ""value"": ""DIC""}, {""label"": ""UNK (Unknown)"", ""value"": ""UNK""}], ""pattern"": null, ""placeholder"": null, ""required"": true, ""tooltip"": null, ""value"": null}"
MT,Montana,Rev. 10/07/2015 (0800),NUMBER,1,NUMBER,DL Number,input,True,0173719704151,[0-9]{9}41[0-9]{2},13,13,,birth month + 3 digits + birth year + '41' + birth day. You can click on the calculator icon to calculate number <b>automatically!</b>,[],"{""element"": ""input"", ""label"": ""DL Number"", ""maxlength"": 13, ""minlength"": 13, ""name"": ""NUMBER"", ""pattern"": ""[0-9]{9}41[0-9]{2}"", ""placeholder"": ""0173719704151"", ""required"": true, ""tooltip"": ""birth month + 3 digits + birth year + '41' + birth day. You can click on the calculator icon to calculate number <b>automatically!</b>"", ""value"": """"}"
MT,Montana,Rev. 10/07/2015 (0800),LASTNAME,1,LASTNAME,Last name,input,True,Doe,[a-zA-Z\s]+,,,,,[],"{""element"": ""input"", ""label"": ""Last name"", ""name"": ""LASTNAME"", ""pattern"": ""[a-zA-Z\\s]+"", ""placeholder"": ""Doe"", ""required"": true, ""tooltip"": null, ""value"": """"}"
MT,Montana,Rev. 10/07/2015 (0800),FIRSTNAME,1,FIRSTNAME,First name,input,True,John,[a-zA-Z\s]+,,,,,[],"{""element"": ""input"", ""label"": ""First name"", ""name"": ""FIRSTNAME"", ""pattern"": ""[a-zA-Z\\s]+"", ""placeholder"": ""John"", ""required"": true, ""tooltip"": null, ""value"": """"}"
MT,Montana,Rev. 10/07/2015 (0800),MIDDLENAME,1,MIDDLENAME,Middle name,input,False,,,,,,This field is optional. You can click on the calculator icon to generate random name. Select gender in the field below to specify name gender.,[],"{""element"": ""input"", ""label"": ""Middle name"", ""name"": ""MIDDLENAME"", ""pattern"": null, ""placeholder"": """", ""required"": false, ""tooltip"": ""This field is optional. You can click on the calculator icon to generate random name. Select gender in the field below to specify name gender."", ""value"": """"}"
MT,Montana,Rev. 10/07/2015 (0800),ADDRESS,1,ADDRESS,Address,input,True,665 5th Ave W N,,,,665 5th Ave W N,,[],"{""element"": ""input"", ""label"": ""Address"", ""name"": ""ADDRESS"", ""pattern"": null, ""placeholder"": ""665 5th Ave W N"", ""required"": true, ""tooltip"": null, ""value"": ""665 5th Ave W N""}"
MT,Montana,Rev. 10/07/2015 (0800),CITY,1,CITY,City,input,True,Kalispell,,,,Kalispell,,[],"{""element"": ""input"", ""label"": ""City"", ""name"": ""CITY"", ""pattern"": null, ""placeholder"": ""Kalispell"", ""required"": true, ""tooltip"": null, ""value"": ""Kalispell""}"
MT,Montana,Rev. 10/07/2015 (0800),ZIP,1,ZIP,Zip code,input,True,59901,[0-9]{5},5,5,59901,,[],"{""element"": ""input"", ""label"": ""Zip code"", ""maxlength"": 5, ""minlength"": 5, ""name"": ""ZIP"", ""pattern"": ""[0-9]{5}"", ""placeholder"": ""59901"", ""required"": true, ""tooltip"": null, ""value"": ""59901""}"
MT,Montana,Rev. 10/07/2015 (0800),CLASS,1,CLASS,DL Class,input,True,D,[A-Z1-9]+,1,4,D,,[],"{""element"": ""input"", ""label"": ""DL Class"", ""maxlength"": 4, ""minlength"": 1, ""name"": ""CLASS"", ""pattern"": ""[A-Z1-9]+"", ""placeholder"": ""D"", ""required"": true, ""tooltip"": null, ""value"": ""D""}"
MT,Montana,Rev. 10/07/2015 (0800),SEX,1,SEX,Sex,select,False,,,,,,,"[{""value"": ""M"", ""label"": ""M""}, {""value"": ""F"", ""label"": ""F""}]","{""element"": ""select"", ""label"": ""Sex"", ""name"": ""SEX"", ""options"": [{""label"": ""M"", ""value"": ""M""}, {""label"": ""F"", ""value"": ""F""}], ""pattern"": null, ""placeholder"": null, ""required"": false, ""tooltip"": null, ""value"": null}"
MT,Montana,Rev. 10/07/2015 (0800),DONOR,1,DONOR,Donor,select,False,,,,,,,"[{""value"": ""NO"", ""label"": ""No""}, {""value"": ""YES"", ""label"": ""Yes""}]","{""element"": ""select"", ""label"": ""Donor"", ""name"": ""DONOR"", ""options"": [{""label"": ""No"", ""value"": ""NO""}, {""label"": ""Yes"", ""value"": ""YES""}], ""pattern"": null, ""placeholder"": null, ""required"": false, ""tooltip"": null, ""value"": null}"
MT,Montana,Rev. 10/07/2015 (0800),DOB,1,DOB,Birth date,input,True,01151970,((((0[13578]|1[02])(0[1-9]|[12][0-9]|3[01]))|((0[469]|11)(0[1-9]|[12][0-9]|30))|(02)(0[1-9]|[1][0-9]|2[0-8]))([0-9]{3}[1-9]|[0-9]{2}[1-9][0-9]{1}|[0-9]{1}[1-9][0-9]{2}|[1-9][0-9]{3}))|(0229(([0-9]{2})(0[48]|[2468][048]|[13579][26])|((0[48]|[2468][048]|[3579][26])00))),8,8,,You need input the date in MMDDYYYY format,[],"{""element"": ""input"", ""label"": ""Birth date"", ""maxlength"": 8, ""minlength"": 8, ""name"": ""DOB"", ""pattern"": ""((((0[13578]|1[02])(0[1-9]|[12][0-9]|3[01]))|((0[469]|11)(0[1-9]|[12][0-9]|30))|(02)(0[1-9]|[1][0-9]|2[0-8]))([0-9]{3}[1-9]|[0-9]{2}[1-9][0-9]{1}|[0-9]{1}[1-9][0-9]{2}|[1-9][0-9]{3}))|(0229(([0-9]{2})(0[48]|[2468][048]|[13579][26])|((0[48]|[2468][048]|[3579][26])00)))"", ""placeholder"": ""01151970"", ""required"": true, ""tooltip"": ""You need input the date in MMDDYYYY format"", ""value"": """"}"
MT,Montana,Rev. 10/07/2015 (0800),DOI,1,DOI,Issue date,input,True,08262020,((((0[13578]|1[02])(0[1-9]|[12][0-9]|3[01]))|((0[469]|11)(0[1-9]|[12][0-9]|30))|(02)(0[1-9]|[1][0-9]|2[0-8]))([0-9]{3}[1-9]|[0-9]{2}[1-9][0-9]{1}|[0-9]{1}[1-9][0-9]{2}|[1-9][0-9]{3}))|(0229(([0-9]{2})(0[48]|[2468][048]|[13579][26])|((0[48]|[2468][048]|[3579][26])00))),8,8,,You need input the date in MMDDYYYY format,[],"{""element"": ""input"", ""label"": ""Issue date"", ""maxlength"": 8, ""minlength"": 8, ""name"": ""DOI"", ""pattern"": ""((((0[13578]|1[02])(0[1-9]|[12][0-9]|3[01]))|((0[469]|11)(0[1-9]|[12][0-9]|30))|(02)(0[1-9]|[1][0-9]|2[0-8]))([0-9]{3}[1-9]|[0-9]{2}[1-9][0-9]{1}|[0-9]{1}[1-9][0-9]{2}|[1-9][0-9]{3}))|(0229(([0-9]{2})(0[48]|[2468][048]|[13579][26])|((0[48]|[2468][048]|[3579][26])00)))"", ""placeholder"": ""08262020"", ""required"": true, ""tooltip"": ""You need input the date in MMDDYYYY format"", ""value"": """"}"
MT,Montana,Rev. 10/07/2015 (0800),DOE,1,DOE,Expiry date,input,True,01152026,((((0[13578]|1[02])(0[1-9]|[12][0-9]|3[01]))|((0[469]|11)(0[1-9]|[12][0-9]|30))|(02)(0[1-9]|[1][0-9]|2[0-8]))([0-9]{3}[1-9]|[0-9]{2}[1-9][0-9]{1}|[0-9]{1}[1-9][0-9]{2}|[1-9][0-9]{3}))|(0229(([0-9]{2})(0[48]|[2468][048]|[13579][26])|((0[48]|[2468][048]|[3579][26])00))),8,8,,Same month and day as in birth date. 8 years after the year of issue,[],"{""element"": ""input"", ""label"": ""Expiry date"", ""maxlength"": 8, ""minlength"": 8, ""name"": ""DOE"", ""pattern"": ""((((0[13578]|1[02])(0[1-9]|[12][0-9]|3[01]))|((0[469]|11)(0[1-9]|[12][0-9]|30))|(02)(0[1-9]|[1][0-9]|2[0-8]))([0-9]{3}[1-9]|[0-9]{2}[1-9][0-9]{1}|[0-9]{1}[1-9][0-9]{2}|[1-9][0-9]{3}))|(0229(([0-9]{2})(0[48]|[2468][048]|[13579][26])|((0[48]|[2468][048]|[3579][26])00)))"", ""placeholder"": ""01152026"", ""required"": true, ""tooltip"": ""Same month and day as in birth date. 8 years after the year of issue"", ""value"": """"}"
MT,Montana,Rev. 10/07/2015 (0800),ICN,1,ICN,ICN,input,True,110046MJU9PFMTLLC001,110[a-zA-Z0-9]{9}MT[a-zA-Z0-9]{3}001,20,20,,110 + 9 digits and letters + MT + 3 letters + 001. You can click on the calculator icon to calculate ICN <b>automatically!</b>,[],"{""element"": ""input"", ""label"": ""ICN"", ""maxlength"": 20, ""minlength"": 20, ""name"": ""ICN"", ""pattern"": ""110[a-zA-Z0-9]{9}MT[a-zA-Z0-9]{3}001"", ""placeholder"": ""110046MJU9PFMTLLC001"", ""required"": true, ""tooltip"": ""110 + 9 digits and letters + MT + 3 letters + 001. You can click on the calculator icon to calculate ICN <b>automatically!</b>"", ""value"": null}"
MT,Montana,Rev. 10/07/2015 (0800),DD,1,DD,DD,input,True,20200826869633619021,[0-9]{8}[a-zA-Z0-9]{12},20,20,,Issue data in YYYYMMDD format + 12 digits. You can click on the calculator icon to calculate DD <b>automatically!</b>,[],"{""element"": ""input"", ""label"": ""DD"", ""maxlength"": 20, ""minlength"": 20, ""name"": ""DD"", ""pattern"": ""[0-9]{8}[a-zA-Z0-9]{12}"", ""placeholder"": ""20200826869633619021"", ""required"": true, ""tooltip"": ""Issue data in YYYYMMDD format + 12 digits. You can click on the calculator icon to calculate DD <b>automatically!</b>"", ""value"": null}"
MT,Montana,Rev. 10/07/2015 (0800),RESTRICTIONS,1,RESTRICTIONS,Restrictions,input,True,NONE,,,,NONE,,[],"{""element"": ""input"", ""label"": ""Restrictions"", ""name"": ""RESTRICTIONS"", ""pattern"": null, ""placeholder"": ""NONE"", ""required"": true, ""tooltip"": null, ""value"": ""NONE""}"
MT,Montana,Rev. 10/07/2015 (0800),ENDORSEMENT,1,ENDORSEMENT,Endorsement,input,True,NONE,,,,NONE,,[],"{""element"": ""input"", ""label"": ""Endorsement"", ""name"": ""ENDORSEMENT"", ""pattern"": null, ""placeholder"": ""NONE"", ""required"": true, ""tooltip"": null, ""value"": ""NONE""}"
MT,Montana,Rev. 10/07/2015 (0800),HEIGHT,1,HEIGHT,Height (in.),input,True,69,,,2,69,,[],"{""element"": ""input"", ""label"": ""Height (in.)"", ""maxlength"": 2, ""name"": ""HEIGHT"", ""pattern"": null, ""placeholder"": ""69"", ""required"": true, ""tooltip"": null, ""value"": ""69""}"
MT,Montana,Rev. 10/07/2015 (0800),WEIGHT,1,WEIGHT,Weight (lb.),input,True,169,,,3,169,,[],"{""element"": ""input"", ""label"": ""Weight (lb.)"", ""maxlength"": 3, ""name"": ""WEIGHT"", ""pattern"": null, ""placeholder"": ""169"", ""required"": true, ""tooltip"": null, ""value"": ""169""}"
MT,Montana,Rev. 10/07/2015 (0800),EYE,1,EYE,Eye (ANSI D-20),select,True,,,,,,,"[{""value"": """", ""label"": ""== Select ==""}, {""value"": ""BLK"", ""label"": ""BLK (Black)""}, {""value"": ""BLU"", ""label"": ""BLU (Blue)""}, {""value"": ""BRO"", ""label"": ""BRO (Brown)""}, {""value"": ""GRY"", ""label"": ""GRY (Gray)""}, {""value"": ""GRN"", ""label"": ""GRN (Green)""}, {""value"": ""HAZ"", ""label"": ""HAZ (Hazel)""}, {""value"": ""MAR"", ""label"": ""MAR (Maroon)""}, {""value"": ""PNK"", ""label"": ""PNK (Pink)""}, {""value"": ""DIC"", ""label"": ""DIC (Dichromatic)""}, {""value"": ""UNK"", ""label"": ""UNK (Unknown)""}]","{""element"": ""select"", ""label"": ""Eye (ANSI D-20)"", ""name"": ""EYE"", ""options"": [{""label"": ""== Select =="", ""value"": """"}, {""label"": ""BLK (Black)"", ""value"": ""BLK""}, {""label"": ""BLU (Blue)"", ""value"": ""BLU""}, {""label"": ""BRO (Brown)"", ""value"": ""BRO""}, {""label"": ""GRY (Gray)"", ""value"": ""GRY""}, {""label"": ""GRN (Green)"", ""value"": ""GRN""}, {""label"": ""HAZ (Hazel)"", ""value"": ""HAZ""}, {""label"": ""MAR (Maroon)"", ""value"": ""MAR""}, {""label"": ""PNK (Pink)"", ""value"": ""PNK""}, {""label"": ""DIC (Dichromatic)"", ""value"": ""DIC""}, {""label"": ""UNK (Unknown)"", ""value"": ""UNK""}], ""pattern"": null, ""placeholder"": null, ""required"": true, ""tooltip"": null, ""value"": null}"
MT,Montana,Rev. 10/07/2015 (0800),REALID,1,REALID,Is REAL ID,select,False,,,,,,"Montana started issuing REAL ID compliant cards on 01/01/2019. If the card issue date is before this date, do not select REAL ID compliant.","[{""value"": ""F"", ""label"": ""Yes""}, {""value"": ""N"", ""label"": ""No""}]","{""element"": ""select"", ""label"": ""Is REAL ID"", ""name"": ""REALID"", ""options"": [{""label"": ""Yes"", ""value"": ""F""}, {""label"": ""No"", ""value"": ""N""}], ""pattern"": null, ""placeholder"": null, ""required"": false, ""tooltip"": ""Montana started issuing REAL ID compliant cards on 01/01/2019. If the card issue date is before this date, do not select REAL ID compliant."", ""value"": null}"
NE_2017,Nebraska,Rev. 02/28/2017 (0900),NUMBER,1,NUMBER,DL Number,input,True,V33627544,[a-zA-Z][0-9]{8},9,9,,"Letter (A, B, C, E, G, H or V) and 8 numbers. You can click on the calculator icon to calculate number <b>automatically!</b>",[],"{""element"": ""input"", ""label"": ""DL Number"", ""maxlength"": 9, ""minlength"": 9, ""name"": ""NUMBER"", ""pattern"": ""[a-zA-Z][0-9]{8}"", ""placeholder"": ""V33627544"", ""required"": true, ""tooltip"": ""Letter (A, B, C, E, G, H or V) and 8 numbers. You can click on the calculator icon to calculate number <b>automatically!</b>"", ""value"": """"}"
NE_2017,Nebraska,Rev. 02/28/2017 (0900),FIRSTNAME,1,FIRSTNAME,First name,input,True,John,[a-zA-Z\s]+,,,,,[],"{""element"": ""input"", ""label"": ""First name"", ""name"": ""FIRSTNAME"", ""pattern"": ""[a-zA-Z\\s]+"", ""placeholder"": ""John"", ""required"": true, ""tooltip"": null, ""value"": """"}"
NE_2017,Nebraska,Rev. 02/28/2017 (0900),LASTNAME,1,LASTNAME,Last name,input,True,Doe,[a-zA-Z\s]+,,,,,[],"{""element"": ""input"", ""label"": ""Last name"", ""name"": ""LASTNAME"", ""pattern"": ""[a-zA-Z\\s]+"", ""placeholder"": ""Doe"", ""required"": true, ""tooltip"": null, ""value"": """"}"
NE_2017,Nebraska,Rev. 02/28/2017 (0900),MIDDLENAME,1,MIDDLENAME,Middle name,input,False,,,,,,This field is optional. You can click on the calculator icon to generate random name. Select gender in the field below to specify name gender.,[],"{""element"": ""input"", ""label"": ""Middle name"", ""name"": ""MIDDLENAME"", ""pattern"": null, ""placeholder"": """", ""required"": false, ""tooltip"": ""This field is optional. You can click on the calculator icon to generate random name. Select gender in the field below to specify name gender."", ""value"": """"}"
NE_2017,Nebraska,Rev. 02/28/2017 (0900),ADDRESS,1,ADDRESS,Address,input,True,1801 N 31st St,,,,1801 N 31st St,,[],"{""element"": ""input"", ""label"": ""Address"", ""name"": ""ADDRESS"", ""pattern"": null, ""placeholder"": ""1801 N 31st St"", ""required"": true, ""tooltip"": null, ""value"": ""1801 N 31st St""}"
NE_2017,Nebraska,Rev. 02/28/2017 (0900),CITY,1,CITY,City,input,True,Lincoln,,,,Lincoln,,[],"{""element"": ""input"", ""label"": ""City"", ""name"": ""CITY"", ""pattern"": null, ""placeholder"": ""Lincoln"", ""required"": true, ""tooltip"": null, ""value"": ""Lincoln""}"
NE_2017,Nebraska,Rev. 02/28/2017 (0900),ZIP,1,ZIP,Zip code,input,True,68503,[0-9]{5},5,5,68503,,[],"{""element"": ""input"", ""label"": ""Zip code"", ""maxlength"": 5, ""minlength"": 5, ""name"": ""ZIP"", ""pattern"": ""[0-9]{5}"", ""placeholder"": ""68503"", ""required"": true, ""tooltip"": null, ""value"": ""68503""}"
NE_2017,Nebraska,Rev. 02/28/2017 (0900),CLASS,1,CLASS,DL Class,input,True,O,[A-Z1-9]+,1,4,O,,[],"{""element"": ""input"", ""label"": ""DL Class"", ""maxlength"": 4, ""minlength"": 1, ""name"": ""CLASS"", ""pattern"": ""[A-Z1-9]+"", ""placeholder"": ""O"", ""required"": true, ""tooltip"": null, ""value"": ""O""}"
NE_2017,Nebraska,Rev. 02/28/2017 (0900),SEX,1,SEX,Sex,select,False,,,,,,,"[{""value"": ""M"", ""label"": ""M""}, {""value"": ""F"", ""label"": ""F""}]","{""element"": ""select"", ""label"": ""Sex"", ""name"": ""SEX"", ""options"": [{""label"": ""M"", ""value"": ""M""}, {""label"": ""F"", ""value"": ""F""}], ""pattern"": null, ""placeholder"": null, ""required"": false, ""tooltip"": null, ""value"": null}"
NE_2017,Nebraska,Rev. 02/28/2017 (0900),DONOR,1,DONOR,Donor,select,False,,,,,,,"[{""value"": ""NO"", ""label"": ""No""}, {""value"": ""YES"", ""label"": ""Yes""}]","{""element"": ""select"", ""label"": ""Donor"", ""name"": ""DONOR"", ""options"": [{""label"": ""No"", ""value"": ""NO""}, {""label"": ""Yes"", ""value"": ""YES""}], ""pattern"": null, ""placeholder"": null, ""required"": false, ""tooltip"": null, ""value"": null}"
NE_2017,Nebraska,Rev. 02/28/2017 (0900),DOB,1,DOB,Birth date,input,True,01151970,((((0[13578]|1[02])(0[1-9]|[12][0-9]|3[01]))|((0[469]|11)(0[1-9]|[12][0-9]|30))|(02)(0[1-9]|[1][0-9]|2[0-8]))([0-9]{3}[1-9]|[0-9]{2}[1-9][0-9]{1}|[0-9]{1}[1-9][0-9]{2}|[1-9][0-9]{3}))|(0229(([0-9]{2})(0[48]|[2468][048]|[13579][26])|((0[48]|[2468][048]|[3579][26])00))),8,8,,You need input the date in MMDDYYYY format,[],"{""element"": ""input"", ""label"": ""Birth date"", ""maxlength"": 8, ""minlength"": 8, ""name"": ""DOB"", ""pattern"": ""((((0[13578]|1[02])(0[1-9]|[12][0-9]|3[01]))|((0[469]|11)(0[1-9]|[12][0-9]|30))|(02)(0[1-9]|[1][0-9]|2[0-8]))([0-9]{3}[1-9]|[0-9]{2}[1-9][0-9]{1}|[0-9]{1}[1-9][0-9]{2}|[1-9][0-9]{3}))|(0229(([0-9]{2})(0[48]|[2468][048]|[13579][26])|((0[48]|[2468][048]|[3579][26])00)))"", ""placeholder"": ""01151970"", ""required"": true, ""tooltip"": ""You need input the date in MMDDYYYY format"", ""value"": """"}"
NE_2017,Nebraska,Rev. 02/28/2017 (0900),DOI,1,DOI,Issue date,input,True,08262020,((((0[13578]|1[02])(0[1-9]|[12][0-9]|3[01]))|((0[469]|11)(0[1-9]|[12][0-9]|30))|(02)(0[1-9]|[1][0-9]|2[0-8]))([0-9]{3}[1-9]|[0-9]{2}[1-9][0-9]{1}|[0-9]{1}[1-9][0-9]{2}|[1-9][0-9]{3}))|(0229(([0-9]{2})(0[48]|[2468][048]|[13579][26])|((0[48]|[2468][048]|[3579][26])00))),8,8,,You need input the date in MMDDYYYY format,[],"{""element"": ""input"", ""label"": ""Issue date"", ""maxlength"": 8, ""minlength"": 8, ""name"": ""DOI"", ""pattern"": ""((((0[13578]|1[02])(0[1-9]|[12][0-9]|3[01]))|((0[469]|11)(0[1-9]|[12][0-9]|30))|(02)(0[1-9]|[1][0-9]|2[0-8]))([0-9]{3}[1-9]|[0-9]{2}[1-9][0-9]{1}|[0-9]{1}[1-9][0-9]{2}|[1-9][0-9]{3}))|(0229(([0-9]{2})(0[48]|[2468][048]|[13579][26])|((0[48]|[2468][048]|[3579][26])00)))"", ""placeholder"": ""08262020"", ""required"": true, ""tooltip"": ""You need input the date in MMDDYYYY format"", ""value"": """"}"
NE_2017,Nebraska,Rev. 02/28/2017 (0900),DOE,1,DOE,Expiry date,input,True,01152025,((((0[13578]|1[02])(0[1-9]|[12][0-9]|3[01]))|((0[469]|11)(0[1-9]|[12][0-9]|30))|(02)(0[1-9]|[1][0-9]|2[0-8]))([0-9]{3}[1-9]|[0-9]{2}[1-9][0-9]{1}|[0-9]{1}[1-9][0-9]{2}|[1-9][0-9]{3}))|(0229(([0-9]{2})(0[48]|[2468][048]|[13579][26])|((0[48]|[2468][048]|[3579][26])00))),8,8,,Same month and day as in birth date. 5 years after the year of issue,[],"{""element"": ""input"", ""label"": ""Expiry date"", ""maxlength"": 8, ""minlength"": 8, ""name"": ""DOE"", ""pattern"": ""((((0[13578]|1[02])(0[1-9]|[12][0-9]|3[01]))|((0[469]|11)(0[1-9]|[12][0-9]|30))|(02)(0[1-9]|[1][0-9]|2[0-8]))([0-9]{3}[1-9]|[0-9]{2}[1-9][0-9]{1}|[0-9]{1}[1-9][0-9]{2}|[1-9][0-9]{3}))|(0229(([0-9]{2})(0[48]|[2468][048]|[13579][26])|((0[48]|[2468][048]|[3579][26])00)))"", ""placeholder"": ""01152025"", ""required"": true, ""tooltip"": ""Same month and day as in birth date. 5 years after the year of issue"", ""value"": """"}"
NE_2017,Nebraska,Rev. 02/28/2017 (0900),ICN,1,ICN,ICN,input,True,0540000357800000,0540{4}[0-9]{4}0{5},16,16,,You can click on the calculator icon to calculate ICN <b>automatically!</b>,[],"{""element"": ""input"", ""label"": ""ICN"", ""maxlength"": 16, ""minlength"": 16, ""name"": ""ICN"", ""pattern"": ""0540{4}[0-9]{4}0{5}"", ""placeholder"": ""0540000357800000"", ""required"": true, ""tooltip"": ""You can click on the calculator icon to calculate ICN <b>automatically!</b>"", ""value"": null}"
NE_2017,Nebraska,Rev. 02/28/2017 (0900),DD,1,DD,DD,input,True,0540000357800000,0540{4}[0-9]{4}0{5},16,16,,Same as Document Discriminator (DD).<br> You can click on the calculator icon to calculate DD <b>automatically!</b>,[],"{""element"": ""input"", ""label"": ""DD"", ""maxlength"": 16, ""minlength"": 16, ""name"": ""DD"", ""pattern"": ""0540{4}[0-9]{4}0{5}"", ""placeholder"": ""0540000357800000"", ""required"": true, ""tooltip"": ""Same as Document Discriminator (DD).<br> You can click on the calculator icon to calculate DD <b>automatically!</b>"", ""value"": null}"
NE_2017,Nebraska,Rev. 02/28/2017 (0900),RESTRICTIONS,1,RESTRICTIONS,Restrictions,input,True,NONE,,,,NONE,,[],"{""element"": ""input"", ""label"": ""Restrictions"", ""name"": ""RESTRICTIONS"", ""pattern"": null, ""placeholder"": ""NONE"", ""required"": true, ""tooltip"": null, ""value"": ""NONE""}"
NE_2017,Nebraska,Rev. 02/28/2017 (0900),ENDORSEMENT,1,ENDORSEMENT,Endorsement,input,True,NONE,,,,NONE,,[],"{""element"": ""input"", ""label"": ""Endorsement"", ""name"": ""ENDORSEMENT"", ""pattern"": null, ""placeholder"": ""NONE"", ""required"": true, ""tooltip"": null, ""value"": ""NONE""}"
NE_2017,Nebraska,Rev. 02/28/2017 (0900),HEIGHT,1,HEIGHT,Height (in.),input,True,69,,,2,69,,[],"{""element"": ""input"", ""label"": ""Height (in.)"", ""maxlength"": 2, ""name"": ""HEIGHT"", ""pattern"": null, ""placeholder"": ""69"", ""required"": true, ""tooltip"": null, ""value"": ""69""}"
NE_2017,Nebraska,Rev. 02/28/2017 (0900),WEIGHT,1,WEIGHT,Weight (lb.),input,True,169,,,3,169,,[],"{""element"": ""input"", ""label"": ""Weight (lb.)"", ""maxlength"": 3, ""name"": ""WEIGHT"", ""pattern"": null, ""placeholder"": ""169"", ""required"": true, ""tooltip"": null, ""value"": ""169""}"
NE_2017,Nebraska,Rev. 02/28/2017 (0900),EYE,1,EYE,Eye (ANSI D-20),select,True,,,,,,,"[{""value"": """", ""label"": ""== Select ==""}, {""value"": ""BLK"", ""label"": ""BLK (Black)""}, {""value"": ""BLU"", ""label"": ""BLU (Blue)""}, {""value"": ""BRO"", ""label"": ""BRO (Brown)""}, {""value"": ""GRY"", ""label"": ""GRY (Gray)""}, {""value"": ""GRN"", ""label"": ""GRN (Green)""}, {""value"": ""HAZ"", ""label"": ""HAZ (Hazel)""}, {""value"": ""MAR"", ""label"": ""MAR (Maroon)""}, {""value"": ""PNK"", ""label"": ""PNK (Pink)""}, {""value"": ""DIC"", ""label"": ""DIC (Dichromatic)""}, {""value"": ""UNK"", ""label"": ""UNK (Unknown)""}]","{""element"": ""select"", ""label"": ""Eye (ANSI D-20)"", ""name"": ""EYE"", ""options"": [{""label"": ""== Select =="", ""value"": """"}, {""label"": ""BLK (Black)"", ""value"": ""BLK""}, {""label"": ""BLU (Blue)"", ""value"": ""BLU""}, {""label"": ""BRO (Brown)"", ""value"": ""BRO""}, {""label"": ""GRY (Gray)"", ""value"": ""GRY""}, {""label"": ""GRN (Green)"", ""value"": ""GRN""}, {""label"": ""HAZ (Hazel)"", ""value"": ""HAZ""}, {""label"": ""MAR (Maroon)"", ""value"": ""MAR""}, {""label"": ""PNK (Pink)"", ""value"": ""PNK""}, {""label"": ""DIC (Dichromatic)"", ""value"": ""DIC""}, {""label"": ""UNK (Unknown)"", ""value"": ""UNK""}], ""pattern"": null, ""placeholder"": null, ""required"": true, ""tooltip"": null, ""value"": null}"
NE_2017,Nebraska,Rev. 02/28/2017 (0900),HAIR,1,HAIR,Hair (ANSI D-20),select,True,,,,,,,"[{""value"": """", ""label"": ""== Select ==""}, {""value"": ""BLK"", ""label"": ""BLK (Black)""}, {""value"": ""BLN"", ""label"": ""BLN (Blond)""}, {""value"": ""BRO"", ""label"": ""BRO (Brown)""}, {""value"": ""GRY"", ""label"": ""GRY (Grey)""}, {""value"": ""RED"", ""label"": ""RED (Red/Auburn)""}, {""value"": ""SDY"", ""label"": ""SDY (Sandy)""}, {""value"": ""WHI"", ""label"": ""WHI (White)""}, {""value"": ""UNK"", ""label"": ""UNK (Unknown)""}, {""value"": ""BAL"", ""label"": ""BAL (Bald)""}]","{""element"": ""select"", ""label"": ""Hair (ANSI D-20)"", ""name"": ""HAIR"", ""options"": [{""label"": ""== Select =="", ""value"": """"}, {""label"": ""BLK (Black)"", ""value"": ""BLK""}, {""label"": ""BLN (Blond)"", ""value"": ""BLN""}, {""label"": ""BRO (Brown)"", ""value"": ""BRO""}, {""label"": ""GRY (Grey)"", ""value"": ""GRY""}, {""label"": ""RED (Red/Auburn)"", ""value"": ""RED""}, {""label"": ""SDY (Sandy)"", ""value"": ""SDY""}, {""label"": ""WHI (White)"", ""value"": ""WHI""}, {""label"": ""UNK (Unknown)"", ""value"": ""UNK""}, {""label"": ""BAL (Bald)"", ""value"": ""BAL""}], ""pattern"": null, ""placeholder"": null, ""required"": true, ""tooltip"": null, ""value"": null}"
NE_2017,Nebraska,Rev. 02/28/2017 (0900),RACE,1,RACE,Race (ANSI D-20),select,True,,,,,,,"[{""value"": """", ""label"": ""== Select ==""}, {""value"": ""AI"", ""label"": ""Alaskan or American Indian""}, {""value"": ""AP"", ""label"": ""Asian or Pacific Islander""}, {""value"": ""BK"", ""label"": ""Black""}, {""value"": ""H"", ""label"": ""Hispanic Origin""}, {""value"": ""O"", ""label"": ""Non-hispanic""}, {""value"": ""U"", ""label"": ""Unknown""}, {""value"": ""W"", ""label"": ""White""}]","{""element"": ""select"", ""label"": ""Race (ANSI D-20)"", ""name"": ""RACE"", ""options"": [{""label"": ""== Select =="", ""value"": """"}, {""label"": ""Alaskan or American Indian"", ""value"": ""AI""}, {""label"": ""Asian or Pacific Islander"", ""value"": ""AP""}, {""label"": ""Black"", ""value"": ""BK""}, {""label"": ""Hispanic Origin"", ""value"": ""H""}, {""label"": ""Non-hispanic"", ""value"": ""O""}, {""label"": ""Unknown"", ""value"": ""U""}, {""label"": ""White"", ""value"": ""W""}], ""pattern"": null, ""placeholder"": null, ""required"": true, ""tooltip"": null, ""value"": null}"
NE_2017,Nebraska,Rev. 02/28/2017 (0900),SUFFIX,1,SUFFIX,Name Suffix,select,False,,,,,,,"[{""value"": ""NONE"", ""label"": ""NONE""}, {""value"": ""JR"", ""label"": ""JR (Junior)""}, {""value"": ""SR"", ""label"": ""SR (Senior)""}, {""value"": ""I"", ""label"": ""1ST or I (First)""}, {""value"": ""II"", ""label"": ""2ND or II (Second)""}, {""value"": ""III"", ""label"": ""3RD or III (Third)""}, {""value"": ""IV"", ""label"": ""4TH or IV (Fourth)""}, {""value"": ""V"", ""label"": ""5TH or V (Fifth)""}, {""value"": ""VI"", ""label"": ""6TH or VI (Sixth)""}]","{""element"": ""select"", ""label"": ""Name Suffix"", ""name"": ""SUFFIX"", ""options"": [{""label"": ""NONE"", ""value"": ""NONE""}, {""label"": ""JR (Junior)"", ""value"": ""JR""}, {""label"": ""SR (Senior)"", ""value"": ""SR""}, {""label"": ""1ST or I (First)"", ""value"": ""I""}, {""label"": ""2ND or II (Second)"", ""value"": ""II""}, {""label"": ""3RD or III (Third)"", ""value"": ""III""}, {""label"": ""4TH or IV (Fourth)"", ""value"": ""IV""}, {""label"": ""5TH or V (Fifth)"", ""value"": ""V""}, {""label"": ""6TH or VI (Sixth)"", ""value"": ""VI""}], ""pattern"": null, ""placeholder"": null, ""required"": false, ""tooltip"": null, ""value"": null}"
NE_2021,Nebraska,Rev. 04/05/2021 (1000),NUMBER,1,NUMBER,DL Number,input,True,B94907169,[a-zA-Z][0-9]{8},9,9,,"Letter (A, B, C, E, G, H or V) and 8 numbers. You can click on the calculator icon to calculate number <b>automatically!</b>",[],"{""element"": ""input"", ""label"": ""DL Number"", ""maxlength"": 9, ""minlength"": 9, ""name"": ""NUMBER"", ""pattern"": ""[a-zA-Z][0-9]{8}"", ""placeholder"": ""B94907169"", ""required"": true, ""tooltip"": ""Letter (A, B, C, E, G, H or V) and 8 numbers. You can click on the calculator icon to calculate number <b>automatically!</b>"", ""value"": """"}"
NE_2021,Nebraska,Rev. 04/05/2021 (1000),FIRSTNAME,1,FIRSTNAME,First name,input,True,John,[a-zA-Z\s]+,,,,,[],"{""element"": ""input"", ""label"": ""First name"", ""name"": ""FIRSTNAME"", ""pattern"": ""[a-zA-Z\\s]+"", ""placeholder"": ""John"", ""required"": true, ""tooltip"": null, ""value"": """"}"
NE_2021,Nebraska,Rev. 04/05/2021 (1000),LASTNAME,1,LASTNAME,Last name,input,True,Doe,[a-zA-Z\s]+,,,,,[],"{""element"": ""input"", ""label"": ""Last name"", ""name"": ""LASTNAME"", ""pattern"": ""[a-zA-Z\\s]+"", ""placeholder"": ""Doe"", ""required"": true, ""tooltip"": null, ""value"": """"}"
NE_2021,Nebraska,Rev. 04/05/2021 (1000),MIDDLENAME,1,MIDDLENAME,Middle name,input,False,,,,,,This field is optional. You can click on the calculator icon to generate random name. Select gender in the field below to specify name gender.,[],"{""element"": ""input"", ""label"": ""Middle name"", ""name"": ""MIDDLENAME"", ""pattern"": null, ""placeholder"": """", ""required"": false, ""tooltip"": ""This field is optional. You can click on the calculator icon to generate random name. Select gender in the field below to specify name gender."", ""value"": """"}"
NE_2021,Nebraska,Rev. 04/05/2021 (1000),ADDRESS,1,ADDRESS,Address,input,True,1801 N 31st St,,,,1801 N 31st St,,[],"{""element"": ""input"", ""label"": ""Address"", ""name"": ""ADDRESS"", ""pattern"": null, ""placeholder"": ""1801 N 31st St"", ""required"": true, ""tooltip"": null, ""value"": ""1801 N 31st St""}"
NE_2021,Nebraska,Rev. 04/05/2021 (1000),CITY,1,CITY,City,input,True,Lincoln,,,,Lincoln,,[],"{""element"": ""input"", ""label"": ""City"", ""name"": ""CITY"", ""pattern"": null, ""placeholder"": ""Lincoln"", ""required"": true, ""tooltip"": null, ""value"": ""Lincoln""}"
NE_2021,Nebraska,Rev. 04/05/2021 (1000),ZIP,1,ZIP,Zip code,input,True,685031514,[0-9]{9},9,9,685031514,,[],"{""element"": ""input"", ""label"": ""Zip code"", ""maxlength"": 9, ""minlength"": 9, ""name"": ""ZIP"", ""pattern"": ""[0-9]{9}"", ""placeholder"": ""685031514"", ""required"": true, ""tooltip"": null, ""value"": ""685031514""}"
NE_2021,Nebraska,Rev. 04/05/2021 (1000),CLASS,1,CLASS,DL Class,input,True,O,[A-Z1-9]+,1,4,O,,[],"{""element"": ""input"", ""label"": ""DL Class"", ""maxlength"": 4, ""minlength"": 1, ""name"": ""CLASS"", ""pattern"": ""[A-Z1-9]+"", ""placeholder"": ""O"", ""required"": true, ""tooltip"": null, ""value"": ""O""}"
NE_2021,Nebraska,Rev. 04/05/2021 (1000),SEX,1,SEX,Sex,select,False,,,,,,,"[{""value"": ""M"", ""label"": ""M""}, {""value"": ""F"", ""label"": ""F""}]","{""element"": ""select"", ""label"": ""Sex"", ""name"": ""SEX"", ""options"": [{""label"": ""M"", ""value"": ""M""}, {""label"": ""F"", ""value"": ""F""}], ""pattern"": null, ""placeholder"": null, ""required"": false, ""tooltip"": null, ""value"": null}"
NE_2021,Nebraska,Rev. 04/05/2021 (1000),DONOR,1,DONOR,Donor,select,False,,,,,,,"[{""value"": ""NO"", ""label"": ""No""}, {""value"": ""YES"", ""label"": ""Yes""}]","{""element"": ""select"", ""label"": ""Donor"", ""name"": ""DONOR"", ""options"": [{""label"": ""No"", ""value"": ""NO""}, {""label"": ""Yes"", ""value"": ""YES""}], ""pattern"": null, ""placeholder"": null, ""required"": false, ""tooltip"": null, ""value"": null}"
NE_2021,Nebraska,Rev. 04/05/2021 (1000),DOB,1,DOB,Birth date,input,True,01151970,((((0[13578]|1[02])(0[1-9]|[12][0-9]|3[01]))|((0[469]|11)(0[1-9]|[12][0-9]|30))|(02)(0[1-9]|[1][0-9]|2[0-8]))([0-9]{3}[1-9]|[0-9]{2}[1-9][0-9]{1}|[0-9]{1}[1-9][0-9]{2}|[1-9][0-9]{3}))|(0229(([0-9]{2})(0[48]|[2468][048]|[13579][26])|((0[48]|[2468][048]|[3579][26])00))),8,8,,You need input the date in MMDDYYYY format,[],"{""element"": ""input"", ""label"": ""Birth date"", ""maxlength"": 8, ""minlength"": 8, ""name"": ""DOB"", ""pattern"": ""((((0[13578]|1[02])(0[1-9]|[12][0-9]|3[01]))|((0[469]|11)(0[1-9]|[12][0-9]|30))|(02)(0[1-9]|[1][0-9]|2[0-8]))([0-9]{3}[1-9]|[0-9]{2}[1-9][0-9]{1}|[0-9]{1}[1-9][0-9]{2}|[1-9][0-9]{3}))|(0229(([0-9]{2})(0[48]|[2468][048]|[13579][26])|((0[48]|[2468][048]|[3579][26])00)))"", ""placeholder"": ""01151970"", ""required"": true, ""tooltip"": ""You need input the date in MMDDYYYY format"", ""value"": """"}"
NE_2021,Nebraska,Rev. 04/05/2021 (1000),DOI,1,DOI,Issue date,input,True,12292021,((((0[13578]|1[02])(0[1-9]|[12][0-9]|3[01]))|((0[469]|11)(0[1-9]|[12][0-9]|30))|(02)(0[1-9]|[1][0-9]|2[0-8]))([0-9]{3}[1-9]|[0-9]{2}[1-9][0-9]{1}|[0-9]{1}[1-9][0-9]{2}|[1-9][0-9]{3}))|(0229(([0-9]{2})(0[48]|[2468][048]|[13579][26])|((0[48]|[2468][048]|[3579][26])00))),8,8,,You need input the date in MMDDYYYY format,[],"{""element"": ""input"", ""label"": ""Issue date"", ""maxlength"": 8, ""minlength"": 8, ""name"": ""DOI"", ""pattern"": ""((((0[13578]|1[02])(0[1-9]|[12][0-9]|3[01]))|((0[469]|11)(0[1-9]|[12][0-9]|30))|(02)(0[1-9]|[1][0-9]|2[0-8]))([0-9]{3}[1-9]|[0-9]{2}[1-9][0-9]{1}|[0-9]{1}[1-9][0-9]{2}|[1-9][0-9]{3}))|(0229(([0-9]{2})(0[48]|[2468][048]|[13579][26])|((0[48]|[2468][048]|[3579][26])00)))"", ""placeholder"": ""12292021"", ""required"": true, ""tooltip"": ""You need input the date in MMDDYYYY format"", ""value"": """"}"
NE_2021,Nebraska,Rev. 04/05/2021 (1000),DOE,1,DOE,Expiry date,input,True,07292026,((((0[13578]|1[02])(0[1-9]|[12][0-9]|3[01]))|((0[469]|11)(0[1-9]|[12][0-9]|30))|(02)(0[1-9]|[1][0-9]|2[0-8]))([0-9]{3}[1-9]|[0-9]{2}[1-9][0-9]{1}|[0-9]{1}[1-9][0-9]{2}|[1-9][0-9]{3}))|(0229(([0-9]{2})(0[48]|[2468][048]|[13579][26])|((0[48]|[2468][048]|[3579][26])00))),8,8,,Same month and day as in birth date. 5 years after the year of issue,[],"{""element"": ""input"", ""label"": ""Expiry date"", ""maxlength"": 8, ""minlength"": 8, ""name"": ""DOE"", ""pattern"": ""((((0[13578]|1[02])(0[1-9]|[12][0-9]|3[01]))|((0[469]|11)(0[1-9]|[12][0-9]|30))|(02)(0[1-9]|[1][0-9]|2[0-8]))([0-9]{3}[1-9]|[0-9]{2}[1-9][0-9]{1}|[0-9]{1}[1-9][0-9]{2}|[1-9][0-9]{3}))|(0229(([0-9]{2})(0[48]|[2468][048]|[13579][26])|((0[48]|[2468][048]|[3579][26])00)))"", ""placeholder"": ""07292026"", ""required"": true, ""tooltip"": ""Same month and day as in birth date. 5 years after the year of issue"", ""value"": """"}"
NE_2021,Nebraska,Rev. 04/05/2021 (1000),ICN,1,ICN,ICN,input,True,B94907169NETYCO01,[a-zA-Z][0-9]{8}[a-zA-Z0-9]{8},17,17,,You can click on the calculator icon to calculate ICN <b>automatically!</b>,[],"{""element"": ""input"", ""label"": ""ICN"", ""maxlength"": 17, ""minlength"": 17, ""name"": ""ICN"", ""pattern"": ""[a-zA-Z][0-9]{8}[a-zA-Z0-9]{8}"", ""placeholder"": ""B94907169NETYCO01"", ""required"": true, ""tooltip"": ""You can click on the calculator icon to calculate ICN <b>automatically!</b>"", ""value"": null}"
NE_2021,Nebraska,Rev. 04/05/2021 (1000),DD,1,DD,DD,input,True,054B94907169NETYCO0165097,[0-9]{3}[a-zA-Z][0-9]{8}[a-zA-Z0-9]{13},25,25,,You can click on the calculator icon to calculate DD <b>automatically!</b>,[],"{""element"": ""input"", ""label"": ""DD"", ""maxlength"": 25, ""minlength"": 25, ""name"": ""DD"", ""pattern"": ""[0-9]{3}[a-zA-Z][0-9]{8}[a-zA-Z0-9]{13}"", ""placeholder"": ""054B94907169NETYCO0165097"", ""required"": true, ""tooltip"": ""You can click on the calculator icon to calculate DD <b>automatically!</b>"", ""value"": null}"
NE_2021,Nebraska,Rev. 04/05/2021 (1000),RESTRICTIONS,1,RESTRICTIONS,Restrictions,input,True,NONE,,,,NONE,,[],"{""element"": ""input"", ""label"": ""Restrictions"", ""name"": ""RESTRICTIONS"", ""pattern"": null, ""placeholder"": ""NONE"", ""required"": true, ""tooltip"": null, ""value"": ""NONE""}"
NE_2021,Nebraska,Rev. 04/05/2021 (1000),ENDORSEMENT,1,ENDORSEMENT,Endorsement,input,True,NONE,,,,NONE,,[],"{""element"": ""input"", ""label"": ""Endorsement"", ""name"": ""ENDORSEMENT"", ""pattern"": null, ""placeholder"": ""NONE"", ""required"": true, ""tooltip"": null, ""value"": ""NONE""}"
NE_2021,Nebraska,Rev. 04/05/2021 (1000),HEIGHT,1,HEIGHT,Height (in.),input,True,69,,,2,69,,[],"{""element"": ""input"", ""label"": ""Height (in.)"", ""maxlength"": 2, ""name"": ""HEIGHT"", ""pattern"": null, ""placeholder"": ""69"", ""required"": true, ""tooltip"": null, ""value"": ""69""}"
NE_2021,Nebraska,Rev. 04/05/2021 (1000),WEIGHT,1,WEIGHT,Weight (lb.),input,True,169,,,3,169,,[],"{""element"": ""input"", ""label"": ""Weight (lb.)"", ""maxlength"": 3, ""name"": ""WEIGHT"", ""pattern"": null, ""placeholder"": ""169"", ""required"": true, ""tooltip"": null, ""value"": ""169""}"
NE_2021,Nebraska,Rev. 04/05/2021 (1000),EYE,1,EYE,Eye (ANSI D-20),select,True,,,,,,,"[{""value"": """", ""label"": ""== Select ==""}, {""value"": ""BLK"", ""label"": ""BLK (Black)""}, {""value"": ""BLU"", ""label"": ""BLU (Blue)""}, {""value"": ""BRO"", ""label"": ""BRO (Brown)""}, {""value"": ""GRY"", ""label"": ""GRY (Gray)""}, {""value"": ""GRN"", ""label"": ""GRN (Green)""}, {""value"": ""HAZ"", ""label"": ""HAZ (Hazel)""}, {""value"": ""MAR"", ""label"": ""MAR (Maroon)""}, {""value"": ""PNK"", ""label"": ""PNK (Pink)""}, {""value"": ""DIC"", ""label"": ""DIC (Dichromatic)""}, {""value"": ""UNK"", ""label"": ""UNK (Unknown)""}]","{""element"": ""select"", ""label"": ""Eye (ANSI D-20)"", ""name"": ""EYE"", ""options"": [{""label"": ""== Select =="", ""value"": """"}, {""label"": ""BLK (Black)"", ""value"": ""BLK""}, {""label"": ""BLU (Blue)"", ""value"": ""BLU""}, {""label"": ""BRO (Brown)"", ""value"": ""BRO""}, {""label"": ""GRY (Gray)"", ""value"": ""GRY""}, {""label"": ""GRN (Green)"", ""value"": ""GRN""}, {""label"": ""HAZ (Hazel)"", ""value"": ""HAZ""}, {""label"": ""MAR (Maroon)"", ""value"": ""MAR""}, {""label"": ""PNK (Pink)"", ""value"": ""PNK""}, {""label"": ""DIC (Dichromatic)"", ""value"": ""DIC""}, {""label"": ""UNK (Unknown)"", ""value"": ""UNK""}], ""pattern"": null, ""placeholder"": null, ""required"": true, ""tooltip"": null, ""value"": null}"
NE_2021,Nebraska,Rev. 04/05/2021 (1000),HAIR,1,HAIR,Hair (ANSI D-20),select,True,,,,,,,"[{""value"": """", ""label"": ""== Select ==""}, {""value"": ""BLK"", ""label"": ""BLK (Black)""}, {""value"": ""BLN"", ""label"": ""BLN (Blond)""}, {""value"": ""BRO"", ""label"": ""BRO (Brown)""}, {""value"": ""GRY"", ""label"": ""GRY (Grey)""}, {""value"": ""RED"", ""label"": ""RED (Red/Auburn)""}, {""value"": ""SDY"", ""label"": ""SDY (Sandy)""}, {""value"": ""WHI"", ""label"": ""WHI (White)""}, {""value"": ""UNK"", ""label"": ""UNK (Unknown)""}, {""value"": ""BAL"", ""label"": ""BAL (Bald)""}]","{""element"": ""select"", ""label"": ""Hair (ANSI D-20)"", ""name"": ""HAIR"", ""options"": [{""label"": ""== Select =="", ""value"": """"}, {""label"": ""BLK (Black)"", ""value"": ""BLK""}, {""label"": ""BLN (Blond)"", ""value"": ""BLN""}, {""label"": ""BRO (Brown)"", ""value"": ""BRO""}, {""label"": ""GRY (Grey)"", ""value"": ""GRY""}, {""label"": ""RED (Red/Auburn)"", ""value"": ""RED""}, {""label"": ""SDY (Sandy)"", ""value"": ""SDY""}, {""label"": ""WHI (White)"", ""value"": ""WHI""}, {""label"": ""UNK (Unknown)"", ""value"": ""UNK""}, {""label"": ""BAL (Bald)"", ""value"": ""BAL""}], ""pattern"": null, ""placeholder"": null, ""required"": true, ""tooltip"": null, ""value"": null}"
NE_2021,Nebraska,Rev. 04/05/2021 (1000),RACE,1,RACE,Race (ANSI D-20),select,True,,,,,,,"[{""value"": """", ""label"": ""== Select ==""}, {""value"": ""AI"", ""label"": ""Alaskan or American Indian""}, {""value"": ""AP"", ""label"": ""Asian or Pacific Islander""}, {""value"": ""BK"", ""label"": ""Black""}, {""value"": ""H"", ""label"": ""Hispanic Origin""}, {""value"": ""O"", ""label"": ""Non-hispanic""}, {""value"": ""U"", ""label"": ""Unknown""}, {""value"": ""W"", ""label"": ""White""}]","{""element"": ""select"", ""label"": ""Race (ANSI D-20)"", ""name"": ""RACE"", ""options"": [{""label"": ""== Select =="", ""value"": """"}, {""label"": ""Alaskan or American Indian"", ""value"": ""AI""}, {""label"": ""Asian or Pacific Islander"", ""value"": ""AP""}, {""label"": ""Black"", ""value"": ""BK""}, {""label"": ""Hispanic Origin"", ""value"": ""H""}, {""label"": ""Non-hispanic"", ""value"": ""O""}, {""label"": ""Unknown"", ""value"": ""U""}, {""label"": ""White"", ""value"": ""W""}], ""pattern"": null, ""placeholder"": null, ""required"": true, ""tooltip"": null, ""value"": null}"
NE_2021,Nebraska,Rev. 04/05/2021 (1000),SUFFIX,1,SUFFIX,Name Suffix,select,False,,,,,,,"[{""value"": ""NONE"", ""label"": ""NONE""}, {""value"": ""JR"", ""label"": ""JR (Junior)""}, {""value"": ""SR"", ""label"": ""SR (Senior)""}, {""value"": ""I"", ""label"": ""1ST or I (First)""}, {""value"": ""II"", ""label"": ""2ND or II (Second)""}, {""value"": ""III"", ""label"": ""3RD or III (Third)""}, {""value"": ""IV"", ""label"": ""4TH or IV (Fourth)""}, {""value"": ""V"", ""label"": ""5TH or V (Fifth)""}, {""value"": ""VI"", ""label"": ""6TH or VI (Sixth)""}]","{""element"": ""select"", ""label"": ""Name Suffix"", ""name"": ""SUFFIX"", ""options"": [{""label"": ""NONE"", ""value"": ""NONE""}, {""label"": ""JR (Junior)"", ""value"": ""JR""}, {""label"": ""SR (Senior)"", ""value"": ""SR""}, {""label"": ""1ST or I (First)"", ""value"": ""I""}, {""label"": ""2ND or II (Second)"", ""value"": ""II""}, {""label"": ""3RD or III (Third)"", ""value"": ""III""}, {""label"": ""4TH or IV (Fourth)"", ""value"": ""IV""}, {""label"": ""5TH or V (Fifth)"", ""value"": ""V""}, {""label"": ""6TH or VI (Sixth)"", ""value"": ""VI""}], ""pattern"": null, ""placeholder"": null, ""required"": false, ""tooltip"": null, ""value"": null}"
NV_2008,Nevada,(Rev. 10/10/2008),NUMBER,1,NUMBER,DL Number,input,True,1314295172,[0-9]{10},10,10,,10 random digits and letter. You can click on the calculator icon to calculate number <b>automatically!</b>,[],"{""element"": ""input"", ""label"": ""DL Number"", ""maxlength"": 10, ""minlength"": 10, ""name"": ""NUMBER"", ""pattern"": ""[0-9]{10}"", ""placeholder"": ""1314295172"", ""required"": true, ""tooltip"": ""10 random digits and letter. You can click on the calculator icon to calculate number <b>automatically!</b>"", ""value"": """"}"
NV_2008,Nevada,(Rev. 10/10/2008),LASTNAME,1,LASTNAME,Last name,input,True,Doe,[a-zA-Z\s]+,,,,,[],"{""element"": ""input"", ""label"": ""Last name"", ""name"": ""LASTNAME"", ""pattern"": ""[a-zA-Z\\s]+"", ""placeholder"": ""Doe"", ""required"": true, ""tooltip"": null, ""value"": """"}"
NV_2008,Nevada,(Rev. 10/10/2008),FIRSTNAME,1,FIRSTNAME,First & Middle name,input,True,John Michael,[a-zA-Z\s]+,,,,,[],"{""element"": ""input"", ""label"": ""First & Middle name"", ""name"": ""FIRSTNAME"", ""pattern"": ""[a-zA-Z\\s]+"", ""placeholder"": ""John Michael"", ""required"": true, ""tooltip"": null, ""value"": """"}"
NV_2008,Nevada,(Rev. 10/10/2008),ADDRESS,1,ADDRESS,Address,input,True,9833 Babys Breath Ct,,,,9833 Babys Breath Ct,,[],"{""element"": ""input"", ""label"": ""Address"", ""name"": ""ADDRESS"", ""pattern"": null, ""placeholder"": ""9833 Babys Breath Ct"", ""required"": true, ""tooltip"": null, ""value"": ""9833 Babys Breath Ct""}"
NV_2008,Nevada,(Rev. 10/10/2008),CITY,1,CITY,City,input,True,Las Vegas,,,,Las Vegas,,[],"{""element"": ""input"", ""label"": ""City"", ""name"": ""CITY"", ""pattern"": null, ""placeholder"": ""Las Vegas"", ""required"": true, ""tooltip"": null, ""value"": ""Las Vegas""}"
NV_2008,Nevada,(Rev. 10/10/2008),ZIP,1,ZIP,Zip code,input,True,891837132,[0-9]{9},9,9,891837132,,[],"{""element"": ""input"", ""label"": ""Zip code"", ""maxlength"": 9, ""minlength"": 9, ""name"": ""ZIP"", ""pattern"": ""[0-9]{9}"", ""placeholder"": ""891837132"", ""required"": true, ""tooltip"": null, ""value"": ""891837132""}"
NV_2008,Nevada,(Rev. 10/10/2008),CLASS,1,CLASS,DL Class,input,True,C,[A-Z1-9]+,1,4,C,,[],"{""element"": ""input"", ""label"": ""DL Class"", ""maxlength"": 4, ""minlength"": 1, ""name"": ""CLASS"", ""pattern"": ""[A-Z1-9]+"", ""placeholder"": ""C"", ""required"": true, ""tooltip"": null, ""value"": ""C""}"
NV_2008,Nevada,(Rev. 10/10/2008),SEX,1,SEX,Sex,select,False,,,,,,,"[{""value"": ""M"", ""label"": ""M""}, {""value"": ""F"", ""label"": ""F""}]","{""element"": ""select"", ""label"": ""Sex"", ""name"": ""SEX"", ""options"": [{""label"": ""M"", ""value"": ""M""}, {""label"": ""F"", ""value"": ""F""}], ""pattern"": null, ""placeholder"": null, ""required"": false, ""tooltip"": null, ""value"": null}"
NV_2008,Nevada,(Rev. 10/10/2008),DONOR,1,DONOR,Donor,select,False,,,,,,,"[{""value"": ""NO"", ""label"": ""No""}, {""value"": ""YES"", ""label"": ""Yes""}]","{""element"": ""select"", ""label"": ""Donor"", ""name"": ""DONOR"", ""options"": [{""label"": ""No"", ""value"": ""NO""}, {""label"": ""Yes"", ""value"": ""YES""}], ""pattern"": null, ""placeholder"": null, ""required"": false, ""tooltip"": null, ""value"": null}"
NV_2008,Nevada,(Rev. 10/10/2008),DOB,1,DOB,Birth date,input,True,01151970,((((0[13578]|1[02])(0[1-9]|[12][0-9]|3[01]))|((0[469]|11)(0[1-9]|[12][0-9]|30))|(02)(0[1-9]|[1][0-9]|2[0-8]))([0-9]{3}[1-9]|[0-9]{2}[1-9][0-9]{1}|[0-9]{1}[1-9][0-9]{2}|[1-9][0-9]{3}))|(0229(([0-9]{2})(0[48]|[2468][048]|[13579][26])|((0[48]|[2468][048]|[3579][26])00))),8,8,,You need input the date in MMDDYYYY format,[],"{""element"": ""input"", ""label"": ""Birth date"", ""maxlength"": 8, ""minlength"": 8, ""name"": ""DOB"", ""pattern"": ""((((0[13578]|1[02])(0[1-9]|[12][0-9]|3[01]))|((0[469]|11)(0[1-9]|[12][0-9]|30))|(02)(0[1-9]|[1][0-9]|2[0-8]))([0-9]{3}[1-9]|[0-9]{2}[1-9][0-9]{1}|[0-9]{1}[1-9][0-9]{2}|[1-9][0-9]{3}))|(0229(([0-9]{2})(0[48]|[2468][048]|[13579][26])|((0[48]|[2468][048]|[3579][26])00)))"", ""placeholder"": ""01151970"", ""required"": true, ""tooltip"": ""You need input the date in MMDDYYYY format"", ""value"": """"}"
NV_2008,Nevada,(Rev. 10/10/2008),DOI,1,DOI,Issue date,input,True,08262020,((((0[13578]|1[02])(0[1-9]|[12][0-9]|3[01]))|((0[469]|11)(0[1-9]|[12][0-9]|30))|(02)(0[1-9]|[1][0-9]|2[0-8]))([0-9]{3}[1-9]|[0-9]{2}[1-9][0-9]{1}|[0-9]{1}[1-9][0-9]{2}|[1-9][0-9]{3}))|(0229(([0-9]{2})(0[48]|[2468][048]|[13579][26])|((0[48]|[2468][048]|[3579][26])00))),8,8,,You need input the date in MMDDYYYY format,[],"{""element"": ""input"", ""label"": ""Issue date"", ""maxlength"": 8, ""minlength"": 8, ""name"": ""DOI"", ""pattern"": ""((((0[13578]|1[02])(0[1-9]|[12][0-9]|3[01]))|((0[469]|11)(0[1-9]|[12][0-9]|30))|(02)(0[1-9]|[1][0-9]|2[0-8]))([0-9]{3}[1-9]|[0-9]{2}[1-9][0-9]{1}|[0-9]{1}[1-9][0-9]{2}|[1-9][0-9]{3}))|(0229(([0-9]{2})(0[48]|[2468][048]|[13579][26])|((0[48]|[2468][048]|[3579][26])00)))"", ""placeholder"": ""08262020"", ""required"": true, ""tooltip"": ""You need input the date in MMDDYYYY format"", ""value"": """"}"
NV_2008,Nevada,(Rev. 10/10/2008),DOE,1,DOE,Expiry date,input,True,01152028,((((0[13578]|1[02])(0[1-9]|[12][0-9]|3[01]))|((0[469]|11)(0[1-9]|[12][0-9]|30))|(02)(0[1-9]|[1][0-9]|2[0-8]))([0-9]{3}[1-9]|[0-9]{2}[1-9][0-9]{1}|[0-9]{1}[1-9][0-9]{2}|[1-9][0-9]{3}))|(0229(([0-9]{2})(0[48]|[2468][048]|[13579][26])|((0[48]|[2468][048]|[3579][26])00))),8,8,,Same month and day as in birth date. 6 years after the year of issue,[],"{""element"": ""input"", ""label"": ""Expiry date"", ""maxlength"": 8, ""minlength"": 8, ""name"": ""DOE"", ""pattern"": ""((((0[13578]|1[02])(0[1-9]|[12][0-9]|3[01]))|((0[469]|11)(0[1-9]|[12][0-9]|30))|(02)(0[1-9]|[1][0-9]|2[0-8]))([0-9]{3}[1-9]|[0-9]{2}[1-9][0-9]{1}|[0-9]{1}[1-9][0-9]{2}|[1-9][0-9]{3}))|(0229(([0-9]{2})(0[48]|[2468][048]|[13579][26])|((0[48]|[2468][048]|[3579][26])00)))"", ""placeholder"": ""01152028"", ""required"": true, ""tooltip"": ""Same month and day as in birth date. 6 years after the year of issue"", ""value"": """"}"
NV_2008,Nevada,(Rev. 10/10/2008),ICN,1,ICN,ICN,input,True,0015969352901,001[0-9]{8}01,13,13,,'001' + 8 random digits + '01'.You can click on the calculator icon to calculate ICN <b>automatically!</b>,[],"{""element"": ""input"", ""label"": ""ICN"", ""maxlength"": 13, ""minlength"": 13, ""name"": ""ICN"", ""pattern"": ""001[0-9]{8}01"", ""placeholder"": ""0015969352901"", ""required"": true, ""tooltip"": ""'001' + 8 random digits + '01'.You can click on the calculator icon to calculate ICN <b>automatically!</b>"", ""value"": null}"
NV_2008,Nevada,(Rev. 10/10/2008),DD,1,DD,DD,input,True,000144360705221148270,0001[0-9]{17},21,21,,'0001' + 17 random digits. <br> You can click on the calculator icon to calculate DD <b>automatically!</b>,[],"{""element"": ""input"", ""label"": ""DD"", ""maxlength"": 21, ""minlength"": 21, ""name"": ""DD"", ""pattern"": ""0001[0-9]{17}"", ""placeholder"": ""000144360705221148270"", ""required"": true, ""tooltip"": ""'0001' + 17 random digits. <br> You can click on the calculator icon to calculate DD <b>automatically!</b>"", ""value"": null}"
NV_2008,Nevada,(Rev. 10/10/2008),RESTRICTIONS,1,RESTRICTIONS,Restrictions,input,True,NONE,,,,NONE,,[],"{""element"": ""input"", ""label"": ""Restrictions"", ""name"": ""RESTRICTIONS"", ""pattern"": null, ""placeholder"": ""NONE"", ""required"": true, ""tooltip"": null, ""value"": ""NONE""}"
NV_2008,Nevada,(Rev. 10/10/2008),ENDORSEMENT,1,ENDORSEMENT,Endorsement,input,True,NONE,,,,NONE,,[],"{""element"": ""input"", ""label"": ""Endorsement"", ""name"": ""ENDORSEMENT"", ""pattern"": null, ""placeholder"": ""NONE"", ""required"": true, ""tooltip"": null, ""value"": ""NONE""}"
NV_2008,Nevada,(Rev. 10/10/2008),HEIGHT,1,HEIGHT,Height (in.),input,True,69,,,2,69,,[],"{""element"": ""input"", ""label"": ""Height (in.)"", ""maxlength"": 2, ""name"": ""HEIGHT"", ""pattern"": null, ""placeholder"": ""69"", ""required"": true, ""tooltip"": null, ""value"": ""69""}"
NV_2008,Nevada,(Rev. 10/10/2008),WEIGHT,1,WEIGHT,Weight (lb.),input,True,169,,,3,169,,[],"{""element"": ""input"", ""label"": ""Weight (lb.)"", ""maxlength"": 3, ""name"": ""WEIGHT"", ""pattern"": null, ""placeholder"": ""169"", ""required"": true, ""tooltip"": null, ""value"": ""169""}"
NV_2008,Nevada,(Rev. 10/10/2008),EYE,1,EYE,Eye (ANSI D-20),select,True,,,,,,,"[{""value"": """", ""label"": ""== Select ==""}, {""value"": ""BLK"", ""label"": ""BLK (Black)""}, {""value"": ""BLU"", ""label"": ""BLU (Blue)""}, {""value"": ""BRO"", ""label"": ""BRO (Brown)""}, {""value"": ""GRY"", ""label"": ""GRY (Gray)""}, {""value"": ""GRN"", ""label"": ""GRN (Green)""}, {""value"": ""HAZ"", ""label"": ""HAZ (Hazel)""}, {""value"": ""MAR"", ""label"": ""MAR (Maroon)""}, {""value"": ""PNK"", ""label"": ""PNK (Pink)""}, {""value"": ""DIC"", ""label"": ""DIC (Dichromatic)""}, {""value"": ""UNK"", ""label"": ""UNK (Unknown)""}]","{""element"": ""select"", ""label"": ""Eye (ANSI D-20)"", ""name"": ""EYE"", ""options"": [{""label"": ""== Select =="", ""value"": """"}, {""label"": ""BLK (Black)"", ""value"": ""BLK""}, {""label"": ""BLU (Blue)"", ""value"": ""BLU""}, {""label"": ""BRO (Brown)"", ""value"": ""BRO""}, {""label"": ""GRY (Gray)"", ""value"": ""GRY""}, {""label"": ""GRN (Green)"", ""value"": ""GRN""}, {""label"": ""HAZ (Hazel)"", ""value"": ""HAZ""}, {""label"": ""MAR (Maroon)"", ""value"": ""MAR""}, {""label"": ""PNK (Pink)"", ""value"": ""PNK""}, {""label"": ""DIC (Dichromatic)"", ""value"": ""DIC""}, {""label"": ""UNK (Unknown)"", ""value"": ""UNK""}], ""pattern"": null, ""placeholder"": null, ""required"": true, ""tooltip"": null, ""value"": null}"
NV_2008,Nevada,(Rev. 10/10/2008),HAIR,1,HAIR,Hair (ANSI D-20),select,True,,,,,,,"[{""value"": """", ""label"": ""== Select ==""}, {""value"": ""BLACK"", ""label"": ""Black""}, {""value"": ""BLOND"", ""label"": ""Blond""}, {""value"": ""BROWN"", ""label"": ""Brown""}, {""value"": ""GREY"", ""label"": ""GRY""}, {""value"": ""RED"", ""label"": ""Red/Auburn""}, {""value"": ""SANDY"", ""label"": ""Sandy""}, {""value"": ""WHITE"", ""label"": ""White""}, {""value"": ""UNKNOWN"", ""label"": ""Unknown""}, {""value"": ""BALD"", ""label"": ""Bald""}]","{""element"": ""select"", ""label"": ""Hair (ANSI D-20)"", ""name"": ""HAIR"", ""options"": [{""label"": ""== Select =="", ""value"": """"}, {""label"": ""Black"", ""value"": ""BLACK""}, {""label"": ""Blond"", ""value"": ""BLOND""}, {""label"": ""Brown"", ""value"": ""BROWN""}, {""label"": ""GRY"", ""value"": ""GREY""}, {""label"": ""Red/Auburn"", ""value"": ""RED""}, {""label"": ""Sandy"", ""value"": ""SANDY""}, {""label"": ""White"", ""value"": ""WHITE""}, {""label"": ""Unknown"", ""value"": ""UNKNOWN""}, {""label"": ""Bald"", ""value"": ""BALD""}], ""pattern"": null, ""placeholder"": null, ""required"": true, ""tooltip"": null, ""value"": null}"
NV_2008,Nevada,(Rev. 10/10/2008),SUFFIX,1,SUFFIX,Name Suffix,select,False,,,,,,,"[{""value"": """", ""label"": ""NONE""}, {""value"": ""JR"", ""label"": ""JR (Junior)""}, {""value"": ""SR"", ""label"": ""SR (Senior)""}, {""value"": ""I"", ""label"": ""1ST or I (First)""}, {""value"": ""II"", ""label"": ""2ND or II (Second)""}, {""value"": ""III"", ""label"": ""3RD or III (Third)""}, {""value"": ""IV"", ""label"": ""4TH or IV (Fourth)""}, {""value"": ""V"", ""label"": ""5TH or V (Fifth)""}, {""value"": ""VI"", ""label"": ""6TH or VI (Sixth)""}]","{""element"": ""select"", ""label"": ""Name Suffix"", ""name"": ""SUFFIX"", ""options"": [{""label"": ""NONE"", ""value"": """"}, {""label"": ""JR (Junior)"", ""value"": ""JR""}, {""label"": ""SR (Senior)"", ""value"": ""SR""}, {""label"": ""1ST or I (First)"", ""value"": ""I""}, {""label"": ""2ND or II (Second)"", ""value"": ""II""}, {""label"": ""3RD or III (Third)"", ""value"": ""III""}, {""label"": ""4TH or IV (Fourth)"", ""value"": ""IV""}, {""label"": ""5TH or V (Fifth)"", ""value"": ""V""}, {""label"": ""6TH or VI (Sixth)"", ""value"": ""VI""}], ""pattern"": null, ""placeholder"": null, ""required"": false, ""tooltip"": null, ""value"": null}"
NV_2008,Nevada,(Rev. 10/10/2008),ADDRESS2,1,ADDRESS2,Address (2nd line),input,False,,,,,,,[],"{""element"": ""input"", ""label"": ""Address (2nd line)"", ""name"": ""ADDRESS2"", ""pattern"": null, ""placeholder"": """", ""required"": false, ""tooltip"": null, ""value"": """"}"
NV_2021,Nevada,Rev. 05/24/2021 (1000),NUMBER,1,NUMBER,DL Number,input,True,1314295172,[0-9]{10},10,10,,10 random digits and letter. You can click on the calculator icon to calculate number <b>automatically!</b>,[],"{""element"": ""input"", ""label"": ""DL Number"", ""maxlength"": 10, ""minlength"": 10, ""name"": ""NUMBER"", ""pattern"": ""[0-9]{10}"", ""placeholder"": ""1314295172"", ""required"": true, ""tooltip"": ""10 random digits and letter. You can click on the calculator icon to calculate number <b>automatically!</b>"", ""value"": """"}"
NV_2021,Nevada,Rev. 05/24/2021 (1000),LASTNAME,1,LASTNAME,Last name,input,True,Doe,[a-zA-Z\s]+,,,,,[],"{""element"": ""input"", ""label"": ""Last name"", ""name"": ""LASTNAME"", ""pattern"": ""[a-zA-Z\\s]+"", ""placeholder"": ""Doe"", ""required"": true, ""tooltip"": null, ""value"": """"}"
NV_2021,Nevada,Rev. 05/24/2021 (1000),FIRSTNAME,1,FIRSTNAME,First name,input,True,John,[a-zA-Z\s]+,,,,,[],"{""element"": ""input"", ""label"": ""First name"", ""name"": ""FIRSTNAME"", ""pattern"": ""[a-zA-Z\\s]+"", ""placeholder"": ""John"", ""required"": true, ""tooltip"": null, ""value"": """"}"
NV_2021,Nevada,Rev. 05/24/2021 (1000),MIDDLENAME,1,MIDDLENAME,Middle name,input,False,,,,,,This field is optional. You can click on the calculator icon to generate random name. Select gender in the field below to specify name gender.,[],"{""element"": ""input"", ""label"": ""Middle name"", ""name"": ""MIDDLENAME"", ""pattern"": null, ""placeholder"": """", ""required"": false, ""tooltip"": ""This field is optional. You can click on the calculator icon to generate random name. Select gender in the field below to specify name gender."", ""value"": """"}"
NV_2021,Nevada,Rev. 05/24/2021 (1000),ADDRESS,1,ADDRESS,Address,input,True,9833 Babys Breath Ct,,,,9833 Babys Breath Ct,,[],"{""element"": ""input"", ""label"": ""Address"", ""name"": ""ADDRESS"", ""pattern"": null, ""placeholder"": ""9833 Babys Breath Ct"", ""required"": true, ""tooltip"": null, ""value"": ""9833 Babys Breath Ct""}"
NV_2021,Nevada,Rev. 05/24/2021 (1000),CITY,1,CITY,City,input,True,Las Vegas,,,,Las Vegas,,[],"{""element"": ""input"", ""label"": ""City"", ""name"": ""CITY"", ""pattern"": null, ""placeholder"": ""Las Vegas"", ""required"": true, ""tooltip"": null, ""value"": ""Las Vegas""}"
NV_2021,Nevada,Rev. 05/24/2021 (1000),ZIP,1,ZIP,Zip code,input,True,891837132,[0-9]{9},9,9,891837132,,[],"{""element"": ""input"", ""label"": ""Zip code"", ""maxlength"": 9, ""minlength"": 9, ""name"": ""ZIP"", ""pattern"": ""[0-9]{9}"", ""placeholder"": ""891837132"", ""required"": true, ""tooltip"": null, ""value"": ""891837132""}"
NV_2021,Nevada,Rev. 05/24/2021 (1000),CLASS,1,CLASS,DL Class,input,True,C,[A-Z1-9]+,1,4,C,,[],"{""element"": ""input"", ""label"": ""DL Class"", ""maxlength"": 4, ""minlength"": 1, ""name"": ""CLASS"", ""pattern"": ""[A-Z1-9]+"", ""placeholder"": ""C"", ""required"": true, ""tooltip"": null, ""value"": ""C""}"
NV_2021,Nevada,Rev. 05/24/2021 (1000),SEX,1,SEX,Sex,select,False,,,,,,,"[{""value"": ""M"", ""label"": ""M""}, {""value"": ""F"", ""label"": ""F""}]","{""element"": ""select"", ""label"": ""Sex"", ""name"": ""SEX"", ""options"": [{""label"": ""M"", ""value"": ""M""}, {""label"": ""F"", ""value"": ""F""}], ""pattern"": null, ""placeholder"": null, ""required"": false, ""tooltip"": null, ""value"": null}"
NV_2021,Nevada,Rev. 05/24/2021 (1000),DONOR,1,DONOR,Donor,select,False,,,,,,,"[{""value"": ""NO"", ""label"": ""No""}, {""value"": ""YES"", ""label"": ""Yes""}]","{""element"": ""select"", ""label"": ""Donor"", ""name"": ""DONOR"", ""options"": [{""label"": ""No"", ""value"": ""NO""}, {""label"": ""Yes"", ""value"": ""YES""}], ""pattern"": null, ""placeholder"": null, ""required"": false, ""tooltip"": null, ""value"": null}"
NV_2021,Nevada,Rev. 05/24/2021 (1000),DOB,1,DOB,Birth date,input,True,01151970,((((0[13578]|1[02])(0[1-9]|[12][0-9]|3[01]))|((0[469]|11)(0[1-9]|[12][0-9]|30))|(02)(0[1-9]|[1][0-9]|2[0-8]))([0-9]{3}[1-9]|[0-9]{2}[1-9][0-9]{1}|[0-9]{1}[1-9][0-9]{2}|[1-9][0-9]{3}))|(0229(([0-9]{2})(0[48]|[2468][048]|[13579][26])|((0[48]|[2468][048]|[3579][26])00))),8,8,,You need input the date in MMDDYYYY format,[],"{""element"": ""input"", ""label"": ""Birth date"", ""maxlength"": 8, ""minlength"": 8, ""name"": ""DOB"", ""pattern"": ""((((0[13578]|1[02])(0[1-9]|[12][0-9]|3[01]))|((0[469]|11)(0[1-9]|[12][0-9]|30))|(02)(0[1-9]|[1][0-9]|2[0-8]))([0-9]{3}[1-9]|[0-9]{2}[1-9][0-9]{1}|[0-9]{1}[1-9][0-9]{2}|[1-9][0-9]{3}))|(0229(([0-9]{2})(0[48]|[2468][048]|[13579][26])|((0[48]|[2468][048]|[3579][26])00)))"", ""placeholder"": ""01151970"", ""required"": true, ""tooltip"": ""You need input the date in MMDDYYYY format"", ""value"": """"}"
NV_2021,Nevada,Rev. 05/24/2021 (1000),DOI,1,DOI,Issue date,input,True,08262020,((((0[13578]|1[02])(0[1-9]|[12][0-9]|3[01]))|((0[469]|11)(0[1-9]|[12][0-9]|30))|(02)(0[1-9]|[1][0-9]|2[0-8]))([0-9]{3}[1-9]|[0-9]{2}[1-9][0-9]{1}|[0-9]{1}[1-9][0-9]{2}|[1-9][0-9]{3}))|(0229(([0-9]{2})(0[48]|[2468][048]|[13579][26])|((0[48]|[2468][048]|[3579][26])00))),8,8,,You need input the date in MMDDYYYY format,[],"{""element"": ""input"", ""label"": ""Issue date"", ""maxlength"": 8, ""minlength"": 8, ""name"": ""DOI"", ""pattern"": ""((((0[13578]|1[02])(0[1-9]|[12][0-9]|3[01]))|((0[469]|11)(0[1-9]|[12][0-9]|30))|(02)(0[1-9]|[1][0-9]|2[0-8]))([0-9]{3}[1-9]|[0-9]{2}[1-9][0-9]{1}|[0-9]{1}[1-9][0-9]{2}|[1-9][0-9]{3}))|(0229(([0-9]{2})(0[48]|[2468][048]|[13579][26])|((0[48]|[2468][048]|[3579][26])00)))"", ""placeholder"": ""08262020"", ""required"": true, ""tooltip"": ""You need input the date in MMDDYYYY format"", ""value"": """"}"
NV_2021,Nevada,Rev. 05/24/2021 (1000),DOE,1,DOE,Expiry date,input,True,01152028,((((0[13578]|1[02])(0[1-9]|[12][0-9]|3[01]))|((0[469]|11)(0[1-9]|[12][0-9]|30))|(02)(0[1-9]|[1][0-9]|2[0-8]))([0-9]{3}[1-9]|[0-9]{2}[1-9][0-9]{1}|[0-9]{1}[1-9][0-9]{2}|[1-9][0-9]{3}))|(0229(([0-9]{2})(0[48]|[2468][048]|[13579][26])|((0[48]|[2468][048]|[3579][26])00))),8,8,,Same month and day as in birth date. 6 years after the year of issue,[],"{""element"": ""input"", ""label"": ""Expiry date"", ""maxlength"": 8, ""minlength"": 8, ""name"": ""DOE"", ""pattern"": ""((((0[13578]|1[02])(0[1-9]|[12][0-9]|3[01]))|((0[469]|11)(0[1-9]|[12][0-9]|30))|(02)(0[1-9]|[1][0-9]|2[0-8]))([0-9]{3}[1-9]|[0-9]{2}[1-9][0-9]{1}|[0-9]{1}[1-9][0-9]{2}|[1-9][0-9]{3}))|(0229(([0-9]{2})(0[48]|[2468][048]|[13579][26])|((0[48]|[2468][048]|[3579][26])00)))"", ""placeholder"": ""01152028"", ""required"": true, ""tooltip"": ""Same month and day as in birth date. 6 years after the year of issue"", ""value"": """"}"
NV_2021,Nevada,Rev. 05/24/2021 (1000),ICN,1,ICN,ICN,input,True,0015969352901,001[0-9]{8}01,13,13,,'001' + 8 random digits + '01'.You can click on the calculator icon to calculate ICN <b>automatically!</b>,[],"{""element"": ""input"", ""label"": ""ICN"", ""maxlength"": 13, ""minlength"": 13, ""name"": ""ICN"", ""pattern"": ""001[0-9]{8}01"", ""placeholder"": ""0015969352901"", ""required"": true, ""tooltip"": ""'001' + 8 random digits + '01'.You can click on the calculator icon to calculate ICN <b>automatically!</b>"", ""value"": null}"
NV_2021,Nevada,Rev. 05/24/2021 (1000),DD,1,DD,DD,input,True,000144360705221148270,0001[0-9]{17},21,21,,'0001' + 17 random digits. <br> You can click on the calculator icon to calculate DD <b>automatically!</b>,[],"{""element"": ""input"", ""label"": ""DD"", ""maxlength"": 21, ""minlength"": 21, ""name"": ""DD"", ""pattern"": ""0001[0-9]{17}"", ""placeholder"": ""000144360705221148270"", ""required"": true, ""tooltip"": ""'0001' + 17 random digits. <br> You can click on the calculator icon to calculate DD <b>automatically!</b>"", ""value"": null}"
NV_2021,Nevada,Rev. 05/24/2021 (1000),RESTRICTIONS,1,RESTRICTIONS,Restrictions,input,True,NONE,,,,NONE,,[],"{""element"": ""input"", ""label"": ""Restrictions"", ""name"": ""RESTRICTIONS"", ""pattern"": null, ""placeholder"": ""NONE"", ""required"": true, ""tooltip"": null, ""value"": ""NONE""}"
NV_2021,Nevada,Rev. 05/24/2021 (1000),ENDORSEMENT,1,ENDORSEMENT,Endorsement,input,True,NONE,,,,NONE,,[],"{""element"": ""input"", ""label"": ""Endorsement"", ""name"": ""ENDORSEMENT"", ""pattern"": null, ""placeholder"": ""NONE"", ""required"": true, ""tooltip"": null, ""value"": ""NONE""}"
NV_2021,Nevada,Rev. 05/24/2021 (1000),HEIGHT,1,HEIGHT,Height (in.),input,True,69,,,2,69,,[],"{""element"": ""input"", ""label"": ""Height (in.)"", ""maxlength"": 2, ""name"": ""HEIGHT"", ""pattern"": null, ""placeholder"": ""69"", ""required"": true, ""tooltip"": null, ""value"": ""69""}"
NV_2021,Nevada,Rev. 05/24/2021 (1000),WEIGHT,1,WEIGHT,Weight (lb.),input,True,169,,,3,169,,[],"{""element"": ""input"", ""label"": ""Weight (lb.)"", ""maxlength"": 3, ""name"": ""WEIGHT"", ""pattern"": null, ""placeholder"": ""169"", ""required"": true, ""tooltip"": null, ""value"": ""169""}"
NV_2021,Nevada,Rev. 05/24/2021 (1000),EYE,1,EYE,Eye (ANSI D-20),select,True,,,,,,,"[{""value"": """", ""label"": ""== Select ==""}, {""value"": ""BLK"", ""label"": ""BLK (Black)""}, {""value"": ""BLU"", ""label"": ""BLU (Blue)""}, {""value"": ""BRO"", ""label"": ""BRO (Brown)""}, {""value"": ""GRY"", ""label"": ""GRY (Gray)""}, {""value"": ""GRN"", ""label"": ""GRN (Green)""}, {""value"": ""HAZ"", ""label"": ""HAZ (Hazel)""}, {""value"": ""MAR"", ""label"": ""MAR (Maroon)""}, {""value"": ""PNK"", ""label"": ""PNK (Pink)""}, {""value"": ""DIC"", ""label"": ""DIC (Dichromatic)""}, {""value"": ""UNK"", ""label"": ""UNK (Unknown)""}]","{""element"": ""select"", ""label"": ""Eye (ANSI D-20)"", ""name"": ""EYE"", ""options"": [{""label"": ""== Select =="", ""value"": """"}, {""label"": ""BLK (Black)"", ""value"": ""BLK""}, {""label"": ""BLU (Blue)"", ""value"": ""BLU""}, {""label"": ""BRO (Brown)"", ""value"": ""BRO""}, {""label"": ""GRY (Gray)"", ""value"": ""GRY""}, {""label"": ""GRN (Green)"", ""value"": ""GRN""}, {""label"": ""HAZ (Hazel)"", ""value"": ""HAZ""}, {""label"": ""MAR (Maroon)"", ""value"": ""MAR""}, {""label"": ""PNK (Pink)"", ""value"": ""PNK""}, {""label"": ""DIC (Dichromatic)"", ""value"": ""DIC""}, {""label"": ""UNK (Unknown)"", ""value"": ""UNK""}], ""pattern"": null, ""placeholder"": null, ""required"": true, ""tooltip"": null, ""value"": null}"
NV_2021,Nevada,Rev. 05/24/2021 (1000),HAIR,1,HAIR,Hair (ANSI D-20),select,True,,,,,,,"[{""value"": """", ""label"": ""== Select ==""}, {""value"": ""BLK"", ""label"": ""BLK (Black)""}, {""value"": ""BLN"", ""label"": ""BLN (Blond)""}, {""value"": ""BRO"", ""label"": ""BRO (Brown)""}, {""value"": ""GRY"", ""label"": ""GRY (Grey)""}, {""value"": ""RED"", ""label"": ""RED (Red/Auburn)""}, {""value"": ""SDY"", ""label"": ""SDY (Sandy)""}, {""value"": ""WHI"", ""label"": ""WHI (White)""}, {""value"": ""UNK"", ""label"": ""UNK (Unknown)""}, {""value"": ""BAL"", ""label"": ""BAL (Bald)""}]","{""element"": ""select"", ""label"": ""Hair (ANSI D-20)"", ""name"": ""HAIR"", ""options"": [{""label"": ""== Select =="", ""value"": """"}, {""label"": ""BLK (Black)"", ""value"": ""BLK""}, {""label"": ""BLN (Blond)"", ""value"": ""BLN""}, {""label"": ""BRO (Brown)"", ""value"": ""BRO""}, {""label"": ""GRY (Grey)"", ""value"": ""GRY""}, {""label"": ""RED (Red/Auburn)"", ""value"": ""RED""}, {""label"": ""SDY (Sandy)"", ""value"": ""SDY""}, {""label"": ""WHI (White)"", ""value"": ""WHI""}, {""label"": ""UNK (Unknown)"", ""value"": ""UNK""}, {""label"": ""BAL (Bald)"", ""value"": ""BAL""}], ""pattern"": null, ""placeholder"": null, ""required"": true, ""tooltip"": null, ""value"": null}"
NH,New Hampshire,Rev. 06/09/2016 (0801),NUMBER,1,NUMBER,DL Number,input,True,NHL10501102,NH[LN][0-9]{8},11,11,,'NHL' + 8 random digits. You can click on the calculator icon to calculate number <b>automatically!</b>,[],"{""element"": ""input"", ""label"": ""DL Number"", ""maxlength"": 11, ""minlength"": 11, ""name"": ""NUMBER"", ""pattern"": ""NH[LN][0-9]{8}"", ""placeholder"": ""NHL10501102"", ""required"": true, ""tooltip"": ""'NHL' + 8 random digits. You can click on the calculator icon to calculate number <b>automatically!</b>"", ""value"": """"}"
NH,New Hampshire,Rev. 06/09/2016 (0801),FIRSTNAME,1,FIRSTNAME,First name,input,True,John,[a-zA-Z\s]+,,,,,[],"{""element"": ""input"", ""label"": ""First name"", ""name"": ""FIRSTNAME"", ""pattern"": ""[a-zA-Z\\s]+"", ""placeholder"": ""John"", ""required"": true, ""tooltip"": null, ""value"": """"}"
NH,New Hampshire,Rev. 06/09/2016 (0801),LASTNAME,1,LASTNAME,Last name,input,True,Doe,[a-zA-Z\s]+,,,,,[],"{""element"": ""input"", ""label"": ""Last name"", ""name"": ""LASTNAME"", ""pattern"": ""[a-zA-Z\\s]+"", ""placeholder"": ""Doe"", ""required"": true, ""tooltip"": null, ""value"": """"}"
NH,New Hampshire,Rev. 06/09/2016 (0801),MIDDLENAME,1,MIDDLENAME,Middle name,input,False,,,,,,This field is optional. You can click on the calculator icon to generate random name. Select gender in the field below to specify name gender.,[],"{""element"": ""input"", ""label"": ""Middle name"", ""name"": ""MIDDLENAME"", ""pattern"": null, ""placeholder"": """", ""required"": false, ""tooltip"": ""This field is optional. You can click on the calculator icon to generate random name. Select gender in the field below to specify name gender."", ""value"": """"}"
NH,New Hampshire,Rev. 06/09/2016 (0801),ADDRESS,1,ADDRESS,Address,input,True,102 Center Rd,,,,102 Center Rd,,[],"{""element"": ""input"", ""label"": ""Address"", ""name"": ""ADDRESS"", ""pattern"": null, ""placeholder"": ""102 Center Rd"", ""required"": true, ""tooltip"": null, ""value"": ""102 Center Rd""}"
NH,New Hampshire,Rev. 06/09/2016 (0801),CITY,1,CITY,City,input,True,Weare,,,,Weare,,[],"{""element"": ""input"", ""label"": ""City"", ""name"": ""CITY"", ""pattern"": null, ""placeholder"": ""Weare"", ""required"": true, ""tooltip"": null, ""value"": ""Weare""}"
NH,New Hampshire,Rev. 06/09/2016 (0801),ZIP,1,ZIP,Zip code,input,True,032814605,[0-9]{9},9,9,032814605,,[],"{""element"": ""input"", ""label"": ""Zip code"", ""maxlength"": 9, ""minlength"": 9, ""name"": ""ZIP"", ""pattern"": ""[0-9]{9}"", ""placeholder"": ""032814605"", ""required"": true, ""tooltip"": null, ""value"": ""032814605""}"
NH,New Hampshire,Rev. 06/09/2016 (0801),CLASS,1,CLASS,DL Class,input,True,D,[A-Z1-9]+,1,4,D,,[],"{""element"": ""input"", ""label"": ""DL Class"", ""maxlength"": 4, ""minlength"": 1, ""name"": ""CLASS"", ""pattern"": ""[A-Z1-9]+"", ""placeholder"": ""D"", ""required"": true, ""tooltip"": null, ""value"": ""D""}"
NH,New Hampshire,Rev. 06/09/2016 (0801),SEX,1,SEX,Sex,select,False,,,,,,,"[{""value"": ""M"", ""label"": ""M""}, {""value"": ""F"", ""label"": ""F""}]","{""element"": ""select"", ""label"": ""Sex"", ""name"": ""SEX"", ""options"": [{""label"": ""M"", ""value"": ""M""}, {""label"": ""F"", ""value"": ""F""}], ""pattern"": null, ""placeholder"": null, ""required"": false, ""tooltip"": null, ""value"": null}"
NH,New Hampshire,Rev. 06/09/2016 (0801),DONOR,1,DONOR,Donor,select,False,,,,,,,"[{""value"": ""NO"", ""label"": ""No""}, {""value"": ""YES"", ""label"": ""Yes""}]","{""element"": ""select"", ""label"": ""Donor"", ""name"": ""DONOR"", ""options"": [{""label"": ""No"", ""value"": ""NO""}, {""label"": ""Yes"", ""value"": ""YES""}], ""pattern"": null, ""placeholder"": null, ""required"": false, ""tooltip"": null, ""value"": null}"
NH,New Hampshire,Rev. 06/09/2016 (0801),DOB,1,DOB,Birth date,input,True,01151970,((((0[13578]|1[02])(0[1-9]|[12][0-9]|3[01]))|((0[469]|11)(0[1-9]|[12][0-9]|30))|(02)(0[1-9]|[1][0-9]|2[0-8]))([0-9]{3}[1-9]|[0-9]{2}[1-9][0-9]{1}|[0-9]{1}[1-9][0-9]{2}|[1-9][0-9]{3}))|(0229(([0-9]{2})(0[48]|[2468][048]|[13579][26])|((0[48]|[2468][048]|[3579][26])00))),8,8,,You need input the date in MMDDYYYY format,[],"{""element"": ""input"", ""label"": ""Birth date"", ""maxlength"": 8, ""minlength"": 8, ""name"": ""DOB"", ""pattern"": ""((((0[13578]|1[02])(0[1-9]|[12][0-9]|3[01]))|((0[469]|11)(0[1-9]|[12][0-9]|30))|(02)(0[1-9]|[1][0-9]|2[0-8]))([0-9]{3}[1-9]|[0-9]{2}[1-9][0-9]{1}|[0-9]{1}[1-9][0-9]{2}|[1-9][0-9]{3}))|(0229(([0-9]{2})(0[48]|[2468][048]|[13579][26])|((0[48]|[2468][048]|[3579][26])00)))"", ""placeholder"": ""01151970"", ""required"": true, ""tooltip"": ""You need input the date in MMDDYYYY format"", ""value"": """"}"
NH,New Hampshire,Rev. 06/09/2016 (0801),DOI,1,DOI,Issue date,input,True,08262020,((((0[13578]|1[02])(0[1-9]|[12][0-9]|3[01]))|((0[469]|11)(0[1-9]|[12][0-9]|30))|(02)(0[1-9]|[1][0-9]|2[0-8]))([0-9]{3}[1-9]|[0-9]{2}[1-9][0-9]{1}|[0-9]{1}[1-9][0-9]{2}|[1-9][0-9]{3}))|(0229(([0-9]{2})(0[48]|[2468][048]|[13579][26])|((0[48]|[2468][048]|[3579][26])00))),8,8,,You need input the date in MMDDYYYY format,[],"{""element"": ""input"", ""label"": ""Issue date"", ""maxlength"": 8, ""minlength"": 8, ""name"": ""DOI"", ""pattern"": ""((((0[13578]|1[02])(0[1-9]|[12][0-9]|3[01]))|((0[469]|11)(0[1-9]|[12][0-9]|30))|(02)(0[1-9]|[1][0-9]|2[0-8]))([0-9]{3}[1-9]|[0-9]{2}[1-9][0-9]{1}|[0-9]{1}[1-9][0-9]{2}|[1-9][0-9]{3}))|(0229(([0-9]{2})(0[48]|[2468][048]|[13579][26])|((0[48]|[2468][048]|[3579][26])00)))"", ""placeholder"": ""08262020"", ""required"": true, ""tooltip"": ""You need input the date in MMDDYYYY format"", ""value"": """"}"
NH,New Hampshire,Rev. 06/09/2016 (0801),DOE,1,DOE,Expiry date,input,True,01152025,((((0[13578]|1[02])(0[1-9]|[12][0-9]|3[01]))|((0[469]|11)(0[1-9]|[12][0-9]|30))|(02)(0[1-9]|[1][0-9]|2[0-8]))([0-9]{3}[1-9]|[0-9]{2}[1-9][0-9]{1}|[0-9]{1}[1-9][0-9]{2}|[1-9][0-9]{3}))|(0229(([0-9]{2})(0[48]|[2468][048]|[13579][26])|((0[48]|[2468][048]|[3579][26])00))),8,8,,Same month and day as in birth date. 5 years after the year of issue,[],"{""element"": ""input"", ""label"": ""Expiry date"", ""maxlength"": 8, ""minlength"": 8, ""name"": ""DOE"", ""pattern"": ""((((0[13578]|1[02])(0[1-9]|[12][0-9]|3[01]))|((0[469]|11)(0[1-9]|[12][0-9]|30))|(02)(0[1-9]|[1][0-9]|2[0-8]))([0-9]{3}[1-9]|[0-9]{2}[1-9][0-9]{1}|[0-9]{1}[1-9][0-9]{2}|[1-9][0-9]{3}))|(0229(([0-9]{2})(0[48]|[2468][048]|[13579][26])|((0[48]|[2468][048]|[3579][26])00)))"", ""placeholder"": ""01152025"", ""required"": true, ""tooltip"": ""Same month and day as in birth date. 5 years after the year of issue"", ""value"": """"}"
NH,New Hampshire,Rev. 06/09/2016 (0801),ICN,1,ICN,ICN,input,True,08494818,0[0-9]{7},8,8,,You can click on the calculator icon to calculate ICN <b>automatically!</b>,[],"{""element"": ""input"", ""label"": ""ICN"", ""maxlength"": 8, ""minlength"": 8, ""name"": ""ICN"", ""pattern"": ""0[0-9]{7}"", ""placeholder"": ""08494818"", ""required"": true, ""tooltip"": ""You can click on the calculator icon to calculate ICN <b>automatically!</b>"", ""value"": null}"
NH,New Hampshire,Rev. 06/09/2016 (0801),DD,1,DD,DD,input,True,08494818,0[0-9]{7},8,8,,You can click on the calculator icon to calculate DD <b>automatically!</b>,[],"{""element"": ""input"", ""label"": ""DD"", ""maxlength"": 8, ""minlength"": 8, ""name"": ""DD"", ""pattern"": ""0[0-9]{7}"", ""placeholder"": ""08494818"", ""required"": true, ""tooltip"": ""You can click on the calculator icon to calculate DD <b>automatically!</b>"", ""value"": null}"
NH,New Hampshire,Rev. 06/09/2016 (0801),RESTRICTIONS,1,RESTRICTIONS,Restrictions,input,True,NONE,,,,NONE,,[],"{""element"": ""input"", ""label"": ""Restrictions"", ""name"": ""RESTRICTIONS"", ""pattern"": null, ""placeholder"": ""NONE"", ""required"": true, ""tooltip"": null, ""value"": ""NONE""}"
NH,New Hampshire,Rev. 06/09/2016 (0801),ENDORSEMENT,1,ENDORSEMENT,Endorsement,input,True,NONE,,,,NONE,,[],"{""element"": ""input"", ""label"": ""Endorsement"", ""name"": ""ENDORSEMENT"", ""pattern"": null, ""placeholder"": ""NONE"", ""required"": true, ""tooltip"": null, ""value"": ""NONE""}"
NH,New Hampshire,Rev. 06/09/2016 (0801),HEIGHT,1,HEIGHT,Height (in.),input,True,69,,,2,69,,[],"{""element"": ""input"", ""label"": ""Height (in.)"", ""maxlength"": 2, ""name"": ""HEIGHT"", ""pattern"": null, ""placeholder"": ""69"", ""required"": true, ""tooltip"": null, ""value"": ""69""}"
NH,New Hampshire,Rev. 06/09/2016 (0801),EYE,1,EYE,Eye (ANSI D-20),select,True,,,,,,,"[{""value"": """", ""label"": ""== Select ==""}, {""value"": ""BLK"", ""label"": ""BLK (Black)""}, {""value"": ""BLU"", ""label"": ""BLU (Blue)""}, {""value"": ""BRO"", ""label"": ""BRO (Brown)""}, {""value"": ""GRY"", ""label"": ""GRY (Gray)""}, {""value"": ""GRN"", ""label"": ""GRN (Green)""}, {""value"": ""HAZ"", ""label"": ""HAZ (Hazel)""}, {""value"": ""MAR"", ""label"": ""MAR (Maroon)""}, {""value"": ""PNK"", ""label"": ""PNK (Pink)""}, {""value"": ""DIC"", ""label"": ""DIC (Dichromatic)""}, {""value"": ""UNK"", ""label"": ""UNK (Unknown)""}]","{""element"": ""select"", ""label"": ""Eye (ANSI D-20)"", ""name"": ""EYE"", ""options"": [{""label"": ""== Select =="", ""value"": """"}, {""label"": ""BLK (Black)"", ""value"": ""BLK""}, {""label"": ""BLU (Blue)"", ""value"": ""BLU""}, {""label"": ""BRO (Brown)"", ""value"": ""BRO""}, {""label"": ""GRY (Gray)"", ""value"": ""GRY""}, {""label"": ""GRN (Green)"", ""value"": ""GRN""}, {""label"": ""HAZ (Hazel)"", ""value"": ""HAZ""}, {""label"": ""MAR (Maroon)"", ""value"": ""MAR""}, {""label"": ""PNK (Pink)"", ""value"": ""PNK""}, {""label"": ""DIC (Dichromatic)"", ""value"": ""DIC""}, {""label"": ""UNK (Unknown)"", ""value"": ""UNK""}], ""pattern"": null, ""placeholder"": null, ""required"": true, ""tooltip"": null, ""value"": null}"
NH,New Hampshire,Rev. 06/09/2016 (0801),ADDRESS2,1,ADDRESS2,Address (2nd line),input,True,NONE,,,,NONE,,[],"{""element"": ""input"", ""label"": ""Address (2nd line)"", ""name"": ""ADDRESS2"", ""pattern"": null, ""placeholder"": ""NONE"", ""required"": true, ""tooltip"": null, ""value"": ""NONE""}"
NH,New Hampshire,Rev. 06/09/2016 (0801),REALID,1,REALID,Is REAL ID,select,False,,,,,,"New Hampshire started issuing REAL ID compliant cards on 01/03/2017. If the card issue date is before this date, do not select REAL ID compliant.","[{""value"": ""F"", ""label"": ""Yes""}, {""value"": ""N"", ""label"": ""No""}]","{""element"": ""select"", ""label"": ""Is REAL ID"", ""name"": ""REALID"", ""options"": [{""label"": ""Yes"", ""value"": ""F""}, {""label"": ""No"", ""value"": ""N""}], ""pattern"": null, ""placeholder"": null, ""required"": false, ""tooltip"": ""New Hampshire started issuing REAL ID compliant cards on 01/03/2017. If the card issue date is before this date, do not select REAL ID compliant."", ""value"": null}"
NH_2024,New Hampshire,Rev. 08/30/2024 (1000),NUMBER,1,NUMBER,DL Number,input,True,NHL10501102,NH[LN][0-9]{8},11,11,,'NHL' + 8 random digits. You can click on the calculator icon to calculate number <b>automatically!</b>,[],"{""element"": ""input"", ""label"": ""DL Number"", ""maxlength"": 11, ""minlength"": 11, ""name"": ""NUMBER"", ""pattern"": ""NH[LN][0-9]{8}"", ""placeholder"": ""NHL10501102"", ""required"": true, ""tooltip"": ""'NHL' + 8 random digits. You can click on the calculator icon to calculate number <b>automatically!</b>"", ""value"": """"}"
NH_2024,New Hampshire,Rev. 08/30/2024 (1000),FIRSTNAME,1,FIRSTNAME,First name,input,True,John,[a-zA-Z\s]+,,,,,[],"{""element"": ""input"", ""label"": ""First name"", ""name"": ""FIRSTNAME"", ""pattern"": ""[a-zA-Z\\s]+"", ""placeholder"": ""John"", ""required"": true, ""tooltip"": null, ""value"": """"}"
NH_2024,New Hampshire,Rev. 08/30/2024 (1000),LASTNAME,1,LASTNAME,Last name,input,True,Doe,[a-zA-Z\s]+,,,,,[],"{""element"": ""input"", ""label"": ""Last name"", ""name"": ""LASTNAME"", ""pattern"": ""[a-zA-Z\\s]+"", ""placeholder"": ""Doe"", ""required"": true, ""tooltip"": null, ""value"": """"}"
NH_2024,New Hampshire,Rev. 08/30/2024 (1000),MIDDLENAME,1,MIDDLENAME,Middle name,input,False,,,,,,This field is optional. You can click on the calculator icon to generate random name. Select gender in the field below to specify name gender.,[],"{""element"": ""input"", ""label"": ""Middle name"", ""name"": ""MIDDLENAME"", ""pattern"": null, ""placeholder"": """", ""required"": false, ""tooltip"": ""This field is optional. You can click on the calculator icon to generate random name. Select gender in the field below to specify name gender."", ""value"": """"}"
NH_2024,New Hampshire,Rev. 08/30/2024 (1000),ADDRESS,1,ADDRESS,Address,input,True,102 Center Rd,,,,102 Center Rd,,[],"{""element"": ""input"", ""label"": ""Address"", ""name"": ""ADDRESS"", ""pattern"": null, ""placeholder"": ""102 Center Rd"", ""required"": true, ""tooltip"": null, ""value"": ""102 Center Rd""}"
NH_2024,New Hampshire,Rev. 08/30/2024 (1000),CITY,1,CITY,City,input,True,Weare,,,,Weare,,[],"{""element"": ""input"", ""label"": ""City"", ""name"": ""CITY"", ""pattern"": null, ""placeholder"": ""Weare"", ""required"": true, ""tooltip"": null, ""value"": ""Weare""}"
NH_2024,New Hampshire,Rev. 08/30/2024 (1000),ZIP,1,ZIP,Zip code,input,True,032814605,[0-9]{9},9,9,032814605,,[],"{""element"": ""input"", ""label"": ""Zip code"", ""maxlength"": 9, ""minlength"": 9, ""name"": ""ZIP"", ""pattern"": ""[0-9]{9}"", ""placeholder"": ""032814605"", ""required"": true, ""tooltip"": null, ""value"": ""032814605""}"
NH_2024,New Hampshire,Rev. 08/30/2024 (1000),CLASS,1,CLASS,DL Class,input,True,D,[A-Z1-9]+,1,4,D,,[],"{""element"": ""input"", ""label"": ""DL Class"", ""maxlength"": 4, ""minlength"": 1, ""name"": ""CLASS"", ""pattern"": ""[A-Z1-9]+"", ""placeholder"": ""D"", ""required"": true, ""tooltip"": null, ""value"": ""D""}"
NH_2024,New Hampshire,Rev. 08/30/2024 (1000),SEX,1,SEX,Sex,select,False,,,,,,,"[{""value"": ""M"", ""label"": ""M""}, {""value"": ""F"", ""label"": ""F""}]","{""element"": ""select"", ""label"": ""Sex"", ""name"": ""SEX"", ""options"": [{""label"": ""M"", ""value"": ""M""}, {""label"": ""F"", ""value"": ""F""}], ""pattern"": null, ""placeholder"": null, ""required"": false, ""tooltip"": null, ""value"": null}"
NH_2024,New Hampshire,Rev. 08/30/2024 (1000),DONOR,1,DONOR,Donor,select,False,,,,,,,"[{""value"": ""NO"", ""label"": ""No""}, {""value"": ""YES"", ""label"": ""Yes""}]","{""element"": ""select"", ""label"": ""Donor"", ""name"": ""DONOR"", ""options"": [{""label"": ""No"", ""value"": ""NO""}, {""label"": ""Yes"", ""value"": ""YES""}], ""pattern"": null, ""placeholder"": null, ""required"": false, ""tooltip"": null, ""value"": null}"
NH_2024,New Hampshire,Rev. 08/30/2024 (1000),DOB,1,DOB,Birth date,input,True,01151970,((((0[13578]|1[02])(0[1-9]|[12][0-9]|3[01]))|((0[469]|11)(0[1-9]|[12][0-9]|30))|(02)(0[1-9]|[1][0-9]|2[0-8]))([0-9]{3}[1-9]|[0-9]{2}[1-9][0-9]{1}|[0-9]{1}[1-9][0-9]{2}|[1-9][0-9]{3}))|(0229(([0-9]{2})(0[48]|[2468][048]|[13579][26])|((0[48]|[2468][048]|[3579][26])00))),8,8,,You need input the date in MMDDYYYY format,[],"{""element"": ""input"", ""label"": ""Birth date"", ""maxlength"": 8, ""minlength"": 8, ""name"": ""DOB"", ""pattern"": ""((((0[13578]|1[02])(0[1-9]|[12][0-9]|3[01]))|((0[469]|11)(0[1-9]|[12][0-9]|30))|(02)(0[1-9]|[1][0-9]|2[0-8]))([0-9]{3}[1-9]|[0-9]{2}[1-9][0-9]{1}|[0-9]{1}[1-9][0-9]{2}|[1-9][0-9]{3}))|(0229(([0-9]{2})(0[48]|[2468][048]|[13579][26])|((0[48]|[2468][048]|[3579][26])00)))"", ""placeholder"": ""01151970"", ""required"": true, ""tooltip"": ""You need input the date in MMDDYYYY format"", ""value"": """"}"
NH_2024,New Hampshire,Rev. 08/30/2024 (1000),DOI,1,DOI,Issue date,input,True,08262024,((((0[13578]|1[02])(0[1-9]|[12][0-9]|3[01]))|((0[469]|11)(0[1-9]|[12][0-9]|30))|(02)(0[1-9]|[1][0-9]|2[0-8]))([0-9]{3}[1-9]|[0-9]{2}[1-9][0-9]{1}|[0-9]{1}[1-9][0-9]{2}|[1-9][0-9]{3}))|(0229(([0-9]{2})(0[48]|[2468][048]|[13579][26])|((0[48]|[2468][048]|[3579][26])00))),8,8,,You need input the date in MMDDYYYY format,[],"{""element"": ""input"", ""label"": ""Issue date"", ""maxlength"": 8, ""minlength"": 8, ""name"": ""DOI"", ""pattern"": ""((((0[13578]|1[02])(0[1-9]|[12][0-9]|3[01]))|((0[469]|11)(0[1-9]|[12][0-9]|30))|(02)(0[1-9]|[1][0-9]|2[0-8]))([0-9]{3}[1-9]|[0-9]{2}[1-9][0-9]{1}|[0-9]{1}[1-9][0-9]{2}|[1-9][0-9]{3}))|(0229(([0-9]{2})(0[48]|[2468][048]|[13579][26])|((0[48]|[2468][048]|[3579][26])00)))"", ""placeholder"": ""08262024"", ""required"": true, ""tooltip"": ""You need input the date in MMDDYYYY format"", ""value"": """"}"
NH_2024,New Hampshire,Rev. 08/30/2024 (1000),DOE,1,DOE,Expiry date,input,True,01152029,((((0[13578]|1[02])(0[1-9]|[12][0-9]|3[01]))|((0[469]|11)(0[1-9]|[12][0-9]|30))|(02)(0[1-9]|[1][0-9]|2[0-8]))([0-9]{3}[1-9]|[0-9]{2}[1-9][0-9]{1}|[0-9]{1}[1-9][0-9]{2}|[1-9][0-9]{3}))|(0229(([0-9]{2})(0[48]|[2468][048]|[13579][26])|((0[48]|[2468][048]|[3579][26])00))),8,8,,Same month and day as in birth date. 5 years after the year of issue,[],"{""element"": ""input"", ""label"": ""Expiry date"", ""maxlength"": 8, ""minlength"": 8, ""name"": ""DOE"", ""pattern"": ""((((0[13578]|1[02])(0[1-9]|[12][0-9]|3[01]))|((0[469]|11)(0[1-9]|[12][0-9]|30))|(02)(0[1-9]|[1][0-9]|2[0-8]))([0-9]{3}[1-9]|[0-9]{2}[1-9][0-9]{1}|[0-9]{1}[1-9][0-9]{2}|[1-9][0-9]{3}))|(0229(([0-9]{2})(0[48]|[2468][048]|[13579][26])|((0[48]|[2468][048]|[3579][26])00)))"", ""placeholder"": ""01152029"", ""required"": true, ""tooltip"": ""Same month and day as in birth date. 5 years after the year of issue"", ""value"": """"}"
NH_2024,New Hampshire,Rev. 08/30/2024 (1000),ICN,1,ICN,ICN,input,True,08494818,0[0-9]{7},8,8,,You can click on the calculator icon to calculate ICN <b>automatically!</b>,[],"{""element"": ""input"", ""label"": ""ICN"", ""maxlength"": 8, ""minlength"": 8, ""name"": ""ICN"", ""pattern"": ""0[0-9]{7}"", ""placeholder"": ""08494818"", ""required"": true, ""tooltip"": ""You can click on the calculator icon to calculate ICN <b>automatically!</b>"", ""value"": null}"
NH_2024,New Hampshire,Rev. 08/30/2024 (1000),DD,1,DD,DD,input,True,08494818,0[0-9]{7},8,8,,You can click on the calculator icon to calculate DD <b>automatically!</b>,[],"{""element"": ""input"", ""label"": ""DD"", ""maxlength"": 8, ""minlength"": 8, ""name"": ""DD"", ""pattern"": ""0[0-9]{7}"", ""placeholder"": ""08494818"", ""required"": true, ""tooltip"": ""You can click on the calculator icon to calculate DD <b>automatically!</b>"", ""value"": null}"
NH_2024,New Hampshire,Rev. 08/30/2024 (1000),RESTRICTIONS,1,RESTRICTIONS,Restrictions,input,True,NONE,,,,NONE,,[],"{""element"": ""input"", ""label"": ""Restrictions"", ""name"": ""RESTRICTIONS"", ""pattern"": null, ""placeholder"": ""NONE"", ""required"": true, ""tooltip"": null, ""value"": ""NONE""}"
NH_2024,New Hampshire,Rev. 08/30/2024 (1000),ENDORSEMENT,1,ENDORSEMENT,Endorsement,input,True,NONE,,,,NONE,,[],"{""element"": ""input"", ""label"": ""Endorsement"", ""name"": ""ENDORSEMENT"", ""pattern"": null, ""placeholder"": ""NONE"", ""required"": true, ""tooltip"": null, ""value"": ""NONE""}"
NH_2024,New Hampshire,Rev. 08/30/2024 (1000),HEIGHT,1,HEIGHT,Height (in.),input,True,69,,,2,69,,[],"{""element"": ""input"", ""label"": ""Height (in.)"", ""maxlength"": 2, ""name"": ""HEIGHT"", ""pattern"": null, ""placeholder"": ""69"", ""required"": true, ""tooltip"": null, ""value"": ""69""}"
NH_2024,New Hampshire,Rev. 08/30/2024 (1000),EYE,1,EYE,Eye (ANSI D-20),select,True,,,,,,,"[{""value"": """", ""label"": ""== Select ==""}, {""value"": ""BLK"", ""label"": ""BLK (Black)""}, {""value"": ""BLU"", ""label"": ""BLU (Blue)""}, {""value"": ""BRO"", ""label"": ""BRO (Brown)""}, {""value"": ""GRY"", ""label"": ""GRY (Gray)""}, {""value"": ""GRN"", ""label"": ""GRN (Green)""}, {""value"": ""HAZ"", ""label"": ""HAZ (Hazel)""}, {""value"": ""MAR"", ""label"": ""MAR (Maroon)""}, {""value"": ""PNK"", ""label"": ""PNK (Pink)""}, {""value"": ""DIC"", ""label"": ""DIC (Dichromatic)""}, {""value"": ""UNK"", ""label"": ""UNK (Unknown)""}]","{""element"": ""select"", ""label"": ""Eye (ANSI D-20)"", ""name"": ""EYE"", ""options"": [{""label"": ""== Select =="", ""value"": """"}, {""label"": ""BLK (Black)"", ""value"": ""BLK""}, {""label"": ""BLU (Blue)"", ""value"": ""BLU""}, {""label"": ""BRO (Brown)"", ""value"": ""BRO""}, {""label"": ""GRY (Gray)"", ""value"": ""GRY""}, {""label"": ""GRN (Green)"", ""value"": ""GRN""}, {""label"": ""HAZ (Hazel)"", ""value"": ""HAZ""}, {""label"": ""MAR (Maroon)"", ""value"": ""MAR""}, {""label"": ""PNK (Pink)"", ""value"": ""PNK""}, {""label"": ""DIC (Dichromatic)"", ""value"": ""DIC""}, {""label"": ""UNK (Unknown)"", ""value"": ""UNK""}], ""pattern"": null, ""placeholder"": null, ""required"": true, ""tooltip"": null, ""value"": null}"
NH_2024,New Hampshire,Rev. 08/30/2024 (1000),ADDRESS2,1,ADDRESS2,Address (2nd line),input,True,NONE,,,,NONE,,[],"{""element"": ""input"", ""label"": ""Address (2nd line)"", ""name"": ""ADDRESS2"", ""pattern"": null, ""placeholder"": ""NONE"", ""required"": true, ""tooltip"": null, ""value"": ""NONE""}"
NJ_2020,New Jersey,Rev. 01/08/2020 (0402),NUMBER,1,NUMBER,DL Number,input,True,D26229134787273,[a-zA-Z][0-9]{14},15,15,,First letter of Last name + 14 digits. You can click on the calculator icon to calculate number <b>automatically!</b>,[],"{""element"": ""input"", ""label"": ""DL Number"", ""maxlength"": 15, ""minlength"": 15, ""name"": ""NUMBER"", ""pattern"": ""[a-zA-Z][0-9]{14}"", ""placeholder"": ""D26229134787273"", ""required"": true, ""tooltip"": ""First letter of Last name + 14 digits. You can click on the calculator icon to calculate number <b>automatically!</b>"", ""value"": """"}"
NJ_2020,New Jersey,Rev. 01/08/2020 (0402),LASTNAME,1,LASTNAME,Last name,input,True,Doe,[a-zA-Z\s]+,,,,,[],"{""element"": ""input"", ""label"": ""Last name"", ""name"": ""LASTNAME"", ""pattern"": ""[a-zA-Z\\s]+"", ""placeholder"": ""Doe"", ""required"": true, ""tooltip"": null, ""value"": """"}"
NJ_2020,New Jersey,Rev. 01/08/2020 (0402),FIRSTNAME,1,FIRSTNAME,First name,input,True,John,[a-zA-Z\s]+,,,,,[],"{""element"": ""input"", ""label"": ""First name"", ""name"": ""FIRSTNAME"", ""pattern"": ""[a-zA-Z\\s]+"", ""placeholder"": ""John"", ""required"": true, ""tooltip"": null, ""value"": """"}"
NJ_2020,New Jersey,Rev. 01/08/2020 (0402),MIDDLENAME,1,MIDDLENAME,Middle name,input,False,,,,,,This field is optional. You can click on the calculator icon to generate random name. Select gender in the field below to specify name gender.,[],"{""element"": ""input"", ""label"": ""Middle name"", ""name"": ""MIDDLENAME"", ""pattern"": null, ""placeholder"": """", ""required"": false, ""tooltip"": ""This field is optional. You can click on the calculator icon to generate random name. Select gender in the field below to specify name gender."", ""value"": """"}"
NJ_2020,New Jersey,Rev. 01/08/2020 (0402),ADDRESS,1,ADDRESS,Address,input,True,5 Willow Spring Dr,,,,5 Willow Spring Dr,,[],"{""element"": ""input"", ""label"": ""Address"", ""name"": ""ADDRESS"", ""pattern"": null, ""placeholder"": ""5 Willow Spring Dr"", ""required"": true, ""tooltip"": null, ""value"": ""5 Willow Spring Dr""}"
NJ_2020,New Jersey,Rev. 01/08/2020 (0402),CITY,1,CITY,City,input,True,Morristown,,,,Morristown,,[],"{""element"": ""input"", ""label"": ""City"", ""name"": ""CITY"", ""pattern"": null, ""placeholder"": ""Morristown"", ""required"": true, ""tooltip"": null, ""value"": ""Morristown""}"
NJ_2020,New Jersey,Rev. 01/08/2020 (0402),ZIP,1,ZIP,Zip code,input,True,079602832,[0-9]{9},9,9,079602832,,[],"{""element"": ""input"", ""label"": ""Zip code"", ""maxlength"": 9, ""minlength"": 9, ""name"": ""ZIP"", ""pattern"": ""[0-9]{9}"", ""placeholder"": ""079602832"", ""required"": true, ""tooltip"": null, ""value"": ""079602832""}"
NJ_2020,New Jersey,Rev. 01/08/2020 (0402),CLASS,1,CLASS,DL Class,input,True,D,[A-Z1-9]+,1,4,D,,[],"{""element"": ""input"", ""label"": ""DL Class"", ""maxlength"": 4, ""minlength"": 1, ""name"": ""CLASS"", ""pattern"": ""[A-Z1-9]+"", ""placeholder"": ""D"", ""required"": true, ""tooltip"": null, ""value"": ""D""}"
NJ_2020,New Jersey,Rev. 01/08/2020 (0402),SEX,1,SEX,Sex,select,False,,,,,,,"[{""value"": ""M"", ""label"": ""M""}, {""value"": ""F"", ""label"": ""F""}]","{""element"": ""select"", ""label"": ""Sex"", ""name"": ""SEX"", ""options"": [{""label"": ""M"", ""value"": ""M""}, {""label"": ""F"", ""value"": ""F""}], ""pattern"": null, ""placeholder"": null, ""required"": false, ""tooltip"": null, ""value"": null}"
NJ_2020,New Jersey,Rev. 01/08/2020 (0402),DONOR,1,DONOR,Donor,select,False,,,,,,,"[{""value"": ""NO"", ""label"": ""No""}, {""value"": ""YES"", ""label"": ""Yes""}]","{""element"": ""select"", ""label"": ""Donor"", ""name"": ""DONOR"", ""options"": [{""label"": ""No"", ""value"": ""NO""}, {""label"": ""Yes"", ""value"": ""YES""}], ""pattern"": null, ""placeholder"": null, ""required"": false, ""tooltip"": null, ""value"": null}"
NJ_2020,New Jersey,Rev. 01/08/2020 (0402),DOB,1,DOB,Birth date,input,True,01151970,((((0[13578]|1[02])(0[1-9]|[12][0-9]|3[01]))|((0[469]|11)(0[1-9]|[12][0-9]|30))|(02)(0[1-9]|[1][0-9]|2[0-8]))([0-9]{3}[1-9]|[0-9]{2}[1-9][0-9]{1}|[0-9]{1}[1-9][0-9]{2}|[1-9][0-9]{3}))|(0229(([0-9]{2})(0[48]|[2468][048]|[13579][26])|((0[48]|[2468][048]|[3579][26])00))),8,8,,You need input the date in MMDDYYYY format,[],"{""element"": ""input"", ""label"": ""Birth date"", ""maxlength"": 8, ""minlength"": 8, ""name"": ""DOB"", ""pattern"": ""((((0[13578]|1[02])(0[1-9]|[12][0-9]|3[01]))|((0[469]|11)(0[1-9]|[12][0-9]|30))|(02)(0[1-9]|[1][0-9]|2[0-8]))([0-9]{3}[1-9]|[0-9]{2}[1-9][0-9]{1}|[0-9]{1}[1-9][0-9]{2}|[1-9][0-9]{3}))|(0229(([0-9]{2})(0[48]|[2468][048]|[13579][26])|((0[48]|[2468][048]|[3579][26])00)))"", ""placeholder"": ""01151970"", ""required"": true, ""tooltip"": ""You need input the date in MMDDYYYY format"", ""value"": """"}"
NJ_2020,New Jersey,Rev. 01/08/2020 (0402),DOI,1,DOI,Issue date,input,True,08262020,((((0[13578]|1[02])(0[1-9]|[12][0-9]|3[01]))|((0[469]|11)(0[1-9]|[12][0-9]|30))|(02)(0[1-9]|[1][0-9]|2[0-8]))([0-9]{3}[1-9]|[0-9]{2}[1-9][0-9]{1}|[0-9]{1}[1-9][0-9]{2}|[1-9][0-9]{3}))|(0229(([0-9]{2})(0[48]|[2468][048]|[13579][26])|((0[48]|[2468][048]|[3579][26])00))),8,8,,You need input the date in MMDDYYYY format,[],"{""element"": ""input"", ""label"": ""Issue date"", ""maxlength"": 8, ""minlength"": 8, ""name"": ""DOI"", ""pattern"": ""((((0[13578]|1[02])(0[1-9]|[12][0-9]|3[01]))|((0[469]|11)(0[1-9]|[12][0-9]|30))|(02)(0[1-9]|[1][0-9]|2[0-8]))([0-9]{3}[1-9]|[0-9]{2}[1-9][0-9]{1}|[0-9]{1}[1-9][0-9]{2}|[1-9][0-9]{3}))|(0229(([0-9]{2})(0[48]|[2468][048]|[13579][26])|((0[48]|[2468][048]|[3579][26])00)))"", ""placeholder"": ""08262020"", ""required"": true, ""tooltip"": ""You need input the date in MMDDYYYY format"", ""value"": """"}"
NJ_2020,New Jersey,Rev. 01/08/2020 (0402),DOE,1,DOE,Expiry date,input,True,01152024,((((0[13578]|1[02])(0[1-9]|[12][0-9]|3[01]))|((0[469]|11)(0[1-9]|[12][0-9]|30))|(02)(0[1-9]|[1][0-9]|2[0-8]))([0-9]{3}[1-9]|[0-9]{2}[1-9][0-9]{1}|[0-9]{1}[1-9][0-9]{2}|[1-9][0-9]{3}))|(0229(([0-9]{2})(0[48]|[2468][048]|[13579][26])|((0[48]|[2468][048]|[3579][26])00))),8,8,,Same month and day as in birth date. 6 years after the year of issue,[],"{""element"": ""input"", ""label"": ""Expiry date"", ""maxlength"": 8, ""minlength"": 8, ""name"": ""DOE"", ""pattern"": ""((((0[13578]|1[02])(0[1-9]|[12][0-9]|3[01]))|((0[469]|11)(0[1-9]|[12][0-9]|30))|(02)(0[1-9]|[1][0-9]|2[0-8]))([0-9]{3}[1-9]|[0-9]{2}[1-9][0-9]{1}|[0-9]{1}[1-9][0-9]{2}|[1-9][0-9]{3}))|(0229(([0-9]{2})(0[48]|[2468][048]|[13579][26])|((0[48]|[2468][048]|[3579][26])00)))"", ""placeholder"": ""01152024"", ""required"": true, ""tooltip"": ""Same month and day as in birth date. 6 years after the year of issue"", ""value"": """"}"
NJ_2020,New Jersey,Rev. 01/08/2020 (0402),ICN,1,ICN,ICN,input,True,DWCDQP3F98YNLD8M01,[a-zA-Z][a-zA-Z0-9]{17},18,18,,First letter of Last name + 13 digits and letters + '8M01'. You can click on the calculator icon to calculate ICN <b>automatically!</b>,[],"{""element"": ""input"", ""label"": ""ICN"", ""maxlength"": 18, ""minlength"": 18, ""name"": ""ICN"", ""pattern"": ""[a-zA-Z][a-zA-Z0-9]{17}"", ""placeholder"": ""DWCDQP3F98YNLD8M01"", ""required"": true, ""tooltip"": ""First letter of Last name + 13 digits and letters + '8M01'. You can click on the calculator icon to calculate ICN <b>automatically!</b>"", ""value"": null}"
NJ_2020,New Jersey,Rev. 01/08/2020 (0402),DD,1,DD,DD,input,True,WV202023900007318,[a-zA-Z0-9]{17},17,17,,Option 1 + issue year (YYYY) + number of days from the beginnig of year to issue date + '0000' + 4 digits. You can click on the calculator icon to calculate DD <b>automatically!</b>,[],"{""element"": ""input"", ""label"": ""DD"", ""maxlength"": 17, ""minlength"": 17, ""name"": ""DD"", ""pattern"": ""[a-zA-Z0-9]{17}"", ""placeholder"": ""WV202023900007318"", ""required"": true, ""tooltip"": ""Option 1 + issue year (YYYY) + number of days from the beginnig of year to issue date + '0000' + 4 digits. You can click on the calculator icon to calculate DD <b>automatically!</b>"", ""value"": null}"
NJ_2020,New Jersey,Rev. 01/08/2020 (0402),RESTRICTIONS,1,RESTRICTIONS,Restrictions,input,True,NONE,,,,NONE,,[],"{""element"": ""input"", ""label"": ""Restrictions"", ""name"": ""RESTRICTIONS"", ""pattern"": null, ""placeholder"": ""NONE"", ""required"": true, ""tooltip"": null, ""value"": ""NONE""}"
NJ_2020,New Jersey,Rev. 01/08/2020 (0402),ENDORSEMENT,1,ENDORSEMENT,Endorsement,input,True,NONE,,,,NONE,,[],"{""element"": ""input"", ""label"": ""Endorsement"", ""name"": ""ENDORSEMENT"", ""pattern"": null, ""placeholder"": ""NONE"", ""required"": true, ""tooltip"": null, ""value"": ""NONE""}"
NJ_2020,New Jersey,Rev. 01/08/2020 (0402),HEIGHT,1,HEIGHT,Height (in.),input,True,69,,,2,69,,[],"{""element"": ""input"", ""label"": ""Height (in.)"", ""maxlength"": 2, ""name"": ""HEIGHT"", ""pattern"": null, ""placeholder"": ""69"", ""required"": true, ""tooltip"": null, ""value"": ""69""}"
NJ_2020,New Jersey,Rev. 01/08/2020 (0402),EYE,1,EYE,Eye (ANSI D-20),select,True,,,,,,,"[{""value"": """", ""label"": ""== Select ==""}, {""value"": ""BLK"", ""label"": ""BLK (Black)""}, {""value"": ""BLU"", ""label"": ""BLU (Blue)""}, {""value"": ""BRO"", ""label"": ""BRO (Brown)""}, {""value"": ""GRY"", ""label"": ""GRY (Gray)""}, {""value"": ""GRN"", ""label"": ""GRN (Green)""}, {""value"": ""HAZ"", ""label"": ""HAZ (Hazel)""}, {""value"": ""MAR"", ""label"": ""MAR (Maroon)""}, {""value"": ""PNK"", ""label"": ""PNK (Pink)""}, {""value"": ""DIC"", ""label"": ""DIC (Dichromatic)""}, {""value"": ""UNK"", ""label"": ""UNK (Unknown)""}]","{""element"": ""select"", ""label"": ""Eye (ANSI D-20)"", ""name"": ""EYE"", ""options"": [{""label"": ""== Select =="", ""value"": """"}, {""label"": ""BLK (Black)"", ""value"": ""BLK""}, {""label"": ""BLU (Blue)"", ""value"": ""BLU""}, {""label"": ""BRO (Brown)"", ""value"": ""BRO""}, {""label"": ""GRY (Gray)"", ""value"": ""GRY""}, {""label"": ""GRN (Green)"", ""value"": ""GRN""}, {""label"": ""HAZ (Hazel)"", ""value"": ""HAZ""}, {""label"": ""MAR (Maroon)"", ""value"": ""MAR""}, {""label"": ""PNK (Pink)"", ""value"": ""PNK""}, {""label"": ""DIC (Dichromatic)"", ""value"": ""DIC""}, {""label"": ""UNK (Unknown)"", ""value"": ""UNK""}], ""pattern"": null, ""placeholder"": null, ""required"": true, ""tooltip"": null, ""value"": null}"
NJ_2020,New Jersey,Rev. 01/08/2020 (0402),EYE,2,EYE2,Eye (as on DL),select,True,,,,,,,"[{""value"": """", ""label"": ""== Select ==""}, {""value"": ""BLK"", ""label"": ""BLK (Black)""}, {""value"": ""BLU"", ""label"": ""BLU  (Blue)""}, {""value"": ""BRN"", ""label"": ""BRN  (Brown)""}, {""value"": ""GRN"", ""label"": ""GRN (Green)""}, {""value"": ""GRY"", ""label"": ""GRY (Gray)""}, {""value"": ""HAZ"", ""label"": ""HAZ (Hazel)""}, {""value"": ""MAR"", ""label"": ""MAR (Maroon)""}, {""value"": ""MUL"", ""label"": ""MUL (Multicolored)""}, {""value"": ""PNK"", ""label"": ""PNK (Pink)""}, {""value"": ""UNK"", ""label"": ""UNK (Unknown)""}]","{""element"": ""select"", ""label"": ""Eye (as on DL)"", ""name"": ""EYE2"", ""options"": [{""label"": ""== Select =="", ""value"": """"}, {""label"": ""BLK (Black)"", ""value"": ""BLK""}, {""label"": ""BLU  (Blue)"", ""value"": ""BLU""}, {""label"": ""BRN  (Brown)"", ""value"": ""BRN""}, {""label"": ""GRN (Green)"", ""value"": ""GRN""}, {""label"": ""GRY (Gray)"", ""value"": ""GRY""}, {""label"": ""HAZ (Hazel)"", ""value"": ""HAZ""}, {""label"": ""MAR (Maroon)"", ""value"": ""MAR""}, {""label"": ""MUL (Multicolored)"", ""value"": ""MUL""}, {""label"": ""PNK (Pink)"", ""value"": ""PNK""}, {""label"": ""UNK (Unknown)"", ""value"": ""UNK""}], ""pattern"": null, ""placeholder"": null, ""required"": true, ""tooltip"": null, ""value"": null}"
NJ_2020,New Jersey,Rev. 01/08/2020 (0402),OPTION1,1,OPTION1,Option 1,input,True,WV,,,10,WV,On the front side of DL (the lowest row of data),[],"{""element"": ""input"", ""label"": ""Option 1"", ""maxlength"": 10, ""name"": ""OPTION1"", ""pattern"": null, ""placeholder"": ""WV"", ""required"": true, ""tooltip"": ""On the front side of DL (the lowest row of data)"", ""value"": ""WV""}"
NJ_2020,New Jersey,Rev. 01/08/2020 (0402),OPTION2,1,OPTION2,Option 2,input,True,REN,,,10,REN,On the front side of DL (the lowest row of data),[],"{""element"": ""input"", ""label"": ""Option 2"", ""maxlength"": 10, ""name"": ""OPTION2"", ""pattern"": null, ""placeholder"": ""REN"", ""required"": true, ""tooltip"": ""On the front side of DL (the lowest row of data)"", ""value"": ""REN""}"
NJ_2020,New Jersey,Rev. 01/08/2020 (0402),OPTION3,1,OPTION3,Option 3,input,True,24.00,,,10,24.00,On the front side of DL (the lowest row of data),[],"{""element"": ""input"", ""label"": ""Option 3"", ""maxlength"": 10, ""name"": ""OPTION3"", ""pattern"": null, ""placeholder"": ""24.00"", ""required"": true, ""tooltip"": ""On the front side of DL (the lowest row of data)"", ""value"": ""24.00""}"
NM,New Mexico,Rev. 08/23/2019 (0800),NUMBER,1,NUMBER,DL Number,input,True,036408091,[0-9]{9},9,9,,9 digits. You can click on the calculator icon to calculate number <b>automatically!</b>,[],"{""element"": ""input"", ""label"": ""DL Number"", ""maxlength"": 9, ""minlength"": 9, ""name"": ""NUMBER"", ""pattern"": ""[0-9]{9}"", ""placeholder"": ""036408091"", ""required"": true, ""tooltip"": ""9 digits. You can click on the calculator icon to calculate number <b>automatically!</b>"", ""value"": """"}"
NM,New Mexico,Rev. 08/23/2019 (0800),LASTNAME,1,LASTNAME,Last name,input,True,Doe,[a-zA-Z\s]+,,,,,[],"{""element"": ""input"", ""label"": ""Last name"", ""name"": ""LASTNAME"", ""pattern"": ""[a-zA-Z\\s]+"", ""placeholder"": ""Doe"", ""required"": true, ""tooltip"": null, ""value"": """"}"
NM,New Mexico,Rev. 08/23/2019 (0800),FIRSTNAME,1,FIRSTNAME,First name,input,True,John,[a-zA-Z\s]+,,,,,[],"{""element"": ""input"", ""label"": ""First name"", ""name"": ""FIRSTNAME"", ""pattern"": ""[a-zA-Z\\s]+"", ""placeholder"": ""John"", ""required"": true, ""tooltip"": null, ""value"": """"}"
NM,New Mexico,Rev. 08/23/2019 (0800),MIDDLENAME,1,MIDDLENAME,Middle name,input,False,,,,,,This field is optional. You can click on the calculator icon to generate random name. Select gender in the field below to specify name gender.,[],"{""element"": ""input"", ""label"": ""Middle name"", ""name"": ""MIDDLENAME"", ""pattern"": null, ""placeholder"": """", ""required"": false, ""tooltip"": ""This field is optional. You can click on the calculator icon to generate random name. Select gender in the field below to specify name gender."", ""value"": """"}"
NM,New Mexico,Rev. 08/23/2019 (0800),ADDRESS,1,ADDRESS,Address,input,True,10801 Hagen Rd NE,,,,10801 Hagen Rd NE,,[],"{""element"": ""input"", ""label"": ""Address"", ""name"": ""ADDRESS"", ""pattern"": null, ""placeholder"": ""10801 Hagen Rd NE"", ""required"": true, ""tooltip"": null, ""value"": ""10801 Hagen Rd NE""}"
NM,New Mexico,Rev. 08/23/2019 (0800),CITY,1,CITY,City,input,True,Albuquerque,,,,Albuquerque,,[],"{""element"": ""input"", ""label"": ""City"", ""name"": ""CITY"", ""pattern"": null, ""placeholder"": ""Albuquerque"", ""required"": true, ""tooltip"": null, ""value"": ""Albuquerque""}"
NM,New Mexico,Rev. 08/23/2019 (0800),ZIP,1,ZIP,Zip code,input,True,87111,[0-9]{5},5,5,87111,,[],"{""element"": ""input"", ""label"": ""Zip code"", ""maxlength"": 5, ""minlength"": 5, ""name"": ""ZIP"", ""pattern"": ""[0-9]{5}"", ""placeholder"": ""87111"", ""required"": true, ""tooltip"": null, ""value"": ""87111""}"
NM,New Mexico,Rev. 08/23/2019 (0800),CLASS,1,CLASS,DL Class,input,True,D,[A-Z1-9]+,1,4,D,,[],"{""element"": ""input"", ""label"": ""DL Class"", ""maxlength"": 4, ""minlength"": 1, ""name"": ""CLASS"", ""pattern"": ""[A-Z1-9]+"", ""placeholder"": ""D"", ""required"": true, ""tooltip"": null, ""value"": ""D""}"
NM,New Mexico,Rev. 08/23/2019 (0800),SEX,1,SEX,Sex,select,False,,,,,,,"[{""value"": ""M"", ""label"": ""M""}, {""value"": ""F"", ""label"": ""F""}]","{""element"": ""select"", ""label"": ""Sex"", ""name"": ""SEX"", ""options"": [{""label"": ""M"", ""value"": ""M""}, {""label"": ""F"", ""value"": ""F""}], ""pattern"": null, ""placeholder"": null, ""required"": false, ""tooltip"": null, ""value"": null}"
NM,New Mexico,Rev. 08/23/2019 (0800),DONOR,1,DONOR,Donor,select,False,,,,,,,"[{""value"": ""NO"", ""label"": ""No""}, {""value"": ""YES"", ""label"": ""Yes""}]","{""element"": ""select"", ""label"": ""Donor"", ""name"": ""DONOR"", ""options"": [{""label"": ""No"", ""value"": ""NO""}, {""label"": ""Yes"", ""value"": ""YES""}], ""pattern"": null, ""placeholder"": null, ""required"": false, ""tooltip"": null, ""value"": null}"
NM,New Mexico,Rev. 08/23/2019 (0800),DOB,1,DOB,Birth date,input,True,01151970,((((0[13578]|1[02])(0[1-9]|[12][0-9]|3[01]))|((0[469]|11)(0[1-9]|[12][0-9]|30))|(02)(0[1-9]|[1][0-9]|2[0-8]))([0-9]{3}[1-9]|[0-9]{2}[1-9][0-9]{1}|[0-9]{1}[1-9][0-9]{2}|[1-9][0-9]{3}))|(0229(([0-9]{2})(0[48]|[2468][048]|[13579][26])|((0[48]|[2468][048]|[3579][26])00))),8,8,,You need input the date in MMDDYYYY format,[],"{""element"": ""input"", ""label"": ""Birth date"", ""maxlength"": 8, ""minlength"": 8, ""name"": ""DOB"", ""pattern"": ""((((0[13578]|1[02])(0[1-9]|[12][0-9]|3[01]))|((0[469]|11)(0[1-9]|[12][0-9]|30))|(02)(0[1-9]|[1][0-9]|2[0-8]))([0-9]{3}[1-9]|[0-9]{2}[1-9][0-9]{1}|[0-9]{1}[1-9][0-9]{2}|[1-9][0-9]{3}))|(0229(([0-9]{2})(0[48]|[2468][048]|[13579][26])|((0[48]|[2468][048]|[3579][26])00)))"", ""placeholder"": ""01151970"", ""required"": true, ""tooltip"": ""You need input the date in MMDDYYYY format"", ""value"": """"}"
NM,New Mexico,Rev. 08/23/2019 (0800),DOI,1,DOI,Issue date,input,True,08262020,((((0[13578]|1[02])(0[1-9]|[12][0-9]|3[01]))|((0[469]|11)(0[1-9]|[12][0-9]|30))|(02)(0[1-9]|[1][0-9]|2[0-8]))([0-9]{3}[1-9]|[0-9]{2}[1-9][0-9]{1}|[0-9]{1}[1-9][0-9]{2}|[1-9][0-9]{3}))|(0229(([0-9]{2})(0[48]|[2468][048]|[13579][26])|((0[48]|[2468][048]|[3579][26])00))),8,8,,You need input the date in MMDDYYYY format,[],"{""element"": ""input"", ""label"": ""Issue date"", ""maxlength"": 8, ""minlength"": 8, ""name"": ""DOI"", ""pattern"": ""((((0[13578]|1[02])(0[1-9]|[12][0-9]|3[01]))|((0[469]|11)(0[1-9]|[12][0-9]|30))|(02)(0[1-9]|[1][0-9]|2[0-8]))([0-9]{3}[1-9]|[0-9]{2}[1-9][0-9]{1}|[0-9]{1}[1-9][0-9]{2}|[1-9][0-9]{3}))|(0229(([0-9]{2})(0[48]|[2468][048]|[13579][26])|((0[48]|[2468][048]|[3579][26])00)))"", ""placeholder"": ""08262020"", ""required"": true, ""tooltip"": ""You need input the date in MMDDYYYY format"", ""value"": """"}"
NM,New Mexico,Rev. 08/23/2019 (0800),DOE,1,DOE,Expiry date,input,True,08252028,((((0[13578]|1[02])(0[1-9]|[12][0-9]|3[01]))|((0[469]|11)(0[1-9]|[12][0-9]|30))|(02)(0[1-9]|[1][0-9]|2[0-8]))([0-9]{3}[1-9]|[0-9]{2}[1-9][0-9]{1}|[0-9]{1}[1-9][0-9]{2}|[1-9][0-9]{3}))|(0229(([0-9]{2})(0[48]|[2468][048]|[13579][26])|((0[48]|[2468][048]|[3579][26])00))),8,8,,,[],"{""element"": ""input"", ""label"": ""Expiry date"", ""maxlength"": 8, ""minlength"": 8, ""name"": ""DOE"", ""pattern"": ""((((0[13578]|1[02])(0[1-9]|[12][0-9]|3[01]))|((0[469]|11)(0[1-9]|[12][0-9]|30))|(02)(0[1-9]|[1][0-9]|2[0-8]))([0-9]{3}[1-9]|[0-9]{2}[1-9][0-9]{1}|[0-9]{1}[1-9][0-9]{2}|[1-9][0-9]{3}))|(0229(([0-9]{2})(0[48]|[2468][048]|[13579][26])|((0[48]|[2468][048]|[3579][26])00)))"", ""placeholder"": ""08252028"", ""required"": true, ""tooltip"": null, ""value"": """"}"
NM,New Mexico,Rev. 08/23/2019 (0800),ICN,1,ICN,ICN,input,True,03640809101,[0-9]{11},11,11,,Document number + 01. You can click on the calculator icon to calculate ICN <b>automatically!</b>,[],"{""element"": ""input"", ""label"": ""ICN"", ""maxlength"": 11, ""minlength"": 11, ""name"": ""ICN"", ""pattern"": ""[0-9]{11}"", ""placeholder"": ""03640809101"", ""required"": true, ""tooltip"": ""Document number + 01. You can click on the calculator icon to calculate ICN <b>automatically!</b>"", ""value"": null}"
NM,New Mexico,Rev. 08/23/2019 (0800),RESTRICTIONS,1,RESTRICTIONS,Restrictions,input,True,NONE,,,,NONE,,[],"{""element"": ""input"", ""label"": ""Restrictions"", ""name"": ""RESTRICTIONS"", ""pattern"": null, ""placeholder"": ""NONE"", ""required"": true, ""tooltip"": null, ""value"": ""NONE""}"
NM,New Mexico,Rev. 08/23/2019 (0800),ENDORSEMENT,1,ENDORSEMENT,Endorsement,input,True,NONE,,,,NONE,,[],"{""element"": ""input"", ""label"": ""Endorsement"", ""name"": ""ENDORSEMENT"", ""pattern"": null, ""placeholder"": ""NONE"", ""required"": true, ""tooltip"": null, ""value"": ""NONE""}"
NM,New Mexico,Rev. 08/23/2019 (0800),HEIGHT,1,HEIGHT,Height (in.),input,True,69,,,2,69,,[],"{""element"": ""input"", ""label"": ""Height (in.)"", ""maxlength"": 2, ""name"": ""HEIGHT"", ""pattern"": null, ""placeholder"": ""69"", ""required"": true, ""tooltip"": null, ""value"": ""69""}"
NM,New Mexico,Rev. 08/23/2019 (0800),WEIGHT,1,WEIGHT,Weight (lb.),input,True,169,,,3,169,,[],"{""element"": ""input"", ""label"": ""Weight (lb.)"", ""maxlength"": 3, ""name"": ""WEIGHT"", ""pattern"": null, ""placeholder"": ""169"", ""required"": true, ""tooltip"": null, ""value"": ""169""}"
NM,New Mexico,Rev. 08/23/2019 (0800),EYE,1,EYE,Eye (ANSI D-20),select,True,,,,,,,"[{""value"": """", ""label"": ""== Select ==""}, {""value"": ""BLK"", ""label"": ""BLK (Black)""}, {""value"": ""BLU"", ""label"": ""BLU (Blue)""}, {""value"": ""BRO"", ""label"": ""BRO (Brown)""}, {""value"": ""GRY"", ""label"": ""GRY (Gray)""}, {""value"": ""GRN"", ""label"": ""GRN (Green)""}, {""value"": ""HAZ"", ""label"": ""HAZ (Hazel)""}, {""value"": ""MAR"", ""label"": ""MAR (Maroon)""}, {""value"": ""PNK"", ""label"": ""PNK (Pink)""}, {""value"": ""DIC"", ""label"": ""DIC (Dichromatic)""}, {""value"": ""UNK"", ""label"": ""UNK (Unknown)""}]","{""element"": ""select"", ""label"": ""Eye (ANSI D-20)"", ""name"": ""EYE"", ""options"": [{""label"": ""== Select =="", ""value"": """"}, {""label"": ""BLK (Black)"", ""value"": ""BLK""}, {""label"": ""BLU (Blue)"", ""value"": ""BLU""}, {""label"": ""BRO (Brown)"", ""value"": ""BRO""}, {""label"": ""GRY (Gray)"", ""value"": ""GRY""}, {""label"": ""GRN (Green)"", ""value"": ""GRN""}, {""label"": ""HAZ (Hazel)"", ""value"": ""HAZ""}, {""label"": ""MAR (Maroon)"", ""value"": ""MAR""}, {""label"": ""PNK (Pink)"", ""value"": ""PNK""}, {""label"": ""DIC (Dichromatic)"", ""value"": ""DIC""}, {""label"": ""UNK (Unknown)"", ""value"": ""UNK""}], ""pattern"": null, ""placeholder"": null, ""required"": true, ""tooltip"": null, ""value"": null}"
NY_2017,New York,Rev. 09/28/2017 (0303),NUMBER,1,NUMBER,DL Number,input,True,759547815,[0-9]{9},9,9,,You can click on the calculator icon to calculate number <b>automatically!</b>,[],"{""element"": ""input"", ""label"": ""DL Number"", ""maxlength"": 9, ""minlength"": 9, ""name"": ""NUMBER"", ""pattern"": ""[0-9]{9}"", ""placeholder"": ""759547815"", ""required"": true, ""tooltip"": ""You can click on the calculator icon to calculate number <b>automatically!</b>"", ""value"": """"}"
NY_2017,New York,Rev. 09/28/2017 (0303),LASTNAME,1,LASTNAME,Last name,input,True,Doe,[a-zA-Z\s]+,,,,,[],"{""element"": ""input"", ""label"": ""Last name"", ""name"": ""LASTNAME"", ""pattern"": ""[a-zA-Z\\s]+"", ""placeholder"": ""Doe"", ""required"": true, ""tooltip"": null, ""value"": """"}"
NY_2017,New York,Rev. 09/28/2017 (0303),FIRSTNAME,1,FIRSTNAME,First & Middle name,input,True,"Donald,James","[a-zA-Z\s,]+",,,,Enter First name or First + Middle separated by commas.,[],"{""element"": ""input"", ""label"": ""First & Middle name"", ""name"": ""FIRSTNAME"", ""pattern"": ""[a-zA-Z\\s,]+"", ""placeholder"": ""Donald,James"", ""required"": true, ""tooltip"": ""Enter First name or First + Middle separated by commas."", ""value"": """"}"
NY_2017,New York,Rev. 09/28/2017 (0303),ADDRESS,1,ADDRESS,Address,input,True,710 Hubbell Rd,,,,710 Hubbell Rd,,[],"{""element"": ""input"", ""label"": ""Address"", ""name"": ""ADDRESS"", ""pattern"": null, ""placeholder"": ""710 Hubbell Rd"", ""required"": true, ""tooltip"": null, ""value"": ""710 Hubbell Rd""}"
NY_2017,New York,Rev. 09/28/2017 (0303),CITY,1,CITY,City,input,True,Churchville,,,,Churchville,,[],"{""element"": ""input"", ""label"": ""City"", ""name"": ""CITY"", ""pattern"": null, ""placeholder"": ""Churchville"", ""required"": true, ""tooltip"": null, ""value"": ""Churchville""}"
NY_2017,New York,Rev. 09/28/2017 (0303),ZIP,1,ZIP,Zip code,input,True,144289335,[0-9]{9},9,9,144289335,,[],"{""element"": ""input"", ""label"": ""Zip code"", ""maxlength"": 9, ""minlength"": 9, ""name"": ""ZIP"", ""pattern"": ""[0-9]{9}"", ""placeholder"": ""144289335"", ""required"": true, ""tooltip"": null, ""value"": ""144289335""}"
NY_2017,New York,Rev. 09/28/2017 (0303),CLASS,1,CLASS,DL Class,input,True,D,[A-Z1-9]+,1,4,D,,[],"{""element"": ""input"", ""label"": ""DL Class"", ""maxlength"": 4, ""minlength"": 1, ""name"": ""CLASS"", ""pattern"": ""[A-Z1-9]+"", ""placeholder"": ""D"", ""required"": true, ""tooltip"": null, ""value"": ""D""}"
NY_2017,New York,Rev. 09/28/2017 (0303),SEX,1,SEX,Sex,select,False,,,,,,,"[{""value"": ""M"", ""label"": ""M""}, {""value"": ""F"", ""label"": ""F""}]","{""element"": ""select"", ""label"": ""Sex"", ""name"": ""SEX"", ""options"": [{""label"": ""M"", ""value"": ""M""}, {""label"": ""F"", ""value"": ""F""}], ""pattern"": null, ""placeholder"": null, ""required"": false, ""tooltip"": null, ""value"": null}"
NY_2017,New York,Rev. 09/28/2017 (0303),DONOR,1,DONOR,Donor,select,False,,,,,,,"[{""value"": ""NO"", ""label"": ""No""}, {""value"": ""YES"", ""label"": ""Yes""}]","{""element"": ""select"", ""label"": ""Donor"", ""name"": ""DONOR"", ""options"": [{""label"": ""No"", ""value"": ""NO""}, {""label"": ""Yes"", ""value"": ""YES""}], ""pattern"": null, ""placeholder"": null, ""required"": false, ""tooltip"": null, ""value"": null}"
NY_2017,New York,Rev. 09/28/2017 (0303),DOB,1,DOB,Birth date,input,True,01151970,((((0[13578]|1[02])(0[1-9]|[12][0-9]|3[01]))|((0[469]|11)(0[1-9]|[12][0-9]|30))|(02)(0[1-9]|[1][0-9]|2[0-8]))([0-9]{3}[1-9]|[0-9]{2}[1-9][0-9]{1}|[0-9]{1}[1-9][0-9]{2}|[1-9][0-9]{3}))|(0229(([0-9]{2})(0[48]|[2468][048]|[13579][26])|((0[48]|[2468][048]|[3579][26])00))),8,8,,You need input the date in MMDDYYYY format,[],"{""element"": ""input"", ""label"": ""Birth date"", ""maxlength"": 8, ""minlength"": 8, ""name"": ""DOB"", ""pattern"": ""((((0[13578]|1[02])(0[1-9]|[12][0-9]|3[01]))|((0[469]|11)(0[1-9]|[12][0-9]|30))|(02)(0[1-9]|[1][0-9]|2[0-8]))([0-9]{3}[1-9]|[0-9]{2}[1-9][0-9]{1}|[0-9]{1}[1-9][0-9]{2}|[1-9][0-9]{3}))|(0229(([0-9]{2})(0[48]|[2468][048]|[13579][26])|((0[48]|[2468][048]|[3579][26])00)))"", ""placeholder"": ""01151970"", ""required"": true, ""tooltip"": ""You need input the date in MMDDYYYY format"", ""value"": """"}"
NY_2017,New York,Rev. 09/28/2017 (0303),DOI,1,DOI,Issue date,input,True,08262020,((((0[13578]|1[02])(0[1-9]|[12][0-9]|3[01]))|((0[469]|11)(0[1-9]|[12][0-9]|30))|(02)(0[1-9]|[1][0-9]|2[0-8]))([0-9]{3}[1-9]|[0-9]{2}[1-9][0-9]{1}|[0-9]{1}[1-9][0-9]{2}|[1-9][0-9]{3}))|(0229(([0-9]{2})(0[48]|[2468][048]|[13579][26])|((0[48]|[2468][048]|[3579][26])00))),8,8,,You need input the date in MMDDYYYY format,[],"{""element"": ""input"", ""label"": ""Issue date"", ""maxlength"": 8, ""minlength"": 8, ""name"": ""DOI"", ""pattern"": ""((((0[13578]|1[02])(0[1-9]|[12][0-9]|3[01]))|((0[469]|11)(0[1-9]|[12][0-9]|30))|(02)(0[1-9]|[1][0-9]|2[0-8]))([0-9]{3}[1-9]|[0-9]{2}[1-9][0-9]{1}|[0-9]{1}[1-9][0-9]{2}|[1-9][0-9]{3}))|(0229(([0-9]{2})(0[48]|[2468][048]|[13579][26])|((0[48]|[2468][048]|[3579][26])00)))"", ""placeholder"": ""08262020"", ""required"": true, ""tooltip"": ""You need input the date in MMDDYYYY format"", ""value"": """"}"
NY_2017,New York,Rev. 09/28/2017 (0303),DOE,1,DOE,Expiry date,input,True,01152028,((((0[13578]|1[02])(0[1-9]|[12][0-9]|3[01]))|((0[469]|11)(0[1-9]|[12][0-9]|30))|(02)(0[1-9]|[1][0-9]|2[0-8]))([0-9]{3}[1-9]|[0-9]{2}[1-9][0-9]{1}|[0-9]{1}[1-9][0-9]{2}|[1-9][0-9]{3}))|(0229(([0-9]{2})(0[48]|[2468][048]|[13579][26])|((0[48]|[2468][048]|[3579][26])00))),8,8,,Same month and day as in birth date. 8 years after the year of issue,[],"{""element"": ""input"", ""label"": ""Expiry date"", ""maxlength"": 8, ""minlength"": 8, ""name"": ""DOE"", ""pattern"": ""((((0[13578]|1[02])(0[1-9]|[12][0-9]|3[01]))|((0[469]|11)(0[1-9]|[12][0-9]|30))|(02)(0[1-9]|[1][0-9]|2[0-8]))([0-9]{3}[1-9]|[0-9]{2}[1-9][0-9]{1}|[0-9]{1}[1-9][0-9]{2}|[1-9][0-9]{3}))|(0229(([0-9]{2})(0[48]|[2468][048]|[13579][26])|((0[48]|[2468][048]|[3579][26])00)))"", ""placeholder"": ""01152028"", ""required"": true, ""tooltip"": ""Same month and day as in birth date. 8 years after the year of issue"", ""value"": """"}"
NY_2017,New York,Rev. 09/28/2017 (0303),DD,1,DD,DD,input,True,C6JEH2RP06,[a-zA-Z0-9]{10},10,10,,10 random characters. <br> You can click on the calculator icon to calculate DD <b>automatically!</b>,[],"{""element"": ""input"", ""label"": ""DD"", ""maxlength"": 10, ""minlength"": 10, ""name"": ""DD"", ""pattern"": ""[a-zA-Z0-9]{10}"", ""placeholder"": ""C6JEH2RP06"", ""required"": true, ""tooltip"": ""10 random characters. <br> You can click on the calculator icon to calculate DD <b>automatically!</b>"", ""value"": null}"
NY_2017,New York,Rev. 09/28/2017 (0303),RESTRICTIONS,1,RESTRICTIONS,Restrictions,input,True,NONE,,,,NONE,,[],"{""element"": ""input"", ""label"": ""Restrictions"", ""name"": ""RESTRICTIONS"", ""pattern"": null, ""placeholder"": ""NONE"", ""required"": true, ""tooltip"": null, ""value"": ""NONE""}"
NY_2017,New York,Rev. 09/28/2017 (0303),ENDORSEMENT,1,ENDORSEMENT,Endorsement,input,True,NONE,,,,NONE,,[],"{""element"": ""input"", ""label"": ""Endorsement"", ""name"": ""ENDORSEMENT"", ""pattern"": null, ""placeholder"": ""NONE"", ""required"": true, ""tooltip"": null, ""value"": ""NONE""}"
NY_2017,New York,Rev. 09/28/2017 (0303),HEIGHT,1,HEIGHT,Height (in.),input,True,69,,,2,69,,[],"{""element"": ""input"", ""label"": ""Height (in.)"", ""maxlength"": 2, ""name"": ""HEIGHT"", ""pattern"": null, ""placeholder"": ""69"", ""required"": true, ""tooltip"": null, ""value"": ""69""}"
NY_2017,New York,Rev. 09/28/2017 (0303),EYE,1,EYE,Eye (ANSI D-20),select,True,,,,,,,"[{""value"": """", ""label"": ""== Select ==""}, {""value"": ""BLK"", ""label"": ""BLK (Black)""}, {""value"": ""BLU"", ""label"": ""BLU (Blue)""}, {""value"": ""BRO"", ""label"": ""BRO (Brown)""}, {""value"": ""GRY"", ""label"": ""GRY (Gray)""}, {""value"": ""GRN"", ""label"": ""GRN (Green)""}, {""value"": ""HAZ"", ""label"": ""HAZ (Hazel)""}, {""value"": ""MAR"", ""label"": ""MAR (Maroon)""}, {""value"": ""PNK"", ""label"": ""PNK (Pink)""}, {""value"": ""DIC"", ""label"": ""DIC (Dichromatic)""}, {""value"": ""UNK"", ""label"": ""UNK (Unknown)""}]","{""element"": ""select"", ""label"": ""Eye (ANSI D-20)"", ""name"": ""EYE"", ""options"": [{""label"": ""== Select =="", ""value"": """"}, {""label"": ""BLK (Black)"", ""value"": ""BLK""}, {""label"": ""BLU (Blue)"", ""value"": ""BLU""}, {""label"": ""BRO (Brown)"", ""value"": ""BRO""}, {""label"": ""GRY (Gray)"", ""value"": ""GRY""}, {""label"": ""GRN (Green)"", ""value"": ""GRN""}, {""label"": ""HAZ (Hazel)"", ""value"": ""HAZ""}, {""label"": ""MAR (Maroon)"", ""value"": ""MAR""}, {""label"": ""PNK (Pink)"", ""value"": ""PNK""}, {""label"": ""DIC (Dichromatic)"", ""value"": ""DIC""}, {""label"": ""UNK (Unknown)"", ""value"": ""UNK""}], ""pattern"": null, ""placeholder"": null, ""required"": true, ""tooltip"": null, ""value"": null}"
NY_2022,New York,Rev. 03/07/2022 (1004),NUMBER,1,NUMBER,DL Number,input,True,759547815,[0-9]{9},9,9,,You can click on the calculator icon to calculate number <b>automatically!</b>,[],"{""element"": ""input"", ""label"": ""DL Number"", ""maxlength"": 9, ""minlength"": 9, ""name"": ""NUMBER"", ""pattern"": ""[0-9]{9}"", ""placeholder"": ""759547815"", ""required"": true, ""tooltip"": ""You can click on the calculator icon to calculate number <b>automatically!</b>"", ""value"": """"}"
NY_2022,New York,Rev. 03/07/2022 (1004),FIRSTNAME,1,FIRSTNAME,First name,input,True,John,[a-zA-Z\s]+,,,,,[],"{""element"": ""input"", ""label"": ""First name"", ""name"": ""FIRSTNAME"", ""pattern"": ""[a-zA-Z\\s]+"", ""placeholder"": ""John"", ""required"": true, ""tooltip"": null, ""value"": """"}"
NY_2022,New York,Rev. 03/07/2022 (1004),LASTNAME,1,LASTNAME,Last name,input,True,Doe,[a-zA-Z\s]+,,,,,[],"{""element"": ""input"", ""label"": ""Last name"", ""name"": ""LASTNAME"", ""pattern"": ""[a-zA-Z\\s]+"", ""placeholder"": ""Doe"", ""required"": true, ""tooltip"": null, ""value"": """"}"
NY_2022,New York,Rev. 03/07/2022 (1004),MIDDLENAME,1,MIDDLENAME,Middle name,input,False,,,,,,This field is optional. You can click on the calculator icon to generate random name. Select gender in the field below to specify name gender.,[],"{""element"": ""input"", ""label"": ""Middle name"", ""name"": ""MIDDLENAME"", ""pattern"": null, ""placeholder"": """", ""required"": false, ""tooltip"": ""This field is optional. You can click on the calculator icon to generate random name. Select gender in the field below to specify name gender."", ""value"": """"}"
NY_2022,New York,Rev. 03/07/2022 (1004),ADDRESS,1,ADDRESS,Address,input,True,710 Hubbell Rd,,,,710 Hubbell Rd,,[],"{""element"": ""input"", ""label"": ""Address"", ""name"": ""ADDRESS"", ""pattern"": null, ""placeholder"": ""710 Hubbell Rd"", ""required"": true, ""tooltip"": null, ""value"": ""710 Hubbell Rd""}"
NY_2022,New York,Rev. 03/07/2022 (1004),CITY,1,CITY,City,input,True,Churchville,,,,Churchville,,[],"{""element"": ""input"", ""label"": ""City"", ""name"": ""CITY"", ""pattern"": null, ""placeholder"": ""Churchville"", ""required"": true, ""tooltip"": null, ""value"": ""Churchville""}"
NY_2022,New York,Rev. 03/07/2022 (1004),ZIP,1,ZIP,Zip code,input,True,144289335,[0-9]{9},9,9,144289335,,[],"{""element"": ""input"", ""label"": ""Zip code"", ""maxlength"": 9, ""minlength"": 9, ""name"": ""ZIP"", ""pattern"": ""[0-9]{9}"", ""placeholder"": ""144289335"", ""required"": true, ""tooltip"": null, ""value"": ""144289335""}"
NY_2022,New York,Rev. 03/07/2022 (1004),CLASS,1,CLASS,DL Class,input,True,D,[A-Z1-9]+,1,4,D,,[],"{""element"": ""input"", ""label"": ""DL Class"", ""maxlength"": 4, ""minlength"": 1, ""name"": ""CLASS"", ""pattern"": ""[A-Z1-9]+"", ""placeholder"": ""D"", ""required"": true, ""tooltip"": null, ""value"": ""D""}"
NY_2022,New York,Rev. 03/07/2022 (1004),SEX,1,SEX,Sex,select,False,,,,,,,"[{""value"": ""M"", ""label"": ""M""}, {""value"": ""F"", ""label"": ""F""}]","{""element"": ""select"", ""label"": ""Sex"", ""name"": ""SEX"", ""options"": [{""label"": ""M"", ""value"": ""M""}, {""label"": ""F"", ""value"": ""F""}], ""pattern"": null, ""placeholder"": null, ""required"": false, ""tooltip"": null, ""value"": null}"
NY_2022,New York,Rev. 03/07/2022 (1004),DONOR,1,DONOR,Donor,select,False,,,,,,,"[{""value"": ""NO"", ""label"": ""No""}, {""value"": ""YES"", ""label"": ""Yes""}]","{""element"": ""select"", ""label"": ""Donor"", ""name"": ""DONOR"", ""options"": [{""label"": ""No"", ""value"": ""NO""}, {""label"": ""Yes"", ""value"": ""YES""}], ""pattern"": null, ""placeholder"": null, ""required"": false, ""tooltip"": null, ""value"": null}"
NY_2022,New York,Rev. 03/07/2022 (1004),DOB,1,DOB,Birth date,input,True,01151970,((((0[13578]|1[02])(0[1-9]|[12][0-9]|3[01]))|((0[469]|11)(0[1-9]|[12][0-9]|30))|(02)(0[1-9]|[1][0-9]|2[0-8]))([0-9]{3}[1-9]|[0-9]{2}[1-9][0-9]{1}|[0-9]{1}[1-9][0-9]{2}|[1-9][0-9]{3}))|(0229(([0-9]{2})(0[48]|[2468][048]|[13579][26])|((0[48]|[2468][048]|[3579][26])00))),8,8,,You need input the date in MMDDYYYY format,[],"{""element"": ""input"", ""label"": ""Birth date"", ""maxlength"": 8, ""minlength"": 8, ""name"": ""DOB"", ""pattern"": ""((((0[13578]|1[02])(0[1-9]|[12][0-9]|3[01]))|((0[469]|11)(0[1-9]|[12][0-9]|30))|(02)(0[1-9]|[1][0-9]|2[0-8]))([0-9]{3}[1-9]|[0-9]{2}[1-9][0-9]{1}|[0-9]{1}[1-9][0-9]{2}|[1-9][0-9]{3}))|(0229(([0-9]{2})(0[48]|[2468][048]|[13579][26])|((0[48]|[2468][048]|[3579][26])00)))"", ""placeholder"": ""01151970"", ""required"": true, ""tooltip"": ""You need input the date in MMDDYYYY format"", ""value"": """"}"
NY_2022,New York,Rev. 03/07/2022 (1004),DOI,1,DOI,Issue date,input,True,08262020,((((0[13578]|1[02])(0[1-9]|[12][0-9]|3[01]))|((0[469]|11)(0[1-9]|[12][0-9]|30))|(02)(0[1-9]|[1][0-9]|2[0-8]))([0-9]{3}[1-9]|[0-9]{2}[1-9][0-9]{1}|[0-9]{1}[1-9][0-9]{2}|[1-9][0-9]{3}))|(0229(([0-9]{2})(0[48]|[2468][048]|[13579][26])|((0[48]|[2468][048]|[3579][26])00))),8,8,,You need input the date in MMDDYYYY ,[],"{""element"": ""input"", ""label"": ""Issue date"", ""maxlength"": 8, ""minlength"": 8, ""name"": ""DOI"", ""pattern"": ""((((0[13578]|1[02])(0[1-9]|[12][0-9]|3[01]))|((0[469]|11)(0[1-9]|[12][0-9]|30))|(02)(0[1-9]|[1][0-9]|2[0-8]))([0-9]{3}[1-9]|[0-9]{2}[1-9][0-9]{1}|[0-9]{1}[1-9][0-9]{2}|[1-9][0-9]{3}))|(0229(([0-9]{2})(0[48]|[2468][048]|[13579][26])|((0[48]|[2468][048]|[3579][26])00)))"", ""placeholder"": ""08262020"", ""required"": true, ""tooltip"": ""You need input the date in MMDDYYYY "", ""value"": """"}"
NY_2022,New York,Rev. 03/07/2022 (1004),DOE,1,DOE,Expiry date,input,True,01152028,((((0[13578]|1[02])(0[1-9]|[12][0-9]|3[01]))|((0[469]|11)(0[1-9]|[12][0-9]|30))|(02)(0[1-9]|[1][0-9]|2[0-8]))([0-9]{3}[1-9]|[0-9]{2}[1-9][0-9]{1}|[0-9]{1}[1-9][0-9]{2}|[1-9][0-9]{3}))|(0229(([0-9]{2})(0[48]|[2468][048]|[13579][26])|((0[48]|[2468][048]|[3579][26])00))),8,8,,Same month and day as in birth date. 8 years after the year of issue,[],"{""element"": ""input"", ""label"": ""Expiry date"", ""maxlength"": 8, ""minlength"": 8, ""name"": ""DOE"", ""pattern"": ""((((0[13578]|1[02])(0[1-9]|[12][0-9]|3[01]))|((0[469]|11)(0[1-9]|[12][0-9]|30))|(02)(0[1-9]|[1][0-9]|2[0-8]))([0-9]{3}[1-9]|[0-9]{2}[1-9][0-9]{1}|[0-9]{1}[1-9][0-9]{2}|[1-9][0-9]{3}))|(0229(([0-9]{2})(0[48]|[2468][048]|[13579][26])|((0[48]|[2468][048]|[3579][26])00)))"", ""placeholder"": ""01152028"", ""required"": true, ""tooltip"": ""Same month and day as in birth date. 8 years after the year of issue"", ""value"": """"}"
NY_2022,New York,Rev. 03/07/2022 (1004),DD,1,DD,DD,input,True,C6JEH2RP06,[a-zA-Z0-9]{10},10,10,,10 random characters. <br> You can click on the calculator icon to calculate DD <b>automatically!</b>,[],"{""element"": ""input"", ""label"": ""DD"", ""maxlength"": 10, ""minlength"": 10, ""name"": ""DD"", ""pattern"": ""[a-zA-Z0-9]{10}"", ""placeholder"": ""C6JEH2RP06"", ""required"": true, ""tooltip"": ""10 random characters. <br> You can click on the calculator icon to calculate DD <b>automatically!</b>"", ""value"": null}"
NY_2022,New York,Rev. 03/07/2022 (1004),RESTRICTIONS,1,RESTRICTIONS,Restrictions,input,True,NONE,,,,NONE,,[],"{""element"": ""input"", ""label"": ""Restrictions"", ""name"": ""RESTRICTIONS"", ""pattern"": null, ""placeholder"": ""NONE"", ""required"": true, ""tooltip"": null, ""value"": ""NONE""}"
NY_2022,New York,Rev. 03/07/2022 (1004),ENDORSEMENT,1,ENDORSEMENT,Endorsement,input,True,NONE,,,,NONE,,[],"{""element"": ""input"", ""label"": ""Endorsement"", ""name"": ""ENDORSEMENT"", ""pattern"": null, ""placeholder"": ""NONE"", ""required"": true, ""tooltip"": null, ""value"": ""NONE""}"
NY_2022,New York,Rev. 03/07/2022 (1004),HEIGHT,1,HEIGHT,Height (in.),input,True,69,,,2,69,,[],"{""element"": ""input"", ""label"": ""Height (in.)"", ""maxlength"": 2, ""name"": ""HEIGHT"", ""pattern"": null, ""placeholder"": ""69"", ""required"": true, ""tooltip"": null, ""value"": ""69""}"
NY_2022,New York,Rev. 03/07/2022 (1004),EYE,1,EYE,Eye (ANSI D-20),select,True,,,,,,,"[{""value"": """", ""label"": ""== Select ==""}, {""value"": ""BLK"", ""label"": ""BLK (Black)""}, {""value"": ""BLU"", ""label"": ""BLU (Blue)""}, {""value"": ""BRO"", ""label"": ""BRO (Brown)""}, {""value"": ""GRY"", ""label"": ""GRY (Gray)""}, {""value"": ""GRN"", ""label"": ""GRN (Green)""}, {""value"": ""HAZ"", ""label"": ""HAZ (Hazel)""}, {""value"": ""MAR"", ""label"": ""MAR (Maroon)""}, {""value"": ""PNK"", ""label"": ""PNK (Pink)""}, {""value"": ""DIC"", ""label"": ""DIC (Dichromatic)""}, {""value"": ""UNK"", ""label"": ""UNK (Unknown)""}]","{""element"": ""select"", ""label"": ""Eye (ANSI D-20)"", ""name"": ""EYE"", ""options"": [{""label"": ""== Select =="", ""value"": """"}, {""label"": ""BLK (Black)"", ""value"": ""BLK""}, {""label"": ""BLU (Blue)"", ""value"": ""BLU""}, {""label"": ""BRO (Brown)"", ""value"": ""BRO""}, {""label"": ""GRY (Gray)"", ""value"": ""GRY""}, {""label"": ""GRN (Green)"", ""value"": ""GRN""}, {""label"": ""HAZ (Hazel)"", ""value"": ""HAZ""}, {""label"": ""MAR (Maroon)"", ""value"": ""MAR""}, {""label"": ""PNK (Pink)"", ""value"": ""PNK""}, {""label"": ""DIC (Dichromatic)"", ""value"": ""DIC""}, {""label"": ""UNK (Unknown)"", ""value"": ""UNK""}], ""pattern"": null, ""placeholder"": null, ""required"": true, ""tooltip"": null, ""value"": null}"
NC,North Carolina,Rev. 10/24/2014 (0800),NUMBER,1,NUMBER,DL Number,input,True,000007886015,0000[0-9]{8},12,12,,5 zeros + 7 random digits. You can click on the calculator icon to calculate number <b>automatically!</b>,[],"{""element"": ""input"", ""label"": ""DL Number"", ""maxlength"": 12, ""minlength"": 12, ""name"": ""NUMBER"", ""pattern"": ""0000[0-9]{8}"", ""placeholder"": ""000007886015"", ""required"": true, ""tooltip"": ""5 zeros + 7 random digits. You can click on the calculator icon to calculate number <b>automatically!</b>"", ""value"": """"}"
NC,North Carolina,Rev. 10/24/2014 (0800),FIRSTNAME,1,FIRSTNAME,First name,input,True,John,[a-zA-Z\s]+,,,,,[],"{""element"": ""input"", ""label"": ""First name"", ""name"": ""FIRSTNAME"", ""pattern"": ""[a-zA-Z\\s]+"", ""placeholder"": ""John"", ""required"": true, ""tooltip"": null, ""value"": """"}"
NC,North Carolina,Rev. 10/24/2014 (0800),LASTNAME,1,LASTNAME,Last name,input,True,Doe,[a-zA-Z\s]+,,,,,[],"{""element"": ""input"", ""label"": ""Last name"", ""name"": ""LASTNAME"", ""pattern"": ""[a-zA-Z\\s]+"", ""placeholder"": ""Doe"", ""required"": true, ""tooltip"": null, ""value"": """"}"
NC,North Carolina,Rev. 10/24/2014 (0800),MIDDLENAME,1,MIDDLENAME,Middle name,input,False,,,,,,This field is optional. You can click on the calculator icon to generate random name. Select gender in the field below to specify name gender.,[],"{""element"": ""input"", ""label"": ""Middle name"", ""name"": ""MIDDLENAME"", ""pattern"": null, ""placeholder"": """", ""required"": false, ""tooltip"": ""This field is optional. You can click on the calculator icon to generate random name. Select gender in the field below to specify name gender."", ""value"": """"}"
NC,North Carolina,Rev. 10/24/2014 (0800),ADDRESS,1,ADDRESS,Address,input,True,110 Lemons St,,,,110 Lemons St,,[],"{""element"": ""input"", ""label"": ""Address"", ""name"": ""ADDRESS"", ""pattern"": null, ""placeholder"": ""110 Lemons St"", ""required"": true, ""tooltip"": null, ""value"": ""110 Lemons St""}"
NC,North Carolina,Rev. 10/24/2014 (0800),CITY,1,CITY,City,input,True,Stoneville,,,,Stoneville,,[],"{""element"": ""input"", ""label"": ""City"", ""name"": ""CITY"", ""pattern"": null, ""placeholder"": ""Stoneville"", ""required"": true, ""tooltip"": null, ""value"": ""Stoneville""}"
NC,North Carolina,Rev. 10/24/2014 (0800),ZIP,1,ZIP,Zip code,input,True,270488702,[0-9]{5}[0-9]{4},9,9,270488702,,[],"{""element"": ""input"", ""label"": ""Zip code"", ""maxlength"": 9, ""minlength"": 9, ""name"": ""ZIP"", ""pattern"": ""[0-9]{5}[0-9]{4}"", ""placeholder"": ""270488702"", ""required"": true, ""tooltip"": null, ""value"": ""270488702""}"
NC,North Carolina,Rev. 10/24/2014 (0800),CLASS,1,CLASS,DL Class,input,True,C,[A-Z1-9]+,1,4,C,,[],"{""element"": ""input"", ""label"": ""DL Class"", ""maxlength"": 4, ""minlength"": 1, ""name"": ""CLASS"", ""pattern"": ""[A-Z1-9]+"", ""placeholder"": ""C"", ""required"": true, ""tooltip"": null, ""value"": ""C""}"
NC,North Carolina,Rev. 10/24/2014 (0800),SEX,1,SEX,Sex,select,False,,,,,,,"[{""value"": ""M"", ""label"": ""M""}, {""value"": ""F"", ""label"": ""F""}]","{""element"": ""select"", ""label"": ""Sex"", ""name"": ""SEX"", ""options"": [{""label"": ""M"", ""value"": ""M""}, {""label"": ""F"", ""value"": ""F""}], ""pattern"": null, ""placeholder"": null, ""required"": false, ""tooltip"": null, ""value"": null}"
NC,North Carolina,Rev. 10/24/2014 (0800),DONOR,1,DONOR,Donor,select,False,,,,,,,"[{""value"": ""NO"", ""label"": ""No""}, {""value"": ""YES"", ""label"": ""Yes""}]","{""element"": ""select"", ""label"": ""Donor"", ""name"": ""DONOR"", ""options"": [{""label"": ""No"", ""value"": ""NO""}, {""label"": ""Yes"", ""value"": ""YES""}], ""pattern"": null, ""placeholder"": null, ""required"": false, ""tooltip"": null, ""value"": null}"
NC,North Carolina,Rev. 10/24/2014 (0800),DOB,1,DOB,Birth date,input,True,01151970,((((0[13578]|1[02])(0[1-9]|[12][0-9]|3[01]))|((0[469]|11)(0[1-9]|[12][0-9]|30))|(02)(0[1-9]|[1][0-9]|2[0-8]))([0-9]{3}[1-9]|[0-9]{2}[1-9][0-9]{1}|[0-9]{1}[1-9][0-9]{2}|[1-9][0-9]{3}))|(0229(([0-9]{2})(0[48]|[2468][048]|[13579][26])|((0[48]|[2468][048]|[3579][26])00))),8,8,,You need input the date in MMDDYYYY format,[],"{""element"": ""input"", ""label"": ""Birth date"", ""maxlength"": 8, ""minlength"": 8, ""name"": ""DOB"", ""pattern"": ""((((0[13578]|1[02])(0[1-9]|[12][0-9]|3[01]))|((0[469]|11)(0[1-9]|[12][0-9]|30))|(02)(0[1-9]|[1][0-9]|2[0-8]))([0-9]{3}[1-9]|[0-9]{2}[1-9][0-9]{1}|[0-9]{1}[1-9][0-9]{2}|[1-9][0-9]{3}))|(0229(([0-9]{2})(0[48]|[2468][048]|[13579][26])|((0[48]|[2468][048]|[3579][26])00)))"", ""placeholder"": ""01151970"", ""required"": true, ""tooltip"": ""You need input the date in MMDDYYYY format"", ""value"": """"}"
NC,North Carolina,Rev. 10/24/2014 (0800),DOI,1,DOI,Issue date,input,True,08262016,((((0[13578]|1[02])(0[1-9]|[12][0-9]|3[01]))|((0[469]|11)(0[1-9]|[12][0-9]|30))|(02)(0[1-9]|[1][0-9]|2[0-8]))([0-9]{3}[1-9]|[0-9]{2}[1-9][0-9]{1}|[0-9]{1}[1-9][0-9]{2}|[1-9][0-9]{3}))|(0229(([0-9]{2})(0[48]|[2468][048]|[13579][26])|((0[48]|[2468][048]|[3579][26])00))),8,8,,You need input the date in MMDDYYYY format,[],"{""element"": ""input"", ""label"": ""Issue date"", ""maxlength"": 8, ""minlength"": 8, ""name"": ""DOI"", ""pattern"": ""((((0[13578]|1[02])(0[1-9]|[12][0-9]|3[01]))|((0[469]|11)(0[1-9]|[12][0-9]|30))|(02)(0[1-9]|[1][0-9]|2[0-8]))([0-9]{3}[1-9]|[0-9]{2}[1-9][0-9]{1}|[0-9]{1}[1-9][0-9]{2}|[1-9][0-9]{3}))|(0229(([0-9]{2})(0[48]|[2468][048]|[13579][26])|((0[48]|[2468][048]|[3579][26])00)))"", ""placeholder"": ""08262016"", ""required"": true, ""tooltip"": ""You need input the date in MMDDYYYY format"", ""value"": """"}"
NC,North Carolina,Rev. 10/24/2014 (0800),DOE,1,DOE,Expiry date,input,True,01152024,((((0[13578]|1[02])(0[1-9]|[12][0-9]|3[01]))|((0[469]|11)(0[1-9]|[12][0-9]|30))|(02)(0[1-9]|[1][0-9]|2[0-8]))([0-9]{3}[1-9]|[0-9]{2}[1-9][0-9]{1}|[0-9]{1}[1-9][0-9]{2}|[1-9][0-9]{3}))|(0229(([0-9]{2})(0[48]|[2468][048]|[13579][26])|((0[48]|[2468][048]|[3579][26])00))),8,8,,Same month and day as in birth date. 8 years after the year of issue,[],"{""element"": ""input"", ""label"": ""Expiry date"", ""maxlength"": 8, ""minlength"": 8, ""name"": ""DOE"", ""pattern"": ""((((0[13578]|1[02])(0[1-9]|[12][0-9]|3[01]))|((0[469]|11)(0[1-9]|[12][0-9]|30))|(02)(0[1-9]|[1][0-9]|2[0-8]))([0-9]{3}[1-9]|[0-9]{2}[1-9][0-9]{1}|[0-9]{1}[1-9][0-9]{2}|[1-9][0-9]{3}))|(0229(([0-9]{2})(0[48]|[2468][048]|[13579][26])|((0[48]|[2468][048]|[3579][26])00)))"", ""placeholder"": ""01152024"", ""required"": true, ""tooltip"": ""Same month and day as in birth date. 8 years after the year of issue"", ""value"": """"}"
NC,North Carolina,Rev. 10/24/2014 (0800),ICN,1,ICN,ICN,input,True,000007886015NCXR9S01,0000[0-9]{8}NC[a-zA-Z0-9]{4}01,20,20,,You can click on the calculator icon to calculate ICN <b>automatically!</b>,[],"{""element"": ""input"", ""label"": ""ICN"", ""maxlength"": 20, ""minlength"": 20, ""name"": ""ICN"", ""pattern"": ""0000[0-9]{8}NC[a-zA-Z0-9]{4}01"", ""placeholder"": ""000007886015NCXR9S01"", ""required"": true, ""tooltip"": ""You can click on the calculator icon to calculate ICN <b>automatically!</b>"", ""value"": null}"
NC,North Carolina,Rev. 10/24/2014 (0800),DD,1,DD,DD,input,True,0015245648,00[0-9]{8},10,10,,Document number + audit information <br> You can click on the calculator icon to calculate DD <b>automatically!</b>,[],"{""element"": ""input"", ""label"": ""DD"", ""maxlength"": 10, ""minlength"": 10, ""name"": ""DD"", ""pattern"": ""00[0-9]{8}"", ""placeholder"": ""0015245648"", ""required"": true, ""tooltip"": ""Document number + audit information <br> You can click on the calculator icon to calculate DD <b>automatically!</b>"", ""value"": null}"
NC,North Carolina,Rev. 10/24/2014 (0800),RESTRICTIONS,1,RESTRICTIONS,Restrictions,input,True,NONE,,,,NONE,,[],"{""element"": ""input"", ""label"": ""Restrictions"", ""name"": ""RESTRICTIONS"", ""pattern"": null, ""placeholder"": ""NONE"", ""required"": true, ""tooltip"": null, ""value"": ""NONE""}"
NC,North Carolina,Rev. 10/24/2014 (0800),ENDORSEMENT,1,ENDORSEMENT,Endorsement,input,True,NONE,,,,NONE,,[],"{""element"": ""input"", ""label"": ""Endorsement"", ""name"": ""ENDORSEMENT"", ""pattern"": null, ""placeholder"": ""NONE"", ""required"": true, ""tooltip"": null, ""value"": ""NONE""}"
NC,North Carolina,Rev. 10/24/2014 (0800),HEIGHT,1,HEIGHT,Height (in.),input,True,69,,,2,69,,[],"{""element"": ""input"", ""label"": ""Height (in.)"", ""maxlength"": 2, ""name"": ""HEIGHT"", ""pattern"": null, ""placeholder"": ""69"", ""required"": true, ""tooltip"": null, ""value"": ""69""}"
NC,North Carolina,Rev. 10/24/2014 (0800),RACE,1,RACE,Race (ANSI D-20),select,True,,,,,,,"[{""value"": """", ""label"": ""== Select ==""}, {""value"": ""AI"", ""label"": ""Alaskan or American Indian""}, {""value"": ""AP"", ""label"": ""Asian or Pacific Islander""}, {""value"": ""BK"", ""label"": ""Black""}, {""value"": ""H"", ""label"": ""Hispanic Origin""}, {""value"": ""O"", ""label"": ""Non-hispanic""}, {""value"": ""U"", ""label"": ""Unknown""}, {""value"": ""W"", ""label"": ""White""}]","{""element"": ""select"", ""label"": ""Race (ANSI D-20)"", ""name"": ""RACE"", ""options"": [{""label"": ""== Select =="", ""value"": """"}, {""label"": ""Alaskan or American Indian"", ""value"": ""AI""}, {""label"": ""Asian or Pacific Islander"", ""value"": ""AP""}, {""label"": ""Black"", ""value"": ""BK""}, {""label"": ""Hispanic Origin"", ""value"": ""H""}, {""label"": ""Non-hispanic"", ""value"": ""O""}, {""label"": ""Unknown"", ""value"": ""U""}, {""label"": ""White"", ""value"": ""W""}], ""pattern"": null, ""placeholder"": null, ""required"": true, ""tooltip"": null, ""value"": null}"
NC,North Carolina,Rev. 10/24/2014 (0800),EYE,1,EYE,Eye (ANSI D-20),select,True,,,,,,,"[{""value"": """", ""label"": ""== Select ==""}, {""value"": ""BLK"", ""label"": ""BLK (Black)""}, {""value"": ""BLU"", ""label"": ""BLU (Blue)""}, {""value"": ""BRO"", ""label"": ""BRO (Brown)""}, {""value"": ""GRY"", ""label"": ""GRY (Gray)""}, {""value"": ""GRN"", ""label"": ""GRN (Green)""}, {""value"": ""HAZ"", ""label"": ""HAZ (Hazel)""}, {""value"": ""MAR"", ""label"": ""MAR (Maroon)""}, {""value"": ""PNK"", ""label"": ""PNK (Pink)""}, {""value"": ""DIC"", ""label"": ""DIC (Dichromatic)""}, {""value"": ""UNK"", ""label"": ""UNK (Unknown)""}]","{""element"": ""select"", ""label"": ""Eye (ANSI D-20)"", ""name"": ""EYE"", ""options"": [{""label"": ""== Select =="", ""value"": """"}, {""label"": ""BLK (Black)"", ""value"": ""BLK""}, {""label"": ""BLU (Blue)"", ""value"": ""BLU""}, {""label"": ""BRO (Brown)"", ""value"": ""BRO""}, {""label"": ""GRY (Gray)"", ""value"": ""GRY""}, {""label"": ""GRN (Green)"", ""value"": ""GRN""}, {""label"": ""HAZ (Hazel)"", ""value"": ""HAZ""}, {""label"": ""MAR (Maroon)"", ""value"": ""MAR""}, {""label"": ""PNK (Pink)"", ""value"": ""PNK""}, {""label"": ""DIC (Dichromatic)"", ""value"": ""DIC""}, {""label"": ""UNK (Unknown)"", ""value"": ""UNK""}], ""pattern"": null, ""placeholder"": null, ""required"": true, ""tooltip"": null, ""value"": null}"
NC,North Carolina,Rev. 10/24/2014 (0800),RACE,2,RACE,Hair (ANSI D-20),select,True,,,,,,,"[{""value"": """", ""label"": ""== Select ==""}, {""value"": ""AI"", ""label"": ""Alaskan or American Indian""}, {""value"": ""AP"", ""label"": ""Asian or Pacific Islander""}, {""value"": ""BK"", ""label"": ""Black""}, {""value"": ""H"", ""label"": ""Hispanic Origin""}, {""value"": ""O"", ""label"": ""Non-hispanic""}, {""value"": ""U"", ""label"": ""Unknown""}, {""value"": ""W"", ""label"": ""White""}]","{""element"": ""select"", ""label"": ""Hair (ANSI D-20)"", ""name"": ""RACE"", ""options"": [{""label"": ""== Select =="", ""value"": """"}, {""label"": ""Alaskan or American Indian"", ""value"": ""AI""}, {""label"": ""Asian or Pacific Islander"", ""value"": ""AP""}, {""label"": ""Black"", ""value"": ""BK""}, {""label"": ""Hispanic Origin"", ""value"": ""H""}, {""label"": ""Non-hispanic"", ""value"": ""O""}, {""label"": ""Unknown"", ""value"": ""U""}, {""label"": ""White"", ""value"": ""W""}], ""pattern"": null, ""placeholder"": null, ""required"": true, ""tooltip"": null, ""value"": null}"
ND,North Dakota,Rev. 01/08/2014 (0800),NUMBER,1,NUMBER,DL Number,input,True,DOE707980,[a-zA-Z]{3}[0-9]{6},9,9,,. You can click on the calculator icon to calculate number <b>automatically!</b>,[],"{""element"": ""input"", ""label"": ""DL Number"", ""maxlength"": 9, ""minlength"": 9, ""name"": ""NUMBER"", ""pattern"": ""[a-zA-Z]{3}[0-9]{6}"", ""placeholder"": ""DOE707980"", ""required"": true, ""tooltip"": "". You can click on the calculator icon to calculate number <b>automatically!</b>"", ""value"": """"}"
ND,North Dakota,Rev. 01/08/2014 (0800),FIRSTNAME,1,FIRSTNAME,First name,input,True,John,[a-zA-Z\s]+,,,,,[],"{""element"": ""input"", ""label"": ""First name"", ""name"": ""FIRSTNAME"", ""pattern"": ""[a-zA-Z\\s]+"", ""placeholder"": ""John"", ""required"": true, ""tooltip"": null, ""value"": """"}"
ND,North Dakota,Rev. 01/08/2014 (0800),LASTNAME,1,LASTNAME,Last name,input,True,Doe,[a-zA-Z\s]+,,,,,[],"{""element"": ""input"", ""label"": ""Last name"", ""name"": ""LASTNAME"", ""pattern"": ""[a-zA-Z\\s]+"", ""placeholder"": ""Doe"", ""required"": true, ""tooltip"": null, ""value"": """"}"
ND,North Dakota,Rev. 01/08/2014 (0800),MIDDLENAME,1,MIDDLENAME,Middle name,input,False,,,,,,This field is optional. You can click on the calculator icon to generate random name. Select gender in the field below to specify name gender.,[],"{""element"": ""input"", ""label"": ""Middle name"", ""name"": ""MIDDLENAME"", ""pattern"": null, ""placeholder"": """", ""required"": false, ""tooltip"": ""This field is optional. You can click on the calculator icon to generate random name. Select gender in the field below to specify name gender."", ""value"": """"}"
ND,North Dakota,Rev. 01/08/2014 (0800),ADDRESS,1,ADDRESS,Address,input,True,815 13th Ave W,,,,815 13th Ave W,,[],"{""element"": ""input"", ""label"": ""Address"", ""name"": ""ADDRESS"", ""pattern"": null, ""placeholder"": ""815 13th Ave W"", ""required"": true, ""tooltip"": null, ""value"": ""815 13th Ave W""}"
ND,North Dakota,Rev. 01/08/2014 (0800),CITY,1,CITY,City,input,True,Williston,,,,Williston,,[],"{""element"": ""input"", ""label"": ""City"", ""name"": ""CITY"", ""pattern"": null, ""placeholder"": ""Williston"", ""required"": true, ""tooltip"": null, ""value"": ""Williston""}"
ND,North Dakota,Rev. 01/08/2014 (0800),ZIP,1,ZIP,Zip code,input,True,58801,[0-9]{5},5,5,58801,,[],"{""element"": ""input"", ""label"": ""Zip code"", ""maxlength"": 5, ""minlength"": 5, ""name"": ""ZIP"", ""pattern"": ""[0-9]{5}"", ""placeholder"": ""58801"", ""required"": true, ""tooltip"": null, ""value"": ""58801""}"
ND,North Dakota,Rev. 01/08/2014 (0800),CLASS,1,CLASS,DL Class,input,True,D,[A-Z1-9]+,1,4,D,,[],"{""element"": ""input"", ""label"": ""DL Class"", ""maxlength"": 4, ""minlength"": 1, ""name"": ""CLASS"", ""pattern"": ""[A-Z1-9]+"", ""placeholder"": ""D"", ""required"": true, ""tooltip"": null, ""value"": ""D""}"
ND,North Dakota,Rev. 01/08/2014 (0800),SEX,1,SEX,Sex,select,False,,,,,,,"[{""value"": ""M"", ""label"": ""M""}, {""value"": ""F"", ""label"": ""F""}]","{""element"": ""select"", ""label"": ""Sex"", ""name"": ""SEX"", ""options"": [{""label"": ""M"", ""value"": ""M""}, {""label"": ""F"", ""value"": ""F""}], ""pattern"": null, ""placeholder"": null, ""required"": false, ""tooltip"": null, ""value"": null}"
ND,North Dakota,Rev. 01/08/2014 (0800),DONOR,1,DONOR,Donor,select,False,,,,,,,"[{""value"": ""NO"", ""label"": ""No""}, {""value"": ""YES"", ""label"": ""Yes""}]","{""element"": ""select"", ""label"": ""Donor"", ""name"": ""DONOR"", ""options"": [{""label"": ""No"", ""value"": ""NO""}, {""label"": ""Yes"", ""value"": ""YES""}], ""pattern"": null, ""placeholder"": null, ""required"": false, ""tooltip"": null, ""value"": null}"
ND,North Dakota,Rev. 01/08/2014 (0800),DOB,1,DOB,Birth date,input,True,01151970,((((0[13578]|1[02])(0[1-9]|[12][0-9]|3[01]))|((0[469]|11)(0[1-9]|[12][0-9]|30))|(02)(0[1-9]|[1][0-9]|2[0-8]))([0-9]{3}[1-9]|[0-9]{2}[1-9][0-9]{1}|[0-9]{1}[1-9][0-9]{2}|[1-9][0-9]{3}))|(0229(([0-9]{2})(0[48]|[2468][048]|[13579][26])|((0[48]|[2468][048]|[3579][26])00))),8,8,,You need input the date in MMDDYYYY format,[],"{""element"": ""input"", ""label"": ""Birth date"", ""maxlength"": 8, ""minlength"": 8, ""name"": ""DOB"", ""pattern"": ""((((0[13578]|1[02])(0[1-9]|[12][0-9]|3[01]))|((0[469]|11)(0[1-9]|[12][0-9]|30))|(02)(0[1-9]|[1][0-9]|2[0-8]))([0-9]{3}[1-9]|[0-9]{2}[1-9][0-9]{1}|[0-9]{1}[1-9][0-9]{2}|[1-9][0-9]{3}))|(0229(([0-9]{2})(0[48]|[2468][048]|[13579][26])|((0[48]|[2468][048]|[3579][26])00)))"", ""placeholder"": ""01151970"", ""required"": true, ""tooltip"": ""You need input the date in MMDDYYYY format"", ""value"": """"}"
ND,North Dakota,Rev. 01/08/2014 (0800),DOI,1,DOI,Issue date,input,True,08262020,((((0[13578]|1[02])(0[1-9]|[12][0-9]|3[01]))|((0[469]|11)(0[1-9]|[12][0-9]|30))|(02)(0[1-9]|[1][0-9]|2[0-8]))([0-9]{3}[1-9]|[0-9]{2}[1-9][0-9]{1}|[0-9]{1}[1-9][0-9]{2}|[1-9][0-9]{3}))|(0229(([0-9]{2})(0[48]|[2468][048]|[13579][26])|((0[48]|[2468][048]|[3579][26])00))),8,8,,You need input the date in MMDDYYYY format,[],"{""element"": ""input"", ""label"": ""Issue date"", ""maxlength"": 8, ""minlength"": 8, ""name"": ""DOI"", ""pattern"": ""((((0[13578]|1[02])(0[1-9]|[12][0-9]|3[01]))|((0[469]|11)(0[1-9]|[12][0-9]|30))|(02)(0[1-9]|[1][0-9]|2[0-8]))([0-9]{3}[1-9]|[0-9]{2}[1-9][0-9]{1}|[0-9]{1}[1-9][0-9]{2}|[1-9][0-9]{3}))|(0229(([0-9]{2})(0[48]|[2468][048]|[13579][26])|((0[48]|[2468][048]|[3579][26])00)))"", ""placeholder"": ""08262020"", ""required"": true, ""tooltip"": ""You need input the date in MMDDYYYY format"", ""value"": """"}"
ND,North Dakota,Rev. 01/08/2014 (0800),DOE,1,DOE,Expiry date,input,True,01152026,((((0[13578]|1[02])(0[1-9]|[12][0-9]|3[01]))|((0[469]|11)(0[1-9]|[12][0-9]|30))|(02)(0[1-9]|[1][0-9]|2[0-8]))([0-9]{3}[1-9]|[0-9]{2}[1-9][0-9]{1}|[0-9]{1}[1-9][0-9]{2}|[1-9][0-9]{3}))|(0229(([0-9]{2})(0[48]|[2468][048]|[13579][26])|((0[48]|[2468][048]|[3579][26])00))),8,8,,Same month and day as in birth date. 6 years after the year of issue,[],"{""element"": ""input"", ""label"": ""Expiry date"", ""maxlength"": 8, ""minlength"": 8, ""name"": ""DOE"", ""pattern"": ""((((0[13578]|1[02])(0[1-9]|[12][0-9]|3[01]))|((0[469]|11)(0[1-9]|[12][0-9]|30))|(02)(0[1-9]|[1][0-9]|2[0-8]))([0-9]{3}[1-9]|[0-9]{2}[1-9][0-9]{1}|[0-9]{1}[1-9][0-9]{2}|[1-9][0-9]{3}))|(0229(([0-9]{2})(0[48]|[2468][048]|[13579][26])|((0[48]|[2468][048]|[3579][26])00)))"", ""placeholder"": ""01152026"", ""required"": true, ""tooltip"": ""Same month and day as in birth date. 6 years after the year of issue"", ""value"": """"}"
ND,North Dakota,Rev. 01/08/2014 (0800),ICN,1,ICN,ICN,input,True,0340018171565059,03400[0-9]{11},16,16,,'03400' + 11 random digits. You can click on the calculator icon to calculate ICN <b>automatically!</b>,[],"{""element"": ""input"", ""label"": ""ICN"", ""maxlength"": 16, ""minlength"": 16, ""name"": ""ICN"", ""pattern"": ""03400[0-9]{11}"", ""placeholder"": ""0340018171565059"", ""required"": true, ""tooltip"": ""'03400' + 11 random digits. You can click on the calculator icon to calculate ICN <b>automatically!</b>"", ""value"": null}"
ND,North Dakota,Rev. 01/08/2014 (0800),DD,1,DD,DD,input,True,7DOE707980DJ78517vP48NDZ,[0-9][a-zA-Z]{3}[0-9]{6}[a-zA-Z]{2}[0-9]{5}[a-z][A-Z][0-9]{2}NDZ,24,24,,Decade of birth year + DL Number + Last and First name initials + 4 digits + lowecase and uppercase letter + 2 digits + 'NDZ'. <br> You can click on the calculator icon to calculate DD <b>automatically!</b>,[],"{""element"": ""input"", ""label"": ""DD"", ""maxlength"": 24, ""minlength"": 24, ""name"": ""DD"", ""pattern"": ""[0-9][a-zA-Z]{3}[0-9]{6}[a-zA-Z]{2}[0-9]{5}[a-z][A-Z][0-9]{2}NDZ"", ""placeholder"": ""7DOE707980DJ78517vP48NDZ"", ""required"": true, ""tooltip"": ""Decade of birth year + DL Number + Last and First name initials + 4 digits + lowecase and uppercase letter + 2 digits + 'NDZ'. <br> You can click on the calculator icon to calculate DD <b>automatically!</b>"", ""value"": null}"
ND,North Dakota,Rev. 01/08/2014 (0800),RESTRICTIONS,1,RESTRICTIONS,Restrictions,input,True,NONE,,,,NONE,,[],"{""element"": ""input"", ""label"": ""Restrictions"", ""name"": ""RESTRICTIONS"", ""pattern"": null, ""placeholder"": ""NONE"", ""required"": true, ""tooltip"": null, ""value"": ""NONE""}"
ND,North Dakota,Rev. 01/08/2014 (0800),ENDORSEMENT,1,ENDORSEMENT,Endorsement,input,True,NONE,,,,NONE,,[],"{""element"": ""input"", ""label"": ""Endorsement"", ""name"": ""ENDORSEMENT"", ""pattern"": null, ""placeholder"": ""NONE"", ""required"": true, ""tooltip"": null, ""value"": ""NONE""}"
ND,North Dakota,Rev. 01/08/2014 (0800),HEIGHT,1,HEIGHT,Height (in.),input,True,69,,,2,69,,[],"{""element"": ""input"", ""label"": ""Height (in.)"", ""maxlength"": 2, ""name"": ""HEIGHT"", ""pattern"": null, ""placeholder"": ""69"", ""required"": true, ""tooltip"": null, ""value"": ""69""}"
ND,North Dakota,Rev. 01/08/2014 (0800),OPTION,1,OPTION,Option,input,True,182,[0-9]{3},2,3,,3 numbers in the corner of the main photo. You can click on the calculator icon to calculate number <b>automatically!</b>,[],"{""element"": ""input"", ""label"": ""Option"", ""maxlength"": 3, ""minlength"": 2, ""name"": ""OPTION"", ""pattern"": ""[0-9]{3}"", ""placeholder"": ""182"", ""required"": true, ""tooltip"": ""3 numbers in the corner of the main photo. You can click on the calculator icon to calculate number <b>automatically!</b>"", ""value"": """"}"
ND,North Dakota,Rev. 01/08/2014 (0800),EYE,1,EYE,Eye (ANSI D-20),select,True,,,,,,,"[{""value"": """", ""label"": ""== Select ==""}, {""value"": ""BLK"", ""label"": ""BLK (Black)""}, {""value"": ""BLU"", ""label"": ""BLU (Blue)""}, {""value"": ""BRO"", ""label"": ""BRO (Brown)""}, {""value"": ""GRY"", ""label"": ""GRY (Gray)""}, {""value"": ""GRN"", ""label"": ""GRN (Green)""}, {""value"": ""HAZ"", ""label"": ""HAZ (Hazel)""}, {""value"": ""MAR"", ""label"": ""MAR (Maroon)""}, {""value"": ""PNK"", ""label"": ""PNK (Pink)""}, {""value"": ""DIC"", ""label"": ""DIC (Dichromatic)""}, {""value"": ""UNK"", ""label"": ""UNK (Unknown)""}]","{""element"": ""select"", ""label"": ""Eye (ANSI D-20)"", ""name"": ""EYE"", ""options"": [{""label"": ""== Select =="", ""value"": """"}, {""label"": ""BLK (Black)"", ""value"": ""BLK""}, {""label"": ""BLU (Blue)"", ""value"": ""BLU""}, {""label"": ""BRO (Brown)"", ""value"": ""BRO""}, {""label"": ""GRY (Gray)"", ""value"": ""GRY""}, {""label"": ""GRN (Green)"", ""value"": ""GRN""}, {""label"": ""HAZ (Hazel)"", ""value"": ""HAZ""}, {""label"": ""MAR (Maroon)"", ""value"": ""MAR""}, {""label"": ""PNK (Pink)"", ""value"": ""PNK""}, {""label"": ""DIC (Dichromatic)"", ""value"": ""DIC""}, {""label"": ""UNK (Unknown)"", ""value"": ""UNK""}], ""pattern"": null, ""placeholder"": null, ""required"": true, ""tooltip"": null, ""value"": null}"
ND,North Dakota,Rev. 01/08/2014 (0800),REALID,1,REALID,Is REAL ID,select,False,,,,,,"North Dakota started issuing REAL ID compliant cards on 05/01/2018. If the card issue date is before this date, do not select REAL ID compliant.","[{""value"": ""F"", ""label"": ""Yes""}, {""value"": ""N"", ""label"": ""No""}]","{""element"": ""select"", ""label"": ""Is REAL ID"", ""name"": ""REALID"", ""options"": [{""label"": ""Yes"", ""value"": ""F""}, {""label"": ""No"", ""value"": ""N""}], ""pattern"": null, ""placeholder"": null, ""required"": false, ""tooltip"": ""North Dakota started issuing REAL ID compliant cards on 05/01/2018. If the card issue date is before this date, do not select REAL ID compliant."", ""value"": null}"
ND_2023,North Dakota,Rev. 03/10/2023 (1000),NUMBER,1,NUMBER,DL Number,input,True,DOE707980,[a-zA-Z]{3}[0-9]{6},9,9,,. You can click on the calculator icon to calculate number <b>automatically!</b>,[],"{""element"": ""input"", ""label"": ""DL Number"", ""maxlength"": 9, ""minlength"": 9, ""name"": ""NUMBER"", ""pattern"": ""[a-zA-Z]{3}[0-9]{6}"", ""placeholder"": ""DOE707980"", ""required"": true, ""tooltip"": "". You can click on the calculator icon to calculate number <b>automatically!</b>"", ""value"": """"}"
ND_2023,North Dakota,Rev. 03/10/2023 (1000),FIRSTNAME,1,FIRSTNAME,First name,input,True,John,[a-zA-Z\s]+,,,,,[],"{""element"": ""input"", ""label"": ""First name"", ""name"": ""FIRSTNAME"", ""pattern"": ""[a-zA-Z\\s]+"", ""placeholder"": ""John"", ""required"": true, ""tooltip"": null, ""value"": """"}"
ND_2023,North Dakota,Rev. 03/10/2023 (1000),LASTNAME,1,LASTNAME,Last name,input,True,Doe,[a-zA-Z\s]+,,,,,[],"{""element"": ""input"", ""label"": ""Last name"", ""name"": ""LASTNAME"", ""pattern"": ""[a-zA-Z\\s]+"", ""placeholder"": ""Doe"", ""required"": true, ""tooltip"": null, ""value"": """"}"
ND_2023,North Dakota,Rev. 03/10/2023 (1000),MIDDLENAME,1,MIDDLENAME,Middle name,input,False,,,,,,This field is optional. You can click on the calculator icon to generate random name. Select gender in the field below to specify name gender.,[],"{""element"": ""input"", ""label"": ""Middle name"", ""name"": ""MIDDLENAME"", ""pattern"": null, ""placeholder"": """", ""required"": false, ""tooltip"": ""This field is optional. You can click on the calculator icon to generate random name. Select gender in the field below to specify name gender."", ""value"": """"}"
ND_2023,North Dakota,Rev. 03/10/2023 (1000),ADDRESS,1,ADDRESS,Address,input,True,815 13th Ave W,,,,815 13th Ave W,,[],"{""element"": ""input"", ""label"": ""Address"", ""name"": ""ADDRESS"", ""pattern"": null, ""placeholder"": ""815 13th Ave W"", ""required"": true, ""tooltip"": null, ""value"": ""815 13th Ave W""}"
ND_2023,North Dakota,Rev. 03/10/2023 (1000),CITY,1,CITY,City,input,True,Williston,,,,Williston,,[],"{""element"": ""input"", ""label"": ""City"", ""name"": ""CITY"", ""pattern"": null, ""placeholder"": ""Williston"", ""required"": true, ""tooltip"": null, ""value"": ""Williston""}"
ND_2023,North Dakota,Rev. 03/10/2023 (1000),ZIP,1,ZIP,Zip code,input,True,588014618,[0-9]{9},9,9,588014618,,[],"{""element"": ""input"", ""label"": ""Zip code"", ""maxlength"": 9, ""minlength"": 9, ""name"": ""ZIP"", ""pattern"": ""[0-9]{9}"", ""placeholder"": ""588014618"", ""required"": true, ""tooltip"": null, ""value"": ""588014618""}"
ND_2023,North Dakota,Rev. 03/10/2023 (1000),CLASS,1,CLASS,DL Class,input,True,D,[A-Z1-9]+,1,4,D,,[],"{""element"": ""input"", ""label"": ""DL Class"", ""maxlength"": 4, ""minlength"": 1, ""name"": ""CLASS"", ""pattern"": ""[A-Z1-9]+"", ""placeholder"": ""D"", ""required"": true, ""tooltip"": null, ""value"": ""D""}"
ND_2023,North Dakota,Rev. 03/10/2023 (1000),SEX,1,SEX,Sex,select,False,,,,,,,"[{""value"": ""M"", ""label"": ""M""}, {""value"": ""F"", ""label"": ""F""}]","{""element"": ""select"", ""label"": ""Sex"", ""name"": ""SEX"", ""options"": [{""label"": ""M"", ""value"": ""M""}, {""label"": ""F"", ""value"": ""F""}], ""pattern"": null, ""placeholder"": null, ""required"": false, ""tooltip"": null, ""value"": null}"
ND_2023,North Dakota,Rev. 03/10/2023 (1000),DONOR,1,DONOR,Donor,select,False,,,,,,,"[{""value"": ""NO"", ""label"": ""No""}, {""value"": ""YES"", ""label"": ""Yes""}]","{""element"": ""select"", ""label"": ""Donor"", ""name"": ""DONOR"", ""options"": [{""label"": ""No"", ""value"": ""NO""}, {""label"": ""Yes"", ""value"": ""YES""}], ""pattern"": null, ""placeholder"": null, ""required"": false, ""tooltip"": null, ""value"": null}"
ND_2023,North Dakota,Rev. 03/10/2023 (1000),DOB,1,DOB,Birth date,input,True,01151970,((((0[13578]|1[02])(0[1-9]|[12][0-9]|3[01]))|((0[469]|11)(0[1-9]|[12][0-9]|30))|(02)(0[1-9]|[1][0-9]|2[0-8]))([0-9]{3}[1-9]|[0-9]{2}[1-9][0-9]{1}|[0-9]{1}[1-9][0-9]{2}|[1-9][0-9]{3}))|(0229(([0-9]{2})(0[48]|[2468][048]|[13579][26])|((0[48]|[2468][048]|[3579][26])00))),8,8,,You need input the date in MMDDYYYY format,[],"{""element"": ""input"", ""label"": ""Birth date"", ""maxlength"": 8, ""minlength"": 8, ""name"": ""DOB"", ""pattern"": ""((((0[13578]|1[02])(0[1-9]|[12][0-9]|3[01]))|((0[469]|11)(0[1-9]|[12][0-9]|30))|(02)(0[1-9]|[1][0-9]|2[0-8]))([0-9]{3}[1-9]|[0-9]{2}[1-9][0-9]{1}|[0-9]{1}[1-9][0-9]{2}|[1-9][0-9]{3}))|(0229(([0-9]{2})(0[48]|[2468][048]|[13579][26])|((0[48]|[2468][048]|[3579][26])00)))"", ""placeholder"": ""01151970"", ""required"": true, ""tooltip"": ""You need input the date in MMDDYYYY format"", ""value"": """"}"
ND_2023,North Dakota,Rev. 03/10/2023 (1000),DOI,1,DOI,Issue date,input,True,08262020,((((0[13578]|1[02])(0[1-9]|[12][0-9]|3[01]))|((0[469]|11)(0[1-9]|[12][0-9]|30))|(02)(0[1-9]|[1][0-9]|2[0-8]))([0-9]{3}[1-9]|[0-9]{2}[1-9][0-9]{1}|[0-9]{1}[1-9][0-9]{2}|[1-9][0-9]{3}))|(0229(([0-9]{2})(0[48]|[2468][048]|[13579][26])|((0[48]|[2468][048]|[3579][26])00))),8,8,,You need input the date in MMDDYYYY format,[],"{""element"": ""input"", ""label"": ""Issue date"", ""maxlength"": 8, ""minlength"": 8, ""name"": ""DOI"", ""pattern"": ""((((0[13578]|1[02])(0[1-9]|[12][0-9]|3[01]))|((0[469]|11)(0[1-9]|[12][0-9]|30))|(02)(0[1-9]|[1][0-9]|2[0-8]))([0-9]{3}[1-9]|[0-9]{2}[1-9][0-9]{1}|[0-9]{1}[1-9][0-9]{2}|[1-9][0-9]{3}))|(0229(([0-9]{2})(0[48]|[2468][048]|[13579][26])|((0[48]|[2468][048]|[3579][26])00)))"", ""placeholder"": ""08262020"", ""required"": true, ""tooltip"": ""You need input the date in MMDDYYYY format"", ""value"": """"}"
ND_2023,North Dakota,Rev. 03/10/2023 (1000),DOE,1,DOE,Expiry date,input,True,01152026,((((0[13578]|1[02])(0[1-9]|[12][0-9]|3[01]))|((0[469]|11)(0[1-9]|[12][0-9]|30))|(02)(0[1-9]|[1][0-9]|2[0-8]))([0-9]{3}[1-9]|[0-9]{2}[1-9][0-9]{1}|[0-9]{1}[1-9][0-9]{2}|[1-9][0-9]{3}))|(0229(([0-9]{2})(0[48]|[2468][048]|[13579][26])|((0[48]|[2468][048]|[3579][26])00))),8,8,,Same month and day as in birth date. 6 years after the year of issue,[],"{""element"": ""input"", ""label"": ""Expiry date"", ""maxlength"": 8, ""minlength"": 8, ""name"": ""DOE"", ""pattern"": ""((((0[13578]|1[02])(0[1-9]|[12][0-9]|3[01]))|((0[469]|11)(0[1-9]|[12][0-9]|30))|(02)(0[1-9]|[1][0-9]|2[0-8]))([0-9]{3}[1-9]|[0-9]{2}[1-9][0-9]{1}|[0-9]{1}[1-9][0-9]{2}|[1-9][0-9]{3}))|(0229(([0-9]{2})(0[48]|[2468][048]|[13579][26])|((0[48]|[2468][048]|[3579][26])00)))"", ""placeholder"": ""01152026"", ""required"": true, ""tooltip"": ""Same month and day as in birth date. 6 years after the year of issue"", ""value"": """"}"
ND_2023,North Dakota,Rev. 03/10/2023 (1000),ICN,1,ICN,ICN,input,True,0340018171565059,[0-9]{16},16,16,,'03400' + 11 random digits. You can click on the calculator icon to calculate ICN <b>automatically!</b>,[],"{""element"": ""input"", ""label"": ""ICN"", ""maxlength"": 16, ""minlength"": 16, ""name"": ""ICN"", ""pattern"": ""[0-9]{16}"", ""placeholder"": ""0340018171565059"", ""required"": true, ""tooltip"": ""'03400' + 11 random digits. You can click on the calculator icon to calculate ICN <b>automatically!</b>"", ""value"": null}"
ND_2023,North Dakota,Rev. 03/10/2023 (1000),DD,1,DD,DD,input,True,7DOE707980DJ78517vP48NDZ,[0-9][a-zA-Z]{3}[0-9]{6}[a-zA-Z]{2}[0-9]{5}[a-z][A-Z][0-9]{2}[a-zA-Z]DZ,24,24,,Decade of birth year + DL Number + Last and First name initials + 4 digits + lowecase and uppercase letter + 2 digits + 'NDZ'. <br> You can click on the calculator icon to calculate DD <b>automatically!</b>,[],"{""element"": ""input"", ""label"": ""DD"", ""maxlength"": 24, ""minlength"": 24, ""name"": ""DD"", ""pattern"": ""[0-9][a-zA-Z]{3}[0-9]{6}[a-zA-Z]{2}[0-9]{5}[a-z][A-Z][0-9]{2}[a-zA-Z]DZ"", ""placeholder"": ""7DOE707980DJ78517vP48NDZ"", ""required"": true, ""tooltip"": ""Decade of birth year + DL Number + Last and First name initials + 4 digits + lowecase and uppercase letter + 2 digits + 'NDZ'. <br> You can click on the calculator icon to calculate DD <b>automatically!</b>"", ""value"": null}"
ND_2023,North Dakota,Rev. 03/10/2023 (1000),RESTRICTIONS,1,RESTRICTIONS,Restrictions,input,True,NONE,,,,NONE,,[],"{""element"": ""input"", ""label"": ""Restrictions"", ""name"": ""RESTRICTIONS"", ""pattern"": null, ""placeholder"": ""NONE"", ""required"": true, ""tooltip"": null, ""value"": ""NONE""}"
ND_2023,North Dakota,Rev. 03/10/2023 (1000),ENDORSEMENT,1,ENDORSEMENT,Endorsement,input,True,NONE,,,,NONE,,[],"{""element"": ""input"", ""label"": ""Endorsement"", ""name"": ""ENDORSEMENT"", ""pattern"": null, ""placeholder"": ""NONE"", ""required"": true, ""tooltip"": null, ""value"": ""NONE""}"
ND_2023,North Dakota,Rev. 03/10/2023 (1000),HEIGHT,1,HEIGHT,Height (in.),input,True,69,,,2,69,,[],"{""element"": ""input"", ""label"": ""Height (in.)"", ""maxlength"": 2, ""name"": ""HEIGHT"", ""pattern"": null, ""placeholder"": ""69"", ""required"": true, ""tooltip"": null, ""value"": ""69""}"
ND_2023,North Dakota,Rev. 03/10/2023 (1000),EYE,1,EYE,Eye (ANSI D-20),select,True,,,,,,,"[{""value"": """", ""label"": ""== Select ==""}, {""value"": ""BLK"", ""label"": ""BLK (Black)""}, {""value"": ""BLU"", ""label"": ""BLU (Blue)""}, {""value"": ""BRO"", ""label"": ""BRO (Brown)""}, {""value"": ""GRY"", ""label"": ""GRY (Gray)""}, {""value"": ""GRN"", ""label"": ""GRN (Green)""}, {""value"": ""HAZ"", ""label"": ""HAZ (Hazel)""}, {""value"": ""MAR"", ""label"": ""MAR (Maroon)""}, {""value"": ""PNK"", ""label"": ""PNK (Pink)""}, {""value"": ""DIC"", ""label"": ""DIC (Dichromatic)""}, {""value"": ""UNK"", ""label"": ""UNK (Unknown)""}]","{""element"": ""select"", ""label"": ""Eye (ANSI D-20)"", ""name"": ""EYE"", ""options"": [{""label"": ""== Select =="", ""value"": """"}, {""label"": ""BLK (Black)"", ""value"": ""BLK""}, {""label"": ""BLU (Blue)"", ""value"": ""BLU""}, {""label"": ""BRO (Brown)"", ""value"": ""BRO""}, {""label"": ""GRY (Gray)"", ""value"": ""GRY""}, {""label"": ""GRN (Green)"", ""value"": ""GRN""}, {""label"": ""HAZ (Hazel)"", ""value"": ""HAZ""}, {""label"": ""MAR (Maroon)"", ""value"": ""MAR""}, {""label"": ""PNK (Pink)"", ""value"": ""PNK""}, {""label"": ""DIC (Dichromatic)"", ""value"": ""DIC""}, {""label"": ""UNK (Unknown)"", ""value"": ""UNK""}], ""pattern"": null, ""placeholder"": null, ""required"": true, ""tooltip"": null, ""value"": null}"
OH,Ohio,Rev. 07/01/2018 (0901),NUMBER,1,NUMBER,DL Number,input,True,KD298593,[a-zA-Z]{2}[0-9]{6},8,8,,Two letters and six numbers. You can click on the calculator icon to calculate number <b>automatically!</b>,[],"{""element"": ""input"", ""label"": ""DL Number"", ""maxlength"": 8, ""minlength"": 8, ""name"": ""NUMBER"", ""pattern"": ""[a-zA-Z]{2}[0-9]{6}"", ""placeholder"": ""KD298593"", ""required"": true, ""tooltip"": ""Two letters and six numbers. You can click on the calculator icon to calculate number <b>automatically!</b>"", ""value"": """"}"
OH,Ohio,Rev. 07/01/2018 (0901),FIRSTNAME,1,FIRSTNAME,First name,input,True,John,[a-zA-Z\s]+,,,,,[],"{""element"": ""input"", ""label"": ""First name"", ""name"": ""FIRSTNAME"", ""pattern"": ""[a-zA-Z\\s]+"", ""placeholder"": ""John"", ""required"": true, ""tooltip"": null, ""value"": """"}"
OH,Ohio,Rev. 07/01/2018 (0901),LASTNAME,1,LASTNAME,Last name,input,True,Doe,[a-zA-Z\s]+,,,,,[],"{""element"": ""input"", ""label"": ""Last name"", ""name"": ""LASTNAME"", ""pattern"": ""[a-zA-Z\\s]+"", ""placeholder"": ""Doe"", ""required"": true, ""tooltip"": null, ""value"": """"}"
OH,Ohio,Rev. 07/01/2018 (0901),MIDDLENAME,1,MIDDLENAME,Middle name,input,False,,,,,,This field is optional. You can click on the calculator icon to generate random name. Select gender in the field below to specify name gender.,[],"{""element"": ""input"", ""label"": ""Middle name"", ""name"": ""MIDDLENAME"", ""pattern"": null, ""placeholder"": """", ""required"": false, ""tooltip"": ""This field is optional. You can click on the calculator icon to generate random name. Select gender in the field below to specify name gender."", ""value"": """"}"
OH,Ohio,Rev. 07/01/2018 (0901),ADDRESS,1,ADDRESS,Address,input,True,1101 W Forest Rd,,,,1101 W Forest Rd,,[],"{""element"": ""input"", ""label"": ""Address"", ""name"": ""ADDRESS"", ""pattern"": null, ""placeholder"": ""1101 W Forest Rd"", ""required"": true, ""tooltip"": null, ""value"": ""1101 W Forest Rd""}"
OH,Ohio,Rev. 07/01/2018 (0901),CITY,1,CITY,City,input,True,Lakewood,,,,Lakewood,,[],"{""element"": ""input"", ""label"": ""City"", ""name"": ""CITY"", ""pattern"": null, ""placeholder"": ""Lakewood"", ""required"": true, ""tooltip"": null, ""value"": ""Lakewood""}"
OH,Ohio,Rev. 07/01/2018 (0901),ZIP,1,ZIP,Zip code,input,True,441071040,[0-9]{9},9,9,441071040,,[],"{""element"": ""input"", ""label"": ""Zip code"", ""maxlength"": 9, ""minlength"": 9, ""name"": ""ZIP"", ""pattern"": ""[0-9]{9}"", ""placeholder"": ""441071040"", ""required"": true, ""tooltip"": null, ""value"": ""441071040""}"
OH,Ohio,Rev. 07/01/2018 (0901),CLASS,1,CLASS,DL Class,input,True,D,[A-Z1-9]+,1,4,D,,[],"{""element"": ""input"", ""label"": ""DL Class"", ""maxlength"": 4, ""minlength"": 1, ""name"": ""CLASS"", ""pattern"": ""[A-Z1-9]+"", ""placeholder"": ""D"", ""required"": true, ""tooltip"": null, ""value"": ""D""}"
OH,Ohio,Rev. 07/01/2018 (0901),SEX,1,SEX,Sex,select,False,,,,,,,"[{""value"": ""M"", ""label"": ""M""}, {""value"": ""F"", ""label"": ""F""}]","{""element"": ""select"", ""label"": ""Sex"", ""name"": ""SEX"", ""options"": [{""label"": ""M"", ""value"": ""M""}, {""label"": ""F"", ""value"": ""F""}], ""pattern"": null, ""placeholder"": null, ""required"": false, ""tooltip"": null, ""value"": null}"
OH,Ohio,Rev. 07/01/2018 (0901),DONOR,1,DONOR,Donor,select,False,,,,,,,"[{""value"": ""NO"", ""label"": ""No""}, {""value"": ""YES"", ""label"": ""Yes""}]","{""element"": ""select"", ""label"": ""Donor"", ""name"": ""DONOR"", ""options"": [{""label"": ""No"", ""value"": ""NO""}, {""label"": ""Yes"", ""value"": ""YES""}], ""pattern"": null, ""placeholder"": null, ""required"": false, ""tooltip"": null, ""value"": null}"
OH,Ohio,Rev. 07/01/2018 (0901),DOB,1,DOB,Birth date,input,True,01151970,((((0[13578]|1[02])(0[1-9]|[12][0-9]|3[01]))|((0[469]|11)(0[1-9]|[12][0-9]|30))|(02)(0[1-9]|[1][0-9]|2[0-8]))([0-9]{3}[1-9]|[0-9]{2}[1-9][0-9]{1}|[0-9]{1}[1-9][0-9]{2}|[1-9][0-9]{3}))|(0229(([0-9]{2})(0[48]|[2468][048]|[13579][26])|((0[48]|[2468][048]|[3579][26])00))),8,8,,You need input the date in MMDDYYYY format,[],"{""element"": ""input"", ""label"": ""Birth date"", ""maxlength"": 8, ""minlength"": 8, ""name"": ""DOB"", ""pattern"": ""((((0[13578]|1[02])(0[1-9]|[12][0-9]|3[01]))|((0[469]|11)(0[1-9]|[12][0-9]|30))|(02)(0[1-9]|[1][0-9]|2[0-8]))([0-9]{3}[1-9]|[0-9]{2}[1-9][0-9]{1}|[0-9]{1}[1-9][0-9]{2}|[1-9][0-9]{3}))|(0229(([0-9]{2})(0[48]|[2468][048]|[13579][26])|((0[48]|[2468][048]|[3579][26])00)))"", ""placeholder"": ""01151970"", ""required"": true, ""tooltip"": ""You need input the date in MMDDYYYY format"", ""value"": """"}"
OH,Ohio,Rev. 07/01/2018 (0901),DOI,1,DOI,Issue date,input,True,08262020,((((0[13578]|1[02])(0[1-9]|[12][0-9]|3[01]))|((0[469]|11)(0[1-9]|[12][0-9]|30))|(02)(0[1-9]|[1][0-9]|2[0-8]))([0-9]{3}[1-9]|[0-9]{2}[1-9][0-9]{1}|[0-9]{1}[1-9][0-9]{2}|[1-9][0-9]{3}))|(0229(([0-9]{2})(0[48]|[2468][048]|[13579][26])|((0[48]|[2468][048]|[3579][26])00))),8,8,,You need input the date in MMDDYYYY format,[],"{""element"": ""input"", ""label"": ""Issue date"", ""maxlength"": 8, ""minlength"": 8, ""name"": ""DOI"", ""pattern"": ""((((0[13578]|1[02])(0[1-9]|[12][0-9]|3[01]))|((0[469]|11)(0[1-9]|[12][0-9]|30))|(02)(0[1-9]|[1][0-9]|2[0-8]))([0-9]{3}[1-9]|[0-9]{2}[1-9][0-9]{1}|[0-9]{1}[1-9][0-9]{2}|[1-9][0-9]{3}))|(0229(([0-9]{2})(0[48]|[2468][048]|[13579][26])|((0[48]|[2468][048]|[3579][26])00)))"", ""placeholder"": ""08262020"", ""required"": true, ""tooltip"": ""You need input the date in MMDDYYYY format"", ""value"": """"}"
OH,Ohio,Rev. 07/01/2018 (0901),DOE,1,DOE,Expiry date,input,True,01152026,((((0[13578]|1[02])(0[1-9]|[12][0-9]|3[01]))|((0[469]|11)(0[1-9]|[12][0-9]|30))|(02)(0[1-9]|[1][0-9]|2[0-8]))([0-9]{3}[1-9]|[0-9]{2}[1-9][0-9]{1}|[0-9]{1}[1-9][0-9]{2}|[1-9][0-9]{3}))|(0229(([0-9]{2})(0[48]|[2468][048]|[13579][26])|((0[48]|[2468][048]|[3579][26])00))),8,8,,Same month and day as in birth date. 6 years after the year of issue,[],"{""element"": ""input"", ""label"": ""Expiry date"", ""maxlength"": 8, ""minlength"": 8, ""name"": ""DOE"", ""pattern"": ""((((0[13578]|1[02])(0[1-9]|[12][0-9]|3[01]))|((0[469]|11)(0[1-9]|[12][0-9]|30))|(02)(0[1-9]|[1][0-9]|2[0-8]))([0-9]{3}[1-9]|[0-9]{2}[1-9][0-9]{1}|[0-9]{1}[1-9][0-9]{2}|[1-9][0-9]{3}))|(0229(([0-9]{2})(0[48]|[2468][048]|[13579][26])|((0[48]|[2468][048]|[3579][26])00)))"", ""placeholder"": ""01152026"", ""required"": true, ""tooltip"": ""Same month and day as in birth date. 6 years after the year of issue"", ""value"": """"}"
OH,Ohio,Rev. 07/01/2018 (0901),ICN,1,ICN,ICN,input,True,L93259228,[a-zA-Z][0-9]{8},9,9,,random letter + 8 random digits. You can click on the calculator icon to calculate ICN <b>automatically!</b>,[],"{""element"": ""input"", ""label"": ""ICN"", ""maxlength"": 9, ""minlength"": 9, ""name"": ""ICN"", ""pattern"": ""[a-zA-Z][0-9]{8}"", ""placeholder"": ""L93259228"", ""required"": true, ""tooltip"": ""random letter + 8 random digits. You can click on the calculator icon to calculate ICN <b>automatically!</b>"", ""value"": null}"
OH,Ohio,Rev. 07/01/2018 (0901),DD,1,DD,DD,input,True,889287786,[0-9]{9},7,9,,9 random digits. <br> You can click on the calculator icon to calculate DD <b>automatically!</b>,[],"{""element"": ""input"", ""label"": ""DD"", ""maxlength"": 9, ""minlength"": 7, ""name"": ""DD"", ""pattern"": ""[0-9]{9}"", ""placeholder"": ""889287786"", ""required"": true, ""tooltip"": ""9 random digits. <br> You can click on the calculator icon to calculate DD <b>automatically!</b>"", ""value"": """"}"
OH,Ohio,Rev. 07/01/2018 (0901),RESTRICTIONS,1,RESTRICTIONS,Restrictions,input,True,NONE,,,,NONE,,[],"{""element"": ""input"", ""label"": ""Restrictions"", ""name"": ""RESTRICTIONS"", ""pattern"": null, ""placeholder"": ""NONE"", ""required"": true, ""tooltip"": null, ""value"": ""NONE""}"
OH,Ohio,Rev. 07/01/2018 (0901),ENDORSEMENT,1,ENDORSEMENT,Endorsement,input,True,NONE,,,,NONE,,[],"{""element"": ""input"", ""label"": ""Endorsement"", ""name"": ""ENDORSEMENT"", ""pattern"": null, ""placeholder"": ""NONE"", ""required"": true, ""tooltip"": null, ""value"": ""NONE""}"
OH,Ohio,Rev. 07/01/2018 (0901),HEIGHT,1,HEIGHT,Height (in.),input,True,69,,,2,69,,[],"{""element"": ""input"", ""label"": ""Height (in.)"", ""maxlength"": 2, ""name"": ""HEIGHT"", ""pattern"": null, ""placeholder"": ""69"", ""required"": true, ""tooltip"": null, ""value"": ""69""}"
OH,Ohio,Rev. 07/01/2018 (0901),WEIGHT,1,WEIGHT,Weight (lb.),input,True,169,,,3,169,,[],"{""element"": ""input"", ""label"": ""Weight (lb.)"", ""maxlength"": 3, ""name"": ""WEIGHT"", ""pattern"": null, ""placeholder"": ""169"", ""required"": true, ""tooltip"": null, ""value"": ""169""}"
OH,Ohio,Rev. 07/01/2018 (0901),EYE,1,EYE,Eye (ANSI D-20),select,True,,,,,,,"[{""value"": """", ""label"": ""== Select ==""}, {""value"": ""BLK"", ""label"": ""BLK (Black)""}, {""value"": ""BLU"", ""label"": ""BLU (Blue)""}, {""value"": ""BRO"", ""label"": ""BRO (Brown)""}, {""value"": ""GRY"", ""label"": ""GRY (Gray)""}, {""value"": ""GRN"", ""label"": ""GRN (Green)""}, {""value"": ""HAZ"", ""label"": ""HAZ (Hazel)""}, {""value"": ""MAR"", ""label"": ""MAR (Maroon)""}, {""value"": ""PNK"", ""label"": ""PNK (Pink)""}, {""value"": ""DIC"", ""label"": ""DIC (Dichromatic)""}, {""value"": ""UNK"", ""label"": ""UNK (Unknown)""}]","{""element"": ""select"", ""label"": ""Eye (ANSI D-20)"", ""name"": ""EYE"", ""options"": [{""label"": ""== Select =="", ""value"": """"}, {""label"": ""BLK (Black)"", ""value"": ""BLK""}, {""label"": ""BLU (Blue)"", ""value"": ""BLU""}, {""label"": ""BRO (Brown)"", ""value"": ""BRO""}, {""label"": ""GRY (Gray)"", ""value"": ""GRY""}, {""label"": ""GRN (Green)"", ""value"": ""GRN""}, {""label"": ""HAZ (Hazel)"", ""value"": ""HAZ""}, {""label"": ""MAR (Maroon)"", ""value"": ""MAR""}, {""label"": ""PNK (Pink)"", ""value"": ""PNK""}, {""label"": ""DIC (Dichromatic)"", ""value"": ""DIC""}, {""label"": ""UNK (Unknown)"", ""value"": ""UNK""}], ""pattern"": null, ""placeholder"": null, ""required"": true, ""tooltip"": null, ""value"": null}"
OH,Ohio,Rev. 07/01/2018 (0901),HAIR,1,HAIR,Hair (ANSI D-20),select,True,,,,,,,"[{""value"": """", ""label"": ""== Select ==""}, {""value"": ""BLK"", ""label"": ""BLK (Black)""}, {""value"": ""BLN"", ""label"": ""BLN (Blond)""}, {""value"": ""BRO"", ""label"": ""BRO (Brown)""}, {""value"": ""GRY"", ""label"": ""GRY (Grey)""}, {""value"": ""RED"", ""label"": ""RED (Red/Auburn)""}, {""value"": ""SDY"", ""label"": ""SDY (Sandy)""}, {""value"": ""WHI"", ""label"": ""WHI (White)""}, {""value"": ""UNK"", ""label"": ""UNK (Unknown)""}, {""value"": ""BAL"", ""label"": ""BAL (Bald)""}]","{""element"": ""select"", ""label"": ""Hair (ANSI D-20)"", ""name"": ""HAIR"", ""options"": [{""label"": ""== Select =="", ""value"": """"}, {""label"": ""BLK (Black)"", ""value"": ""BLK""}, {""label"": ""BLN (Blond)"", ""value"": ""BLN""}, {""label"": ""BRO (Brown)"", ""value"": ""BRO""}, {""label"": ""GRY (Grey)"", ""value"": ""GRY""}, {""label"": ""RED (Red/Auburn)"", ""value"": ""RED""}, {""label"": ""SDY (Sandy)"", ""value"": ""SDY""}, {""label"": ""WHI (White)"", ""value"": ""WHI""}, {""label"": ""UNK (Unknown)"", ""value"": ""UNK""}, {""label"": ""BAL (Bald)"", ""value"": ""BAL""}], ""pattern"": null, ""placeholder"": null, ""required"": true, ""tooltip"": null, ""value"": null}"
OH,Ohio,Rev. 07/01/2018 (0901),SUFFIX,1,SUFFIX,Name Suffix,select,False,,,,,,,"[{""value"": ""NONE"", ""label"": ""NONE""}, {""value"": ""JR"", ""label"": ""JR (Junior)""}, {""value"": ""SR"", ""label"": ""SR (Senior)""}, {""value"": ""I"", ""label"": ""1ST or I (First)""}, {""value"": ""II"", ""label"": ""2ND or II (Second)""}, {""value"": ""III"", ""label"": ""3RD or III (Third)""}, {""value"": ""IV"", ""label"": ""4TH or IV (Fourth)""}, {""value"": ""V"", ""label"": ""5TH or V (Fifth)""}, {""value"": ""VI"", ""label"": ""6TH or VI (Sixth)""}]","{""element"": ""select"", ""label"": ""Name Suffix"", ""name"": ""SUFFIX"", ""options"": [{""label"": ""NONE"", ""value"": ""NONE""}, {""label"": ""JR (Junior)"", ""value"": ""JR""}, {""label"": ""SR (Senior)"", ""value"": ""SR""}, {""label"": ""1ST or I (First)"", ""value"": ""I""}, {""label"": ""2ND or II (Second)"", ""value"": ""II""}, {""label"": ""3RD or III (Third)"", ""value"": ""III""}, {""label"": ""4TH or IV (Fourth)"", ""value"": ""IV""}, {""label"": ""5TH or V (Fifth)"", ""value"": ""V""}, {""label"": ""6TH or VI (Sixth)"", ""value"": ""VI""}], ""pattern"": null, ""placeholder"": null, ""required"": false, ""tooltip"": null, ""value"": null}"
OH,Ohio,Rev. 07/01/2018 (0901),POB,1,POB,Place of birth,input,False,Ohio,,,,Ohio,Country and municipality and/or state/province,[],"{""element"": ""input"", ""label"": ""Place of birth"", ""name"": ""POB"", ""pattern"": null, ""placeholder"": ""Ohio"", ""required"": false, ""tooltip"": ""Country and municipality and/or state/province"", ""value"": ""Ohio""}"
OK,Oklahoma,Rev. 01/13/2020 (0900),NUMBER,1,NUMBER,DL Number,input,True,S576189157,[a-zA-Z][0-9]{9},10,10,,Letter + 08 + 7 digits. You can click on the calculator icon to calculate number <b>automatically!</b>,[],"{""element"": ""input"", ""label"": ""DL Number"", ""maxlength"": 10, ""minlength"": 10, ""name"": ""NUMBER"", ""pattern"": ""[a-zA-Z][0-9]{9}"", ""placeholder"": ""S576189157"", ""required"": true, ""tooltip"": ""Letter + 08 + 7 digits. You can click on the calculator icon to calculate number <b>automatically!</b>"", ""value"": """"}"
OK,Oklahoma,Rev. 01/13/2020 (0900),LASTNAME,1,LASTNAME,Last name,input,True,Doe,[a-zA-Z\s]+,,,,,[],"{""element"": ""input"", ""label"": ""Last name"", ""name"": ""LASTNAME"", ""pattern"": ""[a-zA-Z\\s]+"", ""placeholder"": ""Doe"", ""required"": true, ""tooltip"": null, ""value"": """"}"
OK,Oklahoma,Rev. 01/13/2020 (0900),FIRSTNAME,1,FIRSTNAME,First name,input,True,John,[a-zA-Z\s]+,,,,,[],"{""element"": ""input"", ""label"": ""First name"", ""name"": ""FIRSTNAME"", ""pattern"": ""[a-zA-Z\\s]+"", ""placeholder"": ""John"", ""required"": true, ""tooltip"": null, ""value"": """"}"
OK,Oklahoma,Rev. 01/13/2020 (0900),MIDDLENAME,1,MIDDLENAME,Middle name,input,False,,,,,,This field is optional. You can click on the calculator icon to generate random name. Select gender in the field below to specify name gender.,[],"{""element"": ""input"", ""label"": ""Middle name"", ""name"": ""MIDDLENAME"", ""pattern"": null, ""placeholder"": """", ""required"": false, ""tooltip"": ""This field is optional. You can click on the calculator icon to generate random name. Select gender in the field below to specify name gender."", ""value"": """"}"
OK,Oklahoma,Rev. 01/13/2020 (0900),ADDRESS,1,ADDRESS,Address,input,True,1927 N Broadway Ave,,,,1927 N Broadway Ave,,[],"{""element"": ""input"", ""label"": ""Address"", ""name"": ""ADDRESS"", ""pattern"": null, ""placeholder"": ""1927 N Broadway Ave"", ""required"": true, ""tooltip"": null, ""value"": ""1927 N Broadway Ave""}"
OK,Oklahoma,Rev. 01/13/2020 (0900),CITY,1,CITY,City,input,True,Shawnee,,,,Shawnee,,[],"{""element"": ""input"", ""label"": ""City"", ""name"": ""CITY"", ""pattern"": null, ""placeholder"": ""Shawnee"", ""required"": true, ""tooltip"": null, ""value"": ""Shawnee""}"
OK,Oklahoma,Rev. 01/13/2020 (0900),ZIP,1,ZIP,Zip code,input,True,748043721,[0-9]{9},9,9,748043721,,[],"{""element"": ""input"", ""label"": ""Zip code"", ""maxlength"": 9, ""minlength"": 9, ""name"": ""ZIP"", ""pattern"": ""[0-9]{9}"", ""placeholder"": ""748043721"", ""required"": true, ""tooltip"": null, ""value"": ""748043721""}"
OK,Oklahoma,Rev. 01/13/2020 (0900),CLASS,1,CLASS,DL Class,input,True,D,[A-Z1-9]+,1,4,D,,[],"{""element"": ""input"", ""label"": ""DL Class"", ""maxlength"": 4, ""minlength"": 1, ""name"": ""CLASS"", ""pattern"": ""[A-Z1-9]+"", ""placeholder"": ""D"", ""required"": true, ""tooltip"": null, ""value"": ""D""}"
OK,Oklahoma,Rev. 01/13/2020 (0900),SEX,1,SEX,Sex,select,False,,,,,,,"[{""value"": ""M"", ""label"": ""M""}, {""value"": ""F"", ""label"": ""F""}]","{""element"": ""select"", ""label"": ""Sex"", ""name"": ""SEX"", ""options"": [{""label"": ""M"", ""value"": ""M""}, {""label"": ""F"", ""value"": ""F""}], ""pattern"": null, ""placeholder"": null, ""required"": false, ""tooltip"": null, ""value"": null}"
OK,Oklahoma,Rev. 01/13/2020 (0900),DONOR,1,DONOR,Donor,select,False,,,,,,,"[{""value"": ""NO"", ""label"": ""No""}, {""value"": ""YES"", ""label"": ""Yes""}]","{""element"": ""select"", ""label"": ""Donor"", ""name"": ""DONOR"", ""options"": [{""label"": ""No"", ""value"": ""NO""}, {""label"": ""Yes"", ""value"": ""YES""}], ""pattern"": null, ""placeholder"": null, ""required"": false, ""tooltip"": null, ""value"": null}"
OK,Oklahoma,Rev. 01/13/2020 (0900),DOB,1,DOB,Birth date,input,True,01151970,((((0[13578]|1[02])(0[1-9]|[12][0-9]|3[01]))|((0[469]|11)(0[1-9]|[12][0-9]|30))|(02)(0[1-9]|[1][0-9]|2[0-8]))([0-9]{3}[1-9]|[0-9]{2}[1-9][0-9]{1}|[0-9]{1}[1-9][0-9]{2}|[1-9][0-9]{3}))|(0229(([0-9]{2})(0[48]|[2468][048]|[13579][26])|((0[48]|[2468][048]|[3579][26])00))),8,8,,You need input the date in MMDDYYYY format,[],"{""element"": ""input"", ""label"": ""Birth date"", ""maxlength"": 8, ""minlength"": 8, ""name"": ""DOB"", ""pattern"": ""((((0[13578]|1[02])(0[1-9]|[12][0-9]|3[01]))|((0[469]|11)(0[1-9]|[12][0-9]|30))|(02)(0[1-9]|[1][0-9]|2[0-8]))([0-9]{3}[1-9]|[0-9]{2}[1-9][0-9]{1}|[0-9]{1}[1-9][0-9]{2}|[1-9][0-9]{3}))|(0229(([0-9]{2})(0[48]|[2468][048]|[13579][26])|((0[48]|[2468][048]|[3579][26])00)))"", ""placeholder"": ""01151970"", ""required"": true, ""tooltip"": ""You need input the date in MMDDYYYY format"", ""value"": """"}"
OK,Oklahoma,Rev. 01/13/2020 (0900),DOI,1,DOI,Issue date,input,True,08262020,((((0[13578]|1[02])(0[1-9]|[12][0-9]|3[01]))|((0[469]|11)(0[1-9]|[12][0-9]|30))|(02)(0[1-9]|[1][0-9]|2[0-8]))([0-9]{3}[1-9]|[0-9]{2}[1-9][0-9]{1}|[0-9]{1}[1-9][0-9]{2}|[1-9][0-9]{3}))|(0229(([0-9]{2})(0[48]|[2468][048]|[13579][26])|((0[48]|[2468][048]|[3579][26])00))),8,8,,You need input the date in MMDDYYYY format,[],"{""element"": ""input"", ""label"": ""Issue date"", ""maxlength"": 8, ""minlength"": 8, ""name"": ""DOI"", ""pattern"": ""((((0[13578]|1[02])(0[1-9]|[12][0-9]|3[01]))|((0[469]|11)(0[1-9]|[12][0-9]|30))|(02)(0[1-9]|[1][0-9]|2[0-8]))([0-9]{3}[1-9]|[0-9]{2}[1-9][0-9]{1}|[0-9]{1}[1-9][0-9]{2}|[1-9][0-9]{3}))|(0229(([0-9]{2})(0[48]|[2468][048]|[13579][26])|((0[48]|[2468][048]|[3579][26])00)))"", ""placeholder"": ""08262020"", ""required"": true, ""tooltip"": ""You need input the date in MMDDYYYY format"", ""value"": """"}"
OK,Oklahoma,Rev. 01/13/2020 (0900),DOE,1,DOE,Expiry date,input,True,09312024,((((0[13578]|1[02])(0[1-9]|[12][0-9]|3[01]))|((0[469]|11)(0[1-9]|[12][0-9]|30))|(02)(0[1-9]|[1][0-9]|2[0-8]))([0-9]{3}[1-9]|[0-9]{2}[1-9][0-9]{1}|[0-9]{1}[1-9][0-9]{2}|[1-9][0-9]{3}))|(0229(([0-9]{2})(0[48]|[2468][048]|[13579][26])|((0[48]|[2468][048]|[3579][26])00))),8,8,,Last day of month. 4 years after the year of issue,[],"{""element"": ""input"", ""label"": ""Expiry date"", ""maxlength"": 8, ""minlength"": 8, ""name"": ""DOE"", ""pattern"": ""((((0[13578]|1[02])(0[1-9]|[12][0-9]|3[01]))|((0[469]|11)(0[1-9]|[12][0-9]|30))|(02)(0[1-9]|[1][0-9]|2[0-8]))([0-9]{3}[1-9]|[0-9]{2}[1-9][0-9]{1}|[0-9]{1}[1-9][0-9]{2}|[1-9][0-9]{3}))|(0229(([0-9]{2})(0[48]|[2468][048]|[13579][26])|((0[48]|[2468][048]|[3579][26])00)))"", ""placeholder"": ""09312024"", ""required"": true, ""tooltip"": ""Last day of month. 4 years after the year of issue"", ""value"": """"}"
OK,Oklahoma,Rev. 01/13/2020 (0900),ICN,1,ICN,ICN,input,True,S576189157OKYRSL01,[a-zA-Z][0-9]{9}OK[a-zA-Z0-9]{6},18,18,,Document number + OK + 4 letters + 01. You can click on the calculator icon to calculate ICN <b>automatically!</b>,[],"{""element"": ""input"", ""label"": ""ICN"", ""maxlength"": 18, ""minlength"": 18, ""name"": ""ICN"", ""pattern"": ""[a-zA-Z][0-9]{9}OK[a-zA-Z0-9]{6}"", ""placeholder"": ""S576189157OKYRSL01"", ""required"": true, ""tooltip"": ""Document number + OK + 4 letters + 01. You can click on the calculator icon to calculate ICN <b>automatically!</b>"", ""value"": null}"
OK,Oklahoma,Rev. 01/13/2020 (0900),DD,1,DD,DD,input,True,S576189157011570082620R,[a-zA-Z][0-9]{9}[0-9]{12}[a-zA-Z],23,23,,Documunet number + Date of birth (MMDDYY) + issue date (MMDDYY) + letter. You can click on the calculator icon to calculate DD <b>automatically!</b>,[],"{""element"": ""input"", ""label"": ""DD"", ""maxlength"": 23, ""minlength"": 23, ""name"": ""DD"", ""pattern"": ""[a-zA-Z][0-9]{9}[0-9]{12}[a-zA-Z]"", ""placeholder"": ""S576189157011570082620R"", ""required"": true, ""tooltip"": ""Documunet number + Date of birth (MMDDYY) + issue date (MMDDYY) + letter. You can click on the calculator icon to calculate DD <b>automatically!</b>"", ""value"": null}"
OK,Oklahoma,Rev. 01/13/2020 (0900),RESTRICTIONS,1,RESTRICTIONS,Restrictions,input,True,NONE,,,,NONE,,[],"{""element"": ""input"", ""label"": ""Restrictions"", ""name"": ""RESTRICTIONS"", ""pattern"": null, ""placeholder"": ""NONE"", ""required"": true, ""tooltip"": null, ""value"": ""NONE""}"
OK,Oklahoma,Rev. 01/13/2020 (0900),ENDORSEMENT,1,ENDORSEMENT,Endorsement,input,True,NONE,,,,NONE,,[],"{""element"": ""input"", ""label"": ""Endorsement"", ""name"": ""ENDORSEMENT"", ""pattern"": null, ""placeholder"": ""NONE"", ""required"": true, ""tooltip"": null, ""value"": ""NONE""}"
OK,Oklahoma,Rev. 01/13/2020 (0900),HEIGHT,1,HEIGHT,Height (in.),input,True,69,,,2,69,,[],"{""element"": ""input"", ""label"": ""Height (in.)"", ""maxlength"": 2, ""name"": ""HEIGHT"", ""pattern"": null, ""placeholder"": ""69"", ""required"": true, ""tooltip"": null, ""value"": ""69""}"
OK,Oklahoma,Rev. 01/13/2020 (0900),WEIGHT,1,WEIGHT,Weight (lb.),input,True,169,,,3,169,,[],"{""element"": ""input"", ""label"": ""Weight (lb.)"", ""maxlength"": 3, ""name"": ""WEIGHT"", ""pattern"": null, ""placeholder"": ""169"", ""required"": true, ""tooltip"": null, ""value"": ""169""}"
OK,Oklahoma,Rev. 01/13/2020 (0900),EYE,1,EYE,Eye (ANSI D-20),select,True,,,,,,,"[{""value"": """", ""label"": ""== Select ==""}, {""value"": ""BLK"", ""label"": ""BLK (Black)""}, {""value"": ""BLU"", ""label"": ""BLU (Blue)""}, {""value"": ""BRO"", ""label"": ""BRO (Brown)""}, {""value"": ""GRY"", ""label"": ""GRY (Gray)""}, {""value"": ""GRN"", ""label"": ""GRN (Green)""}, {""value"": ""HAZ"", ""label"": ""HAZ (Hazel)""}, {""value"": ""MAR"", ""label"": ""MAR (Maroon)""}, {""value"": ""PNK"", ""label"": ""PNK (Pink)""}, {""value"": ""DIC"", ""label"": ""DIC (Dichromatic)""}, {""value"": ""UNK"", ""label"": ""UNK (Unknown)""}]","{""element"": ""select"", ""label"": ""Eye (ANSI D-20)"", ""name"": ""EYE"", ""options"": [{""label"": ""== Select =="", ""value"": """"}, {""label"": ""BLK (Black)"", ""value"": ""BLK""}, {""label"": ""BLU (Blue)"", ""value"": ""BLU""}, {""label"": ""BRO (Brown)"", ""value"": ""BRO""}, {""label"": ""GRY (Gray)"", ""value"": ""GRY""}, {""label"": ""GRN (Green)"", ""value"": ""GRN""}, {""label"": ""HAZ (Hazel)"", ""value"": ""HAZ""}, {""label"": ""MAR (Maroon)"", ""value"": ""MAR""}, {""label"": ""PNK (Pink)"", ""value"": ""PNK""}, {""label"": ""DIC (Dichromatic)"", ""value"": ""DIC""}, {""label"": ""UNK (Unknown)"", ""value"": ""UNK""}], ""pattern"": null, ""placeholder"": null, ""required"": true, ""tooltip"": null, ""value"": null}"
OK,Oklahoma,Rev. 01/13/2020 (0900),REALID,1,REALID,Is REAL ID,select,False,,,,,,"Oklahoma started issuing REAL ID compliant cards on 04/30/2020. If the card issue date is before this date, do not select REAL ID compliant.","[{""value"": ""F"", ""label"": ""Yes""}, {""value"": ""N"", ""label"": ""No""}]","{""element"": ""select"", ""label"": ""Is REAL ID"", ""name"": ""REALID"", ""options"": [{""label"": ""Yes"", ""value"": ""F""}, {""label"": ""No"", ""value"": ""N""}], ""pattern"": null, ""placeholder"": null, ""required"": false, ""tooltip"": ""Oklahoma started issuing REAL ID compliant cards on 04/30/2020. If the card issue date is before this date, do not select REAL ID compliant."", ""value"": null}"
OR,Oregon,(Rev. 07/09/2018),NUMBER,1,NUMBER,DL Number,input,True,8456732,[0-9]{7},7,7,,7 random digits. You can click on the calculator icon to calculate number <b>automatically!</b>,[],"{""element"": ""input"", ""label"": ""DL Number"", ""maxlength"": 7, ""minlength"": 7, ""name"": ""NUMBER"", ""pattern"": ""[0-9]{7}"", ""placeholder"": ""8456732"", ""required"": true, ""tooltip"": ""7 random digits. You can click on the calculator icon to calculate number <b>automatically!</b>"", ""value"": """"}"
OR,Oregon,(Rev. 07/09/2018),FIRSTNAME,1,FIRSTNAME,First name,input,True,John,[a-zA-Z\s]+,,,,,[],"{""element"": ""input"", ""label"": ""First name"", ""name"": ""FIRSTNAME"", ""pattern"": ""[a-zA-Z\\s]+"", ""placeholder"": ""John"", ""required"": true, ""tooltip"": null, ""value"": """"}"
OR,Oregon,(Rev. 07/09/2018),LASTNAME,1,LASTNAME,Last name,input,True,Doe,[a-zA-Z\s]+,,,,,[],"{""element"": ""input"", ""label"": ""Last name"", ""name"": ""LASTNAME"", ""pattern"": ""[a-zA-Z\\s]+"", ""placeholder"": ""Doe"", ""required"": true, ""tooltip"": null, ""value"": """"}"
OR,Oregon,(Rev. 07/09/2018),MIDDLENAME,1,MIDDLENAME,Middle name,input,False,,,,,,This field is optional. You can click on the calculator icon to generate random name. Select gender in the field below to specify name gender.,[],"{""element"": ""input"", ""label"": ""Middle name"", ""name"": ""MIDDLENAME"", ""pattern"": null, ""placeholder"": """", ""required"": false, ""tooltip"": ""This field is optional. You can click on the calculator icon to generate random name. Select gender in the field below to specify name gender."", ""value"": """"}"
OR,Oregon,(Rev. 07/09/2018),ADDRESS,1,ADDRESS,Address,input,True,679 S Birch St,,,,679 S Birch St,,[],"{""element"": ""input"", ""label"": ""Address"", ""name"": ""ADDRESS"", ""pattern"": null, ""placeholder"": ""679 S Birch St"", ""required"": true, ""tooltip"": null, ""value"": ""679 S Birch St""}"
OR,Oregon,(Rev. 07/09/2018),CITY,1,CITY,City,input,True,Sisters,,,,Sisters,,[],"{""element"": ""input"", ""label"": ""City"", ""name"": ""CITY"", ""pattern"": null, ""placeholder"": ""Sisters"", ""required"": true, ""tooltip"": null, ""value"": ""Sisters""}"
OR,Oregon,(Rev. 07/09/2018),ZIP,1,ZIP,Zip code,input,True,97759,[0-9]{5},5,5,97759,,[],"{""element"": ""input"", ""label"": ""Zip code"", ""maxlength"": 5, ""minlength"": 5, ""name"": ""ZIP"", ""pattern"": ""[0-9]{5}"", ""placeholder"": ""97759"", ""required"": true, ""tooltip"": null, ""value"": ""97759""}"
OR,Oregon,(Rev. 07/09/2018),CLASS,1,CLASS,DL Class,input,True,C,[A-Z1-9]+,1,4,C,,[],"{""element"": ""input"", ""label"": ""DL Class"", ""maxlength"": 4, ""minlength"": 1, ""name"": ""CLASS"", ""pattern"": ""[A-Z1-9]+"", ""placeholder"": ""C"", ""required"": true, ""tooltip"": null, ""value"": ""C""}"
OR,Oregon,(Rev. 07/09/2018),SEX,1,SEX,Sex,select,False,,,,,,,"[{""value"": ""M"", ""label"": ""M""}, {""value"": ""F"", ""label"": ""F""}]","{""element"": ""select"", ""label"": ""Sex"", ""name"": ""SEX"", ""options"": [{""label"": ""M"", ""value"": ""M""}, {""label"": ""F"", ""value"": ""F""}], ""pattern"": null, ""placeholder"": null, ""required"": false, ""tooltip"": null, ""value"": null}"
OR,Oregon,(Rev. 07/09/2018),DONOR,1,DONOR,Donor,select,False,,,,,,,"[{""value"": ""NO"", ""label"": ""No""}, {""value"": ""YES"", ""label"": ""Yes""}]","{""element"": ""select"", ""label"": ""Donor"", ""name"": ""DONOR"", ""options"": [{""label"": ""No"", ""value"": ""NO""}, {""label"": ""Yes"", ""value"": ""YES""}], ""pattern"": null, ""placeholder"": null, ""required"": false, ""tooltip"": null, ""value"": null}"
OR,Oregon,(Rev. 07/09/2018),DOB,1,DOB,Birth date,input,True,01151970,((((0[13578]|1[02])(0[1-9]|[12][0-9]|3[01]))|((0[469]|11)(0[1-9]|[12][0-9]|30))|(02)(0[1-9]|[1][0-9]|2[0-8]))([0-9]{3}[1-9]|[0-9]{2}[1-9][0-9]{1}|[0-9]{1}[1-9][0-9]{2}|[1-9][0-9]{3}))|(0229(([0-9]{2})(0[48]|[2468][048]|[13579][26])|((0[48]|[2468][048]|[3579][26])00))),8,8,,You need input the date in MMDDYYYY format,[],"{""element"": ""input"", ""label"": ""Birth date"", ""maxlength"": 8, ""minlength"": 8, ""name"": ""DOB"", ""pattern"": ""((((0[13578]|1[02])(0[1-9]|[12][0-9]|3[01]))|((0[469]|11)(0[1-9]|[12][0-9]|30))|(02)(0[1-9]|[1][0-9]|2[0-8]))([0-9]{3}[1-9]|[0-9]{2}[1-9][0-9]{1}|[0-9]{1}[1-9][0-9]{2}|[1-9][0-9]{3}))|(0229(([0-9]{2})(0[48]|[2468][048]|[13579][26])|((0[48]|[2468][048]|[3579][26])00)))"", ""placeholder"": ""01151970"", ""required"": true, ""tooltip"": ""You need input the date in MMDDYYYY format"", ""value"": """"}"
OR,Oregon,(Rev. 07/09/2018),DOI,1,DOI,Issue date,input,True,08262020,((((0[13578]|1[02])(0[1-9]|[12][0-9]|3[01]))|((0[469]|11)(0[1-9]|[12][0-9]|30))|(02)(0[1-9]|[1][0-9]|2[0-8]))([0-9]{3}[1-9]|[0-9]{2}[1-9][0-9]{1}|[0-9]{1}[1-9][0-9]{2}|[1-9][0-9]{3}))|(0229(([0-9]{2})(0[48]|[2468][048]|[13579][26])|((0[48]|[2468][048]|[3579][26])00))),8,8,,You need input the date in MMDDYYYY format,[],"{""element"": ""input"", ""label"": ""Issue date"", ""maxlength"": 8, ""minlength"": 8, ""name"": ""DOI"", ""pattern"": ""((((0[13578]|1[02])(0[1-9]|[12][0-9]|3[01]))|((0[469]|11)(0[1-9]|[12][0-9]|30))|(02)(0[1-9]|[1][0-9]|2[0-8]))([0-9]{3}[1-9]|[0-9]{2}[1-9][0-9]{1}|[0-9]{1}[1-9][0-9]{2}|[1-9][0-9]{3}))|(0229(([0-9]{2})(0[48]|[2468][048]|[13579][26])|((0[48]|[2468][048]|[3579][26])00)))"", ""placeholder"": ""08262020"", ""required"": true, ""tooltip"": ""You need input the date in MMDDYYYY format"", ""value"": """"}"
OR,Oregon,(Rev. 07/09/2018),DOE,1,DOE,Expiry date,input,True,01152028,((((0[13578]|1[02])(0[1-9]|[12][0-9]|3[01]))|((0[469]|11)(0[1-9]|[12][0-9]|30))|(02)(0[1-9]|[1][0-9]|2[0-8]))([0-9]{3}[1-9]|[0-9]{2}[1-9][0-9]{1}|[0-9]{1}[1-9][0-9]{2}|[1-9][0-9]{3}))|(0229(([0-9]{2})(0[48]|[2468][048]|[13579][26])|((0[48]|[2468][048]|[3579][26])00))),8,8,,Same month and day as in birth date. 6 years after the year of issue,[],"{""element"": ""input"", ""label"": ""Expiry date"", ""maxlength"": 8, ""minlength"": 8, ""name"": ""DOE"", ""pattern"": ""((((0[13578]|1[02])(0[1-9]|[12][0-9]|3[01]))|((0[469]|11)(0[1-9]|[12][0-9]|30))|(02)(0[1-9]|[1][0-9]|2[0-8]))([0-9]{3}[1-9]|[0-9]{2}[1-9][0-9]{1}|[0-9]{1}[1-9][0-9]{2}|[1-9][0-9]{3}))|(0229(([0-9]{2})(0[48]|[2468][048]|[13579][26])|((0[48]|[2468][048]|[3579][26])00)))"", ""placeholder"": ""01152028"", ""required"": true, ""tooltip"": ""Same month and day as in birth date. 6 years after the year of issue"", ""value"": """"}"
OR,Oregon,(Rev. 07/09/2018),ICN,1,ICN,ICN,input,True,AA7088159,[a-zA-Z0-9]{9},9,9,,'AA' + 7 random digits. You can click on the calculator icon to calculate ICN <b>automatically!</b>,[],"{""element"": ""input"", ""label"": ""ICN"", ""maxlength"": 9, ""minlength"": 9, ""name"": ""ICN"", ""pattern"": ""[a-zA-Z0-9]{9}"", ""placeholder"": ""AA7088159"", ""required"": true, ""tooltip"": ""'AA' + 7 random digits. You can click on the calculator icon to calculate ICN <b>automatically!</b>"", ""value"": null}"
OR,Oregon,(Rev. 07/09/2018),DD,1,DD,DD,input,True,200117013,200[0-9]{6},9,9,,'200' + 6 random digits. <br> You can click on the calculator icon to calculate DD <b>automatically!</b>,[],"{""element"": ""input"", ""label"": ""DD"", ""maxlength"": 9, ""minlength"": 9, ""name"": ""DD"", ""pattern"": ""200[0-9]{6}"", ""placeholder"": ""200117013"", ""required"": true, ""tooltip"": ""'200' + 6 random digits. <br> You can click on the calculator icon to calculate DD <b>automatically!</b>"", ""value"": null}"
OR,Oregon,(Rev. 07/09/2018),RESTRICTIONS,1,RESTRICTIONS,Restrictions,input,True,NONE,,,,NONE,,[],"{""element"": ""input"", ""label"": ""Restrictions"", ""name"": ""RESTRICTIONS"", ""pattern"": null, ""placeholder"": ""NONE"", ""required"": true, ""tooltip"": null, ""value"": ""NONE""}"
OR,Oregon,(Rev. 07/09/2018),ENDORSEMENT,1,ENDORSEMENT,Endorsement,input,True,NONE,,,,NONE,,[],"{""element"": ""input"", ""label"": ""Endorsement"", ""name"": ""ENDORSEMENT"", ""pattern"": null, ""placeholder"": ""NONE"", ""required"": true, ""tooltip"": null, ""value"": ""NONE""}"
OR,Oregon,(Rev. 07/09/2018),HEIGHT,1,HEIGHT,Height (in.),input,True,69,,,2,69,,[],"{""element"": ""input"", ""label"": ""Height (in.)"", ""maxlength"": 2, ""name"": ""HEIGHT"", ""pattern"": null, ""placeholder"": ""69"", ""required"": true, ""tooltip"": null, ""value"": ""69""}"
OR,Oregon,(Rev. 07/09/2018),WEIGHT,1,WEIGHT,Weight (lb.),input,True,169,,,3,169,,[],"{""element"": ""input"", ""label"": ""Weight (lb.)"", ""maxlength"": 3, ""name"": ""WEIGHT"", ""pattern"": null, ""placeholder"": ""169"", ""required"": true, ""tooltip"": null, ""value"": ""169""}"
OR,Oregon,(Rev. 07/09/2018),EYE,1,EYE,Eye (ANSI D-20),select,True,,,,,,,"[{""value"": """", ""label"": ""== Select ==""}, {""value"": ""BLK"", ""label"": ""BLK (Black)""}, {""value"": ""BLU"", ""label"": ""BLU (Blue)""}, {""value"": ""BRO"", ""label"": ""BRO (Brown)""}, {""value"": ""GRY"", ""label"": ""GRY (Gray)""}, {""value"": ""GRN"", ""label"": ""GRN (Green)""}, {""value"": ""HAZ"", ""label"": ""HAZ (Hazel)""}, {""value"": ""MAR"", ""label"": ""MAR (Maroon)""}, {""value"": ""PNK"", ""label"": ""PNK (Pink)""}, {""value"": ""DIC"", ""label"": ""DIC (Dichromatic)""}, {""value"": ""UNK"", ""label"": ""UNK (Unknown)""}]","{""element"": ""select"", ""label"": ""Eye (ANSI D-20)"", ""name"": ""EYE"", ""options"": [{""label"": ""== Select =="", ""value"": """"}, {""label"": ""BLK (Black)"", ""value"": ""BLK""}, {""label"": ""BLU (Blue)"", ""value"": ""BLU""}, {""label"": ""BRO (Brown)"", ""value"": ""BRO""}, {""label"": ""GRY (Gray)"", ""value"": ""GRY""}, {""label"": ""GRN (Green)"", ""value"": ""GRN""}, {""label"": ""HAZ (Hazel)"", ""value"": ""HAZ""}, {""label"": ""MAR (Maroon)"", ""value"": ""MAR""}, {""label"": ""PNK (Pink)"", ""value"": ""PNK""}, {""label"": ""DIC (Dichromatic)"", ""value"": ""DIC""}, {""label"": ""UNK (Unknown)"", ""value"": ""UNK""}], ""pattern"": null, ""placeholder"": null, ""required"": true, ""tooltip"": null, ""value"": null}"
OR,Oregon,(Rev. 07/09/2018),ADDRESS2,1,ADDRESS2,Address (2nd line),input,False,,,,,,,[],"{""element"": ""input"", ""label"": ""Address (2nd line)"", ""name"": ""ADDRESS2"", ""pattern"": null, ""placeholder"": """", ""required"": false, ""tooltip"": null, ""value"": """"}"
PA,Pennsylvania,Rev. 06/07/2016 (9000),NUMBER,1,NUMBER,DL Number,input,True,95744057,[0-9]{8},8,8,,8 random digits. You can click on the calculator icon to calculate number <b>automatically!</b>,[],"{""element"": ""input"", ""label"": ""DL Number"", ""maxlength"": 8, ""minlength"": 8, ""name"": ""NUMBER"", ""pattern"": ""[0-9]{8}"", ""placeholder"": ""95744057"", ""required"": true, ""tooltip"": ""8 random digits. You can click on the calculator icon to calculate number <b>automatically!</b>"", ""value"": """"}"
PA,Pennsylvania,Rev. 06/07/2016 (9000),FIRSTNAME,1,FIRSTNAME,First name,input,True,John,[a-zA-Z\s]+,,,,,[],"{""element"": ""input"", ""label"": ""First name"", ""name"": ""FIRSTNAME"", ""pattern"": ""[a-zA-Z\\s]+"", ""placeholder"": ""John"", ""required"": true, ""tooltip"": null, ""value"": """"}"
PA,Pennsylvania,Rev. 06/07/2016 (9000),LASTNAME,1,LASTNAME,Last name,input,True,Doe,[a-zA-Z\s]+,,,,,[],"{""element"": ""input"", ""label"": ""Last name"", ""name"": ""LASTNAME"", ""pattern"": ""[a-zA-Z\\s]+"", ""placeholder"": ""Doe"", ""required"": true, ""tooltip"": null, ""value"": """"}"
PA,Pennsylvania,Rev. 06/07/2016 (9000),MIDDLENAME,1,MIDDLENAME,Middle name,input,False,,,,,,This field is optional. You can click on the calculator icon to generate random name. Select gender in the field below to specify name gender.,[],"{""element"": ""input"", ""label"": ""Middle name"", ""name"": ""MIDDLENAME"", ""pattern"": null, ""placeholder"": """", ""required"": false, ""tooltip"": ""This field is optional. You can click on the calculator icon to generate random name. Select gender in the field below to specify name gender."", ""value"": """"}"
PA,Pennsylvania,Rev. 06/07/2016 (9000),ADDRESS,1,ADDRESS,Address,input,True,857 Chandlee Dr,,,,857 Chandlee Dr,,[],"{""element"": ""input"", ""label"": ""Address"", ""name"": ""ADDRESS"", ""pattern"": null, ""placeholder"": ""857 Chandlee Dr"", ""required"": true, ""tooltip"": null, ""value"": ""857 Chandlee Dr""}"
PA,Pennsylvania,Rev. 06/07/2016 (9000),CITY,1,CITY,City,input,True,West Chester,,,,West Chester,,[],"{""element"": ""input"", ""label"": ""City"", ""name"": ""CITY"", ""pattern"": null, ""placeholder"": ""West Chester"", ""required"": true, ""tooltip"": null, ""value"": ""West Chester""}"
PA,Pennsylvania,Rev. 06/07/2016 (9000),ZIP,1,ZIP,Zip code,input,True,19382,[0-9]{5},5,5,19382,,[],"{""element"": ""input"", ""label"": ""Zip code"", ""maxlength"": 5, ""minlength"": 5, ""name"": ""ZIP"", ""pattern"": ""[0-9]{5}"", ""placeholder"": ""19382"", ""required"": true, ""tooltip"": null, ""value"": ""19382""}"
PA,Pennsylvania,Rev. 06/07/2016 (9000),CLASS,1,CLASS,DL Class,input,True,C,[A-Z1-9]+,1,4,C,,[],"{""element"": ""input"", ""label"": ""DL Class"", ""maxlength"": 4, ""minlength"": 1, ""name"": ""CLASS"", ""pattern"": ""[A-Z1-9]+"", ""placeholder"": ""C"", ""required"": true, ""tooltip"": null, ""value"": ""C""}"
PA,Pennsylvania,Rev. 06/07/2016 (9000),SEX,1,SEX,Sex,select,False,,,,,,,"[{""value"": ""M"", ""label"": ""M""}, {""value"": ""F"", ""label"": ""F""}]","{""element"": ""select"", ""label"": ""Sex"", ""name"": ""SEX"", ""options"": [{""label"": ""M"", ""value"": ""M""}, {""label"": ""F"", ""value"": ""F""}], ""pattern"": null, ""placeholder"": null, ""required"": false, ""tooltip"": null, ""value"": null}"
PA,Pennsylvania,Rev. 06/07/2016 (9000),DONOR,1,DONOR,Donor,select,False,,,,,,,"[{""value"": ""NO"", ""label"": ""No""}, {""value"": ""YES"", ""label"": ""Yes""}]","{""element"": ""select"", ""label"": ""Donor"", ""name"": ""DONOR"", ""options"": [{""label"": ""No"", ""value"": ""NO""}, {""label"": ""Yes"", ""value"": ""YES""}], ""pattern"": null, ""placeholder"": null, ""required"": false, ""tooltip"": null, ""value"": null}"
PA,Pennsylvania,Rev. 06/07/2016 (9000),DOB,1,DOB,Birth date,input,True,01151970,((((0[13578]|1[02])(0[1-9]|[12][0-9]|3[01]))|((0[469]|11)(0[1-9]|[12][0-9]|30))|(02)(0[1-9]|[1][0-9]|2[0-8]))([0-9]{3}[1-9]|[0-9]{2}[1-9][0-9]{1}|[0-9]{1}[1-9][0-9]{2}|[1-9][0-9]{3}))|(0229(([0-9]{2})(0[48]|[2468][048]|[13579][26])|((0[48]|[2468][048]|[3579][26])00))),8,8,,You need input the date in MMDDYYYY format,[],"{""element"": ""input"", ""label"": ""Birth date"", ""maxlength"": 8, ""minlength"": 8, ""name"": ""DOB"", ""pattern"": ""((((0[13578]|1[02])(0[1-9]|[12][0-9]|3[01]))|((0[469]|11)(0[1-9]|[12][0-9]|30))|(02)(0[1-9]|[1][0-9]|2[0-8]))([0-9]{3}[1-9]|[0-9]{2}[1-9][0-9]{1}|[0-9]{1}[1-9][0-9]{2}|[1-9][0-9]{3}))|(0229(([0-9]{2})(0[48]|[2468][048]|[13579][26])|((0[48]|[2468][048]|[3579][26])00)))"", ""placeholder"": ""01151970"", ""required"": true, ""tooltip"": ""You need input the date in MMDDYYYY format"", ""value"": """"}"
PA,Pennsylvania,Rev. 06/07/2016 (9000),DOI,1,DOI,Issue date,input,True,08262020,((((0[13578]|1[02])(0[1-9]|[12][0-9]|3[01]))|((0[469]|11)(0[1-9]|[12][0-9]|30))|(02)(0[1-9]|[1][0-9]|2[0-8]))([0-9]{3}[1-9]|[0-9]{2}[1-9][0-9]{1}|[0-9]{1}[1-9][0-9]{2}|[1-9][0-9]{3}))|(0229(([0-9]{2})(0[48]|[2468][048]|[13579][26])|((0[48]|[2468][048]|[3579][26])00))),8,8,,You need input the date in MMDDYYYY format,[],"{""element"": ""input"", ""label"": ""Issue date"", ""maxlength"": 8, ""minlength"": 8, ""name"": ""DOI"", ""pattern"": ""((((0[13578]|1[02])(0[1-9]|[12][0-9]|3[01]))|((0[469]|11)(0[1-9]|[12][0-9]|30))|(02)(0[1-9]|[1][0-9]|2[0-8]))([0-9]{3}[1-9]|[0-9]{2}[1-9][0-9]{1}|[0-9]{1}[1-9][0-9]{2}|[1-9][0-9]{3}))|(0229(([0-9]{2})(0[48]|[2468][048]|[13579][26])|((0[48]|[2468][048]|[3579][26])00)))"", ""placeholder"": ""08262020"", ""required"": true, ""tooltip"": ""You need input the date in MMDDYYYY format"", ""value"": """"}"
PA,Pennsylvania,Rev. 06/07/2016 (9000),DOE,1,DOE,Expiry date,input,True,01162024,((((0[13578]|1[02])(0[1-9]|[12][0-9]|3[01]))|((0[469]|11)(0[1-9]|[12][0-9]|30))|(02)(0[1-9]|[1][0-9]|2[0-8]))([0-9]{3}[1-9]|[0-9]{2}[1-9][0-9]{1}|[0-9]{1}[1-9][0-9]{2}|[1-9][0-9]{3}))|(0229(([0-9]{2})(0[48]|[2468][048]|[13579][26])|((0[48]|[2468][048]|[3579][26])00))),8,8,,Same month and day as in birth date. 6 years after the year of issue,[],"{""element"": ""input"", ""label"": ""Expiry date"", ""maxlength"": 8, ""minlength"": 8, ""name"": ""DOE"", ""pattern"": ""((((0[13578]|1[02])(0[1-9]|[12][0-9]|3[01]))|((0[469]|11)(0[1-9]|[12][0-9]|30))|(02)(0[1-9]|[1][0-9]|2[0-8]))([0-9]{3}[1-9]|[0-9]{2}[1-9][0-9]{1}|[0-9]{1}[1-9][0-9]{2}|[1-9][0-9]{3}))|(0229(([0-9]{2})(0[48]|[2468][048]|[13579][26])|((0[48]|[2468][048]|[3579][26])00)))"", ""placeholder"": ""01162024"", ""required"": true, ""tooltip"": ""Same month and day as in birth date. 6 years after the year of issue"", ""value"": """"}"
PA,Pennsylvania,Rev. 06/07/2016 (9000),ICN,1,ICN,ICN,input,True,0250018505120106,02500[0-9]{11},16,16,,You can click on the calculator icon to calculate ICN <b>automatically!</b>,[],"{""element"": ""input"", ""label"": ""ICN"", ""maxlength"": 16, ""minlength"": 16, ""name"": ""ICN"", ""pattern"": ""02500[0-9]{11}"", ""placeholder"": ""0250018505120106"", ""required"": true, ""tooltip"": ""You can click on the calculator icon to calculate ICN <b>automatically!</b>"", ""value"": null}"
PA,Pennsylvania,Rev. 06/07/2016 (9000),DD,1,DD,DD,input,True,2023967803632140000058560,[0-9]{25},25,25,,You can click on the calculator icon to calculate DD <b>automatically!</b>,[],"{""element"": ""input"", ""label"": ""DD"", ""maxlength"": 25, ""minlength"": 25, ""name"": ""DD"", ""pattern"": ""[0-9]{25}"", ""placeholder"": ""2023967803632140000058560"", ""required"": true, ""tooltip"": ""You can click on the calculator icon to calculate DD <b>automatically!</b>"", ""value"": null}"
PA,Pennsylvania,Rev. 06/07/2016 (9000),RESTRICTIONS,1,RESTRICTIONS,Restrictions,input,True,NONE,,,,NONE,,[],"{""element"": ""input"", ""label"": ""Restrictions"", ""name"": ""RESTRICTIONS"", ""pattern"": null, ""placeholder"": ""NONE"", ""required"": true, ""tooltip"": null, ""value"": ""NONE""}"
PA,Pennsylvania,Rev. 06/07/2016 (9000),ENDORSEMENT,1,ENDORSEMENT,Endorsement,input,True,NONE,,,,NONE,,[],"{""element"": ""input"", ""label"": ""Endorsement"", ""name"": ""ENDORSEMENT"", ""pattern"": null, ""placeholder"": ""NONE"", ""required"": true, ""tooltip"": null, ""value"": ""NONE""}"
PA,Pennsylvania,Rev. 06/07/2016 (9000),HEIGHT,1,HEIGHT,Height (in.),input,True,69,,,2,69,,[],"{""element"": ""input"", ""label"": ""Height (in.)"", ""maxlength"": 2, ""name"": ""HEIGHT"", ""pattern"": null, ""placeholder"": ""69"", ""required"": true, ""tooltip"": null, ""value"": ""69""}"
PA,Pennsylvania,Rev. 06/07/2016 (9000),WEIGHT,1,WEIGHT,Weight (lb.),input,True,169,,,3,169,,[],"{""element"": ""input"", ""label"": ""Weight (lb.)"", ""maxlength"": 3, ""name"": ""WEIGHT"", ""pattern"": null, ""placeholder"": ""169"", ""required"": true, ""tooltip"": null, ""value"": ""169""}"
PA,Pennsylvania,Rev. 06/07/2016 (9000),EYE,1,EYE,Eye (ANSI D-20),select,True,,,,,,,"[{""value"": """", ""label"": ""== Select ==""}, {""value"": ""BLK"", ""label"": ""BLK (Black)""}, {""value"": ""BLU"", ""label"": ""BLU (Blue)""}, {""value"": ""BRO"", ""label"": ""BRO (Brown)""}, {""value"": ""GRY"", ""label"": ""GRY (Gray)""}, {""value"": ""GRN"", ""label"": ""GRN (Green)""}, {""value"": ""HAZ"", ""label"": ""HAZ (Hazel)""}, {""value"": ""MAR"", ""label"": ""MAR (Maroon)""}, {""value"": ""PNK"", ""label"": ""PNK (Pink)""}, {""value"": ""DIC"", ""label"": ""DIC (Dichromatic)""}, {""value"": ""UNK"", ""label"": ""UNK (Unknown)""}]","{""element"": ""select"", ""label"": ""Eye (ANSI D-20)"", ""name"": ""EYE"", ""options"": [{""label"": ""== Select =="", ""value"": """"}, {""label"": ""BLK (Black)"", ""value"": ""BLK""}, {""label"": ""BLU (Blue)"", ""value"": ""BLU""}, {""label"": ""BRO (Brown)"", ""value"": ""BRO""}, {""label"": ""GRY (Gray)"", ""value"": ""GRY""}, {""label"": ""GRN (Green)"", ""value"": ""GRN""}, {""label"": ""HAZ (Hazel)"", ""value"": ""HAZ""}, {""label"": ""MAR (Maroon)"", ""value"": ""MAR""}, {""label"": ""PNK (Pink)"", ""value"": ""PNK""}, {""label"": ""DIC (Dichromatic)"", ""value"": ""DIC""}, {""label"": ""UNK (Unknown)"", ""value"": ""UNK""}], ""pattern"": null, ""placeholder"": null, ""required"": true, ""tooltip"": null, ""value"": null}"
PA,Pennsylvania,Rev. 06/07/2016 (9000),REALID,1,REALID,Is REAL ID,select,False,,,,,,"Pennsylvania started issuing REAL ID compliant cards on 03/01/2019. If the card issue date is before this date, do not select REAL ID compliant.","[{""value"": """", ""label"": ""== Select ==""}, {""value"": ""F"", ""label"": ""Yes""}, {""value"": ""N"", ""label"": ""No""}]","{""element"": ""select"", ""label"": ""Is REAL ID"", ""name"": ""REALID"", ""options"": [{""label"": ""== Select =="", ""value"": """"}, {""label"": ""Yes"", ""value"": ""F""}, {""label"": ""No"", ""value"": ""N""}], ""pattern"": null, ""placeholder"": null, ""required"": false, ""tooltip"": ""Pennsylvania started issuing REAL ID compliant cards on 03/01/2019. If the card issue date is before this date, do not select REAL ID compliant."", ""value"": null}"
PA,Pennsylvania,Rev. 06/07/2016 (9000),DUPS,1,DUPS,Dups,input,True,00,,,,00,,[],"{""element"": ""input"", ""label"": ""Dups"", ""name"": ""DUPS"", ""pattern"": null, ""placeholder"": ""00"", ""required"": true, ""tooltip"": null, ""value"": ""00""}"
PA_2022,Pennsylvania,Rev. 03/25/2022 (1000),NUMBER,1,NUMBER,DL Number,input,True,95744057,[0-9]{8},8,8,,8 random digits. You can click on the calculator icon to calculate number <b>automatically!</b>,[],"{""element"": ""input"", ""label"": ""DL Number"", ""maxlength"": 8, ""minlength"": 8, ""name"": ""NUMBER"", ""pattern"": ""[0-9]{8}"", ""placeholder"": ""95744057"", ""required"": true, ""tooltip"": ""8 random digits. You can click on the calculator icon to calculate number <b>automatically!</b>"", ""value"": """"}"
PA_2022,Pennsylvania,Rev. 03/25/2022 (1000),FIRSTNAME,1,FIRSTNAME,First name,input,True,John,[a-zA-Z\s]+,,,,,[],"{""element"": ""input"", ""label"": ""First name"", ""name"": ""FIRSTNAME"", ""pattern"": ""[a-zA-Z\\s]+"", ""placeholder"": ""John"", ""required"": true, ""tooltip"": null, ""value"": """"}"
PA_2022,Pennsylvania,Rev. 03/25/2022 (1000),LASTNAME,1,LASTNAME,Last name,input,True,Doe,[a-zA-Z\s]+,,,,,[],"{""element"": ""input"", ""label"": ""Last name"", ""name"": ""LASTNAME"", ""pattern"": ""[a-zA-Z\\s]+"", ""placeholder"": ""Doe"", ""required"": true, ""tooltip"": null, ""value"": """"}"
PA_2022,Pennsylvania,Rev. 03/25/2022 (1000),MIDDLENAME,1,MIDDLENAME,Middle name,input,False,,,,,,This field is optional. You can click on the calculator icon to generate random name. Select gender in the field below to specify name gender.,[],"{""element"": ""input"", ""label"": ""Middle name"", ""name"": ""MIDDLENAME"", ""pattern"": null, ""placeholder"": """", ""required"": false, ""tooltip"": ""This field is optional. You can click on the calculator icon to generate random name. Select gender in the field below to specify name gender."", ""value"": """"}"
PA_2022,Pennsylvania,Rev. 03/25/2022 (1000),ADDRESS,1,ADDRESS,Address,input,True,857 Chandlee Dr,,,,857 Chandlee Dr,,[],"{""element"": ""input"", ""label"": ""Address"", ""name"": ""ADDRESS"", ""pattern"": null, ""placeholder"": ""857 Chandlee Dr"", ""required"": true, ""tooltip"": null, ""value"": ""857 Chandlee Dr""}"
PA_2022,Pennsylvania,Rev. 03/25/2022 (1000),CITY,1,CITY,City,input,True,West Chester,,,,West Chester,,[],"{""element"": ""input"", ""label"": ""City"", ""name"": ""CITY"", ""pattern"": null, ""placeholder"": ""West Chester"", ""required"": true, ""tooltip"": null, ""value"": ""West Chester""}"
PA_2022,Pennsylvania,Rev. 03/25/2022 (1000),ZIP,1,ZIP,Zip code,input,True,19382,[0-9]{5},5,5,19382,,[],"{""element"": ""input"", ""label"": ""Zip code"", ""maxlength"": 5, ""minlength"": 5, ""name"": ""ZIP"", ""pattern"": ""[0-9]{5}"", ""placeholder"": ""19382"", ""required"": true, ""tooltip"": null, ""value"": ""19382""}"
PA_2022,Pennsylvania,Rev. 03/25/2022 (1000),CLASS,1,CLASS,DL Class,input,True,C,[A-Z1-9]+,1,4,C,,[],"{""element"": ""input"", ""label"": ""DL Class"", ""maxlength"": 4, ""minlength"": 1, ""name"": ""CLASS"", ""pattern"": ""[A-Z1-9]+"", ""placeholder"": ""C"", ""required"": true, ""tooltip"": null, ""value"": ""C""}"
PA_2022,Pennsylvania,Rev. 03/25/2022 (1000),SEX,1,SEX,Sex,select,False,,,,,,,"[{""value"": ""M"", ""label"": ""M""}, {""value"": ""F"", ""label"": ""F""}]","{""element"": ""select"", ""label"": ""Sex"", ""name"": ""SEX"", ""options"": [{""label"": ""M"", ""value"": ""M""}, {""label"": ""F"", ""value"": ""F""}], ""pattern"": null, ""placeholder"": null, ""required"": false, ""tooltip"": null, ""value"": null}"
PA_2022,Pennsylvania,Rev. 03/25/2022 (1000),DONOR,1,DONOR,Donor,select,False,,,,,,,"[{""value"": ""NO"", ""label"": ""No""}, {""value"": ""YES"", ""label"": ""Yes""}]","{""element"": ""select"", ""label"": ""Donor"", ""name"": ""DONOR"", ""options"": [{""label"": ""No"", ""value"": ""NO""}, {""label"": ""Yes"", ""value"": ""YES""}], ""pattern"": null, ""placeholder"": null, ""required"": false, ""tooltip"": null, ""value"": null}"
PA_2022,Pennsylvania,Rev. 03/25/2022 (1000),DOB,1,DOB,Birth date,input,True,01151970,((((0[13578]|1[02])(0[1-9]|[12][0-9]|3[01]))|((0[469]|11)(0[1-9]|[12][0-9]|30))|(02)(0[1-9]|[1][0-9]|2[0-8]))([0-9]{3}[1-9]|[0-9]{2}[1-9][0-9]{1}|[0-9]{1}[1-9][0-9]{2}|[1-9][0-9]{3}))|(0229(([0-9]{2})(0[48]|[2468][048]|[13579][26])|((0[48]|[2468][048]|[3579][26])00))),8,8,,You need input the date in MMDDYYYY format,[],"{""element"": ""input"", ""label"": ""Birth date"", ""maxlength"": 8, ""minlength"": 8, ""name"": ""DOB"", ""pattern"": ""((((0[13578]|1[02])(0[1-9]|[12][0-9]|3[01]))|((0[469]|11)(0[1-9]|[12][0-9]|30))|(02)(0[1-9]|[1][0-9]|2[0-8]))([0-9]{3}[1-9]|[0-9]{2}[1-9][0-9]{1}|[0-9]{1}[1-9][0-9]{2}|[1-9][0-9]{3}))|(0229(([0-9]{2})(0[48]|[2468][048]|[13579][26])|((0[48]|[2468][048]|[3579][26])00)))"", ""placeholder"": ""01151970"", ""required"": true, ""tooltip"": ""You need input the date in MMDDYYYY format"", ""value"": """"}"
PA_2022,Pennsylvania,Rev. 03/25/2022 (1000),DOI,1,DOI,Issue date,input,True,08262023,((((0[13578]|1[02])(0[1-9]|[12][0-9]|3[01]))|((0[469]|11)(0[1-9]|[12][0-9]|30))|(02)(0[1-9]|[1][0-9]|2[0-8]))([0-9]{3}[1-9]|[0-9]{2}[1-9][0-9]{1}|[0-9]{1}[1-9][0-9]{2}|[1-9][0-9]{3}))|(0229(([0-9]{2})(0[48]|[2468][048]|[13579][26])|((0[48]|[2468][048]|[3579][26])00))),8,8,,You need input the date in MMDDYYYY format,[],"{""element"": ""input"", ""label"": ""Issue date"", ""maxlength"": 8, ""minlength"": 8, ""name"": ""DOI"", ""pattern"": ""((((0[13578]|1[02])(0[1-9]|[12][0-9]|3[01]))|((0[469]|11)(0[1-9]|[12][0-9]|30))|(02)(0[1-9]|[1][0-9]|2[0-8]))([0-9]{3}[1-9]|[0-9]{2}[1-9][0-9]{1}|[0-9]{1}[1-9][0-9]{2}|[1-9][0-9]{3}))|(0229(([0-9]{2})(0[48]|[2468][048]|[13579][26])|((0[48]|[2468][048]|[3579][26])00)))"", ""placeholder"": ""08262023"", ""required"": true, ""tooltip"": ""You need input the date in MMDDYYYY format"", ""value"": """"}"
PA_2022,Pennsylvania,Rev. 03/25/2022 (1000),DOE,1,DOE,Expiry date,input,True,01162024,((((0[13578]|1[02])(0[1-9]|[12][0-9]|3[01]))|((0[469]|11)(0[1-9]|[12][0-9]|30))|(02)(0[1-9]|[1][0-9]|2[0-8]))([0-9]{3}[1-9]|[0-9]{2}[1-9][0-9]{1}|[0-9]{1}[1-9][0-9]{2}|[1-9][0-9]{3}))|(0229(([0-9]{2})(0[48]|[2468][048]|[13579][26])|((0[48]|[2468][048]|[3579][26])00))),8,8,,Same month and day as in birth date. 6 years after the year of issue,[],"{""element"": ""input"", ""label"": ""Expiry date"", ""maxlength"": 8, ""minlength"": 8, ""name"": ""DOE"", ""pattern"": ""((((0[13578]|1[02])(0[1-9]|[12][0-9]|3[01]))|((0[469]|11)(0[1-9]|[12][0-9]|30))|(02)(0[1-9]|[1][0-9]|2[0-8]))([0-9]{3}[1-9]|[0-9]{2}[1-9][0-9]{1}|[0-9]{1}[1-9][0-9]{2}|[1-9][0-9]{3}))|(0229(([0-9]{2})(0[48]|[2468][048]|[13579][26])|((0[48]|[2468][048]|[3579][26])00)))"", ""placeholder"": ""01162024"", ""required"": true, ""tooltip"": ""Same month and day as in birth date. 6 years after the year of issue"", ""value"": """"}"
PA_2022,Pennsylvania,Rev. 03/25/2022 (1000),ICN,1,ICN,ICN,input,True,0250018505120106,02500[0-9]{11},16,16,,You can click on the calculator icon to calculate ICN <b>automatically!</b>,[],"{""element"": ""input"", ""label"": ""ICN"", ""maxlength"": 16, ""minlength"": 16, ""name"": ""ICN"", ""pattern"": ""02500[0-9]{11}"", ""placeholder"": ""0250018505120106"", ""required"": true, ""tooltip"": ""You can click on the calculator icon to calculate ICN <b>automatically!</b>"", ""value"": null}"
PA_2022,Pennsylvania,Rev. 03/25/2022 (1000),DD,1,DD,DD,input,True,2023967803632140000058560,[0-9]{25},25,25,,You can click on the calculator icon to calculate DD <b>automatically!</b>,[],"{""element"": ""input"", ""label"": ""DD"", ""maxlength"": 25, ""minlength"": 25, ""name"": ""DD"", ""pattern"": ""[0-9]{25}"", ""placeholder"": ""2023967803632140000058560"", ""required"": true, ""tooltip"": ""You can click on the calculator icon to calculate DD <b>automatically!</b>"", ""value"": null}"
PA_2022,Pennsylvania,Rev. 03/25/2022 (1000),RESTRICTIONS,1,RESTRICTIONS,Restrictions,input,True,NONE,,,,NONE,,[],"{""element"": ""input"", ""label"": ""Restrictions"", ""name"": ""RESTRICTIONS"", ""pattern"": null, ""placeholder"": ""NONE"", ""required"": true, ""tooltip"": null, ""value"": ""NONE""}"
PA_2022,Pennsylvania,Rev. 03/25/2022 (1000),ENDORSEMENT,1,ENDORSEMENT,Endorsement,input,True,NONE,,,,NONE,,[],"{""element"": ""input"", ""label"": ""Endorsement"", ""name"": ""ENDORSEMENT"", ""pattern"": null, ""placeholder"": ""NONE"", ""required"": true, ""tooltip"": null, ""value"": ""NONE""}"
PA_2022,Pennsylvania,Rev. 03/25/2022 (1000),HEIGHT,1,HEIGHT,Height (in.),input,True,69,,,2,69,,[],"{""element"": ""input"", ""label"": ""Height (in.)"", ""maxlength"": 2, ""name"": ""HEIGHT"", ""pattern"": null, ""placeholder"": ""69"", ""required"": true, ""tooltip"": null, ""value"": ""69""}"
PA_2022,Pennsylvania,Rev. 03/25/2022 (1000),WEIGHT,1,WEIGHT,Weight (lb.),input,True,169,,,3,169,,[],"{""element"": ""input"", ""label"": ""Weight (lb.)"", ""maxlength"": 3, ""name"": ""WEIGHT"", ""pattern"": null, ""placeholder"": ""169"", ""required"": true, ""tooltip"": null, ""value"": ""169""}"
PA_2022,Pennsylvania,Rev. 03/25/2022 (1000),EYE,1,EYE,Eye (ANSI D-20),select,True,,,,,,,"[{""value"": """", ""label"": ""== Select ==""}, {""value"": ""BLK"", ""label"": ""BLK (Black)""}, {""value"": ""BLU"", ""label"": ""BLU (Blue)""}, {""value"": ""BRO"", ""label"": ""BRO (Brown)""}, {""value"": ""GRY"", ""label"": ""GRY (Gray)""}, {""value"": ""GRN"", ""label"": ""GRN (Green)""}, {""value"": ""HAZ"", ""label"": ""HAZ (Hazel)""}, {""value"": ""MAR"", ""label"": ""MAR (Maroon)""}, {""value"": ""PNK"", ""label"": ""PNK (Pink)""}, {""value"": ""DIC"", ""label"": ""DIC (Dichromatic)""}, {""value"": ""UNK"", ""label"": ""UNK (Unknown)""}]","{""element"": ""select"", ""label"": ""Eye (ANSI D-20)"", ""name"": ""EYE"", ""options"": [{""label"": ""== Select =="", ""value"": """"}, {""label"": ""BLK (Black)"", ""value"": ""BLK""}, {""label"": ""BLU (Blue)"", ""value"": ""BLU""}, {""label"": ""BRO (Brown)"", ""value"": ""BRO""}, {""label"": ""GRY (Gray)"", ""value"": ""GRY""}, {""label"": ""GRN (Green)"", ""value"": ""GRN""}, {""label"": ""HAZ (Hazel)"", ""value"": ""HAZ""}, {""label"": ""MAR (Maroon)"", ""value"": ""MAR""}, {""label"": ""PNK (Pink)"", ""value"": ""PNK""}, {""label"": ""DIC (Dichromatic)"", ""value"": ""DIC""}, {""label"": ""UNK (Unknown)"", ""value"": ""UNK""}], ""pattern"": null, ""placeholder"": null, ""required"": true, ""tooltip"": null, ""value"": null}"
PA_2022,Pennsylvania,Rev. 03/25/2022 (1000),REALID,1,REALID,Is REAL ID,select,False,,,,,,"Pennsylvania started issuing REAL ID compliant cards on 03/01/2019. If the card issue date is before this date, do not select REAL ID compliant.","[{""value"": ""F"", ""label"": ""Yes""}, {""value"": ""N"", ""label"": ""No""}]","{""element"": ""select"", ""label"": ""Is REAL ID"", ""name"": ""REALID"", ""options"": [{""label"": ""Yes"", ""value"": ""F""}, {""label"": ""No"", ""value"": ""N""}], ""pattern"": null, ""placeholder"": null, ""required"": false, ""tooltip"": ""Pennsylvania started issuing REAL ID compliant cards on 03/01/2019. If the card issue date is before this date, do not select REAL ID compliant."", ""value"": null}"
PA_2022,Pennsylvania,Rev. 03/25/2022 (1000),DUPS,1,DUPS,Dups,input,True,00,,,,00,,[],"{""element"": ""input"", ""label"": ""Dups"", ""name"": ""DUPS"", ""pattern"": null, ""placeholder"": ""00"", ""required"": true, ""tooltip"": null, ""value"": ""00""}"
RI,Rhode Island,(Rev. 01/26/2016),NUMBER,1,NUMBER,DL Number,input,True,3755008,[0-9]{7}|[0-9]{8},7,8,, You can click on the calculator icon to calculate number <b>automatically!</b>,[],"{""element"": ""input"", ""label"": ""DL Number"", ""maxlength"": 8, ""minlength"": 7, ""name"": ""NUMBER"", ""pattern"": ""[0-9]{7}|[0-9]{8}"", ""placeholder"": ""3755008"", ""required"": true, ""tooltip"": "" You can click on the calculator icon to calculate number <b>automatically!</b>"", ""value"": """"}"
RI,Rhode Island,(Rev. 01/26/2016),LASTNAME,1,LASTNAME,Last name,input,True,Doe,[a-zA-Z\s]+,,,,,[],"{""element"": ""input"", ""label"": ""Last name"", ""name"": ""LASTNAME"", ""pattern"": ""[a-zA-Z\\s]+"", ""placeholder"": ""Doe"", ""required"": true, ""tooltip"": null, ""value"": """"}"
RI,Rhode Island,(Rev. 01/26/2016),FIRSTNAME,1,FIRSTNAME,First name,input,True,John,[a-zA-Z\s]+,,,,,[],"{""element"": ""input"", ""label"": ""First name"", ""name"": ""FIRSTNAME"", ""pattern"": ""[a-zA-Z\\s]+"", ""placeholder"": ""John"", ""required"": true, ""tooltip"": null, ""value"": """"}"
RI,Rhode Island,(Rev. 01/26/2016),MIDDLENAME,1,MIDDLENAME,Middle name,input,False,,,,,,This field is optional. You can click on the calculator icon to generate random name. Select gender in the field below to specify name gender.,[],"{""element"": ""input"", ""label"": ""Middle name"", ""name"": ""MIDDLENAME"", ""pattern"": null, ""placeholder"": """", ""required"": false, ""tooltip"": ""This field is optional. You can click on the calculator icon to generate random name. Select gender in the field below to specify name gender."", ""value"": """"}"
RI,Rhode Island,(Rev. 01/26/2016),ADDRESS,1,ADDRESS,Address,input,True,24 Rimwood Dr,,,,24 Rimwood Dr,,[],"{""element"": ""input"", ""label"": ""Address"", ""name"": ""ADDRESS"", ""pattern"": null, ""placeholder"": ""24 Rimwood Dr"", ""required"": true, ""tooltip"": null, ""value"": ""24 Rimwood Dr""}"
RI,Rhode Island,(Rev. 01/26/2016),CITY,1,CITY,City,input,True,Smithfield,,,,Smithfield,,[],"{""element"": ""input"", ""label"": ""City"", ""name"": ""CITY"", ""pattern"": null, ""placeholder"": ""Smithfield"", ""required"": true, ""tooltip"": null, ""value"": ""Smithfield""}"
RI,Rhode Island,(Rev. 01/26/2016),ZIP,1,ZIP,Zip code,input,True,02917,[0-9]{5},5,5,02917,,[],"{""element"": ""input"", ""label"": ""Zip code"", ""maxlength"": 5, ""minlength"": 5, ""name"": ""ZIP"", ""pattern"": ""[0-9]{5}"", ""placeholder"": ""02917"", ""required"": true, ""tooltip"": null, ""value"": ""02917""}"
RI,Rhode Island,(Rev. 01/26/2016),CLASS,1,CLASS,DL Class,input,True,10,[A-Z0-9]+,1,4,10,,[],"{""element"": ""input"", ""label"": ""DL Class"", ""maxlength"": 4, ""minlength"": 1, ""name"": ""CLASS"", ""pattern"": ""[A-Z0-9]+"", ""placeholder"": ""10"", ""required"": true, ""tooltip"": null, ""value"": ""10""}"
RI,Rhode Island,(Rev. 01/26/2016),SEX,1,SEX,Sex,select,False,,,,,,,"[{""value"": ""M"", ""label"": ""M""}, {""value"": ""F"", ""label"": ""F""}]","{""element"": ""select"", ""label"": ""Sex"", ""name"": ""SEX"", ""options"": [{""label"": ""M"", ""value"": ""M""}, {""label"": ""F"", ""value"": ""F""}], ""pattern"": null, ""placeholder"": null, ""required"": false, ""tooltip"": null, ""value"": null}"
RI,Rhode Island,(Rev. 01/26/2016),DONOR,1,DONOR,Donor,select,False,,,,,,,"[{""value"": ""NO"", ""label"": ""No""}, {""value"": ""YES"", ""label"": ""Yes""}]","{""element"": ""select"", ""label"": ""Donor"", ""name"": ""DONOR"", ""options"": [{""label"": ""No"", ""value"": ""NO""}, {""label"": ""Yes"", ""value"": ""YES""}], ""pattern"": null, ""placeholder"": null, ""required"": false, ""tooltip"": null, ""value"": null}"
RI,Rhode Island,(Rev. 01/26/2016),DOB,1,DOB,Birth date,input,True,01151970,((((0[13578]|1[02])(0[1-9]|[12][0-9]|3[01]))|((0[469]|11)(0[1-9]|[12][0-9]|30))|(02)(0[1-9]|[1][0-9]|2[0-8]))([0-9]{3}[1-9]|[0-9]{2}[1-9][0-9]{1}|[0-9]{1}[1-9][0-9]{2}|[1-9][0-9]{3}))|(0229(([0-9]{2})(0[48]|[2468][048]|[13579][26])|((0[48]|[2468][048]|[3579][26])00))),8,8,,You need input the date in MMDDYYYY format,[],"{""element"": ""input"", ""label"": ""Birth date"", ""maxlength"": 8, ""minlength"": 8, ""name"": ""DOB"", ""pattern"": ""((((0[13578]|1[02])(0[1-9]|[12][0-9]|3[01]))|((0[469]|11)(0[1-9]|[12][0-9]|30))|(02)(0[1-9]|[1][0-9]|2[0-8]))([0-9]{3}[1-9]|[0-9]{2}[1-9][0-9]{1}|[0-9]{1}[1-9][0-9]{2}|[1-9][0-9]{3}))|(0229(([0-9]{2})(0[48]|[2468][048]|[13579][26])|((0[48]|[2468][048]|[3579][26])00)))"", ""placeholder"": ""01151970"", ""required"": true, ""tooltip"": ""You need input the date in MMDDYYYY format"", ""value"": """"}"
RI,Rhode Island,(Rev. 01/26/2016),DOI,1,DOI,Issue date,input,True,08262020,((((0[13578]|1[02])(0[1-9]|[12][0-9]|3[01]))|((0[469]|11)(0[1-9]|[12][0-9]|30))|(02)(0[1-9]|[1][0-9]|2[0-8]))([0-9]{3}[1-9]|[0-9]{2}[1-9][0-9]{1}|[0-9]{1}[1-9][0-9]{2}|[1-9][0-9]{3}))|(0229(([0-9]{2})(0[48]|[2468][048]|[13579][26])|((0[48]|[2468][048]|[3579][26])00))),8,8,,You need input the date in MMDDYYYY format,[],"{""element"": ""input"", ""label"": ""Issue date"", ""maxlength"": 8, ""minlength"": 8, ""name"": ""DOI"", ""pattern"": ""((((0[13578]|1[02])(0[1-9]|[12][0-9]|3[01]))|((0[469]|11)(0[1-9]|[12][0-9]|30))|(02)(0[1-9]|[1][0-9]|2[0-8]))([0-9]{3}[1-9]|[0-9]{2}[1-9][0-9]{1}|[0-9]{1}[1-9][0-9]{2}|[1-9][0-9]{3}))|(0229(([0-9]{2})(0[48]|[2468][048]|[13579][26])|((0[48]|[2468][048]|[3579][26])00)))"", ""placeholder"": ""08262020"", ""required"": true, ""tooltip"": ""You need input the date in MMDDYYYY format"", ""value"": """"}"
RI,Rhode Island,(Rev. 01/26/2016),DOE,1,DOE,Expiry date,input,True,01152025,((((0[13578]|1[02])(0[1-9]|[12][0-9]|3[01]))|((0[469]|11)(0[1-9]|[12][0-9]|30))|(02)(0[1-9]|[1][0-9]|2[0-8]))([0-9]{3}[1-9]|[0-9]{2}[1-9][0-9]{1}|[0-9]{1}[1-9][0-9]{2}|[1-9][0-9]{3}))|(0229(([0-9]{2})(0[48]|[2468][048]|[13579][26])|((0[48]|[2468][048]|[3579][26])00))),8,8,,Same month and day as in birth date. 5 years after the year of issue,[],"{""element"": ""input"", ""label"": ""Expiry date"", ""maxlength"": 8, ""minlength"": 8, ""name"": ""DOE"", ""pattern"": ""((((0[13578]|1[02])(0[1-9]|[12][0-9]|3[01]))|((0[469]|11)(0[1-9]|[12][0-9]|30))|(02)(0[1-9]|[1][0-9]|2[0-8]))([0-9]{3}[1-9]|[0-9]{2}[1-9][0-9]{1}|[0-9]{1}[1-9][0-9]{2}|[1-9][0-9]{3}))|(0229(([0-9]{2})(0[48]|[2468][048]|[13579][26])|((0[48]|[2468][048]|[3579][26])00)))"", ""placeholder"": ""01152025"", ""required"": true, ""tooltip"": ""Same month and day as in birth date. 5 years after the year of issue"", ""value"": """"}"
RI,Rhode Island,(Rev. 01/26/2016),ICN,1,ICN,ICN,input,True,O3755008RIJTTL01,O[0-9]{7}RI[a-zA-Z0-9]{2}TL01,16,16,,O + Document Number + RI + 2 letters + TL01. You can click on the calculator icon to calculate ICN <b>automatically!</b>,[],"{""element"": ""input"", ""label"": ""ICN"", ""maxlength"": 16, ""minlength"": 16, ""name"": ""ICN"", ""pattern"": ""O[0-9]{7}RI[a-zA-Z0-9]{2}TL01"", ""placeholder"": ""O3755008RIJTTL01"", ""required"": true, ""tooltip"": ""O + Document Number + RI + 2 letters + TL01. You can click on the calculator icon to calculate ICN <b>automatically!</b>"", ""value"": null}"
RI,Rhode Island,(Rev. 01/26/2016),DD,1,DD,DD,input,True,300283,[0-9]+,,,,"
            There are two different versions of the document discriminator.<br>
            After 2017 discriminator: 7 random digits<br>
            Until 2017, the discriminator: DL Number + issue date in YYYYMMDD format + 6 digits.<br>
            You can click on the calculator icon to calculate DD <b>automatically!</b>",[],"{""element"": ""input"", ""label"": ""DD"", ""name"": ""DD"", ""pattern"": ""[0-9]+"", ""placeholder"": ""300283"", ""required"": true, ""tooltip"": ""\n            There are two different versions of the document discriminator.<br>\n            After 2017 discriminator: 7 random digits<br>\n            Until 2017, the discriminator: DL Number + issue date in YYYYMMDD format + 6 digits.<br>\n            You can click on the calculator icon to calculate DD <b>automatically!</b>"", ""value"": null}"
RI,Rhode Island,(Rev. 01/26/2016),RESTRICTIONS,1,RESTRICTIONS,Restrictions,input,True,NONE,,,,NONE,,[],"{""element"": ""input"", ""label"": ""Restrictions"", ""name"": ""RESTRICTIONS"", ""pattern"": null, ""placeholder"": ""NONE"", ""required"": true, ""tooltip"": null, ""value"": ""NONE""}"
RI,Rhode Island,(Rev. 01/26/2016),ENDORSEMENT,1,ENDORSEMENT,Endorsement,input,True,NONE,,,,NONE,,[],"{""element"": ""input"", ""label"": ""Endorsement"", ""name"": ""ENDORSEMENT"", ""pattern"": null, ""placeholder"": ""NONE"", ""required"": true, ""tooltip"": null, ""value"": ""NONE""}"
RI,Rhode Island,(Rev. 01/26/2016),HEIGHT,1,HEIGHT,Height (in.),input,True,69,,,2,69,,[],"{""element"": ""input"", ""label"": ""Height (in.)"", ""maxlength"": 2, ""name"": ""HEIGHT"", ""pattern"": null, ""placeholder"": ""69"", ""required"": true, ""tooltip"": null, ""value"": ""69""}"
RI,Rhode Island,(Rev. 01/26/2016),WEIGHT,1,WEIGHT,Weight (lb.),input,True,169,,,3,169,,[],"{""element"": ""input"", ""label"": ""Weight (lb.)"", ""maxlength"": 3, ""name"": ""WEIGHT"", ""pattern"": null, ""placeholder"": ""169"", ""required"": true, ""tooltip"": null, ""value"": ""169""}"
RI,Rhode Island,(Rev. 01/26/2016),EYE,1,EYE,Eye (ANSI D-20),select,True,,,,,,,"[{""value"": """", ""label"": ""== Select ==""}, {""value"": ""BLK"", ""label"": ""BLK (Black)""}, {""value"": ""BLU"", ""label"": ""BLU (Blue)""}, {""value"": ""BRO"", ""label"": ""BRO (Brown)""}, {""value"": ""GRY"", ""label"": ""GRY (Gray)""}, {""value"": ""GRN"", ""label"": ""GRN (Green)""}, {""value"": ""HAZ"", ""label"": ""HAZ (Hazel)""}, {""value"": ""MAR"", ""label"": ""MAR (Maroon)""}, {""value"": ""PNK"", ""label"": ""PNK (Pink)""}, {""value"": ""DIC"", ""label"": ""DIC (Dichromatic)""}, {""value"": ""UNK"", ""label"": ""UNK (Unknown)""}]","{""element"": ""select"", ""label"": ""Eye (ANSI D-20)"", ""name"": ""EYE"", ""options"": [{""label"": ""== Select =="", ""value"": """"}, {""label"": ""BLK (Black)"", ""value"": ""BLK""}, {""label"": ""BLU (Blue)"", ""value"": ""BLU""}, {""label"": ""BRO (Brown)"", ""value"": ""BRO""}, {""label"": ""GRY (Gray)"", ""value"": ""GRY""}, {""label"": ""GRN (Green)"", ""value"": ""GRN""}, {""label"": ""HAZ (Hazel)"", ""value"": ""HAZ""}, {""label"": ""MAR (Maroon)"", ""value"": ""MAR""}, {""label"": ""PNK (Pink)"", ""value"": ""PNK""}, {""label"": ""DIC (Dichromatic)"", ""value"": ""DIC""}, {""label"": ""UNK (Unknown)"", ""value"": ""UNK""}], ""pattern"": null, ""placeholder"": null, ""required"": true, ""tooltip"": null, ""value"": null}"
RI,Rhode Island,(Rev. 01/26/2016),HAIR,1,HAIR,Hair (ANSI D-20),select,True,,,,,,,"[{""value"": """", ""label"": ""== Select ==""}, {""value"": ""BLK"", ""label"": ""BLK (Black)""}, {""value"": ""BLN"", ""label"": ""BLN (Blond)""}, {""value"": ""BRO"", ""label"": ""BRO (Brown)""}, {""value"": ""GRY"", ""label"": ""GRY (Grey)""}, {""value"": ""RED"", ""label"": ""RED (Red/Auburn)""}, {""value"": ""SDY"", ""label"": ""SDY (Sandy)""}, {""value"": ""WHI"", ""label"": ""WHI (White)""}, {""value"": ""UNK"", ""label"": ""UNK (Unknown)""}, {""value"": ""BAL"", ""label"": ""BAL (Bald)""}]","{""element"": ""select"", ""label"": ""Hair (ANSI D-20)"", ""name"": ""HAIR"", ""options"": [{""label"": ""== Select =="", ""value"": """"}, {""label"": ""BLK (Black)"", ""value"": ""BLK""}, {""label"": ""BLN (Blond)"", ""value"": ""BLN""}, {""label"": ""BRO (Brown)"", ""value"": ""BRO""}, {""label"": ""GRY (Grey)"", ""value"": ""GRY""}, {""label"": ""RED (Red/Auburn)"", ""value"": ""RED""}, {""label"": ""SDY (Sandy)"", ""value"": ""SDY""}, {""label"": ""WHI (White)"", ""value"": ""WHI""}, {""label"": ""UNK (Unknown)"", ""value"": ""UNK""}, {""label"": ""BAL (Bald)"", ""value"": ""BAL""}], ""pattern"": null, ""placeholder"": null, ""required"": true, ""tooltip"": null, ""value"": null}"
RI_2022,Rhode Island,Rev. 03/01/2022 (0801),NUMBER,1,NUMBER,DL Number,input,True,3755008,[0-9]{7}|[0-9]{8},7,8,, You can click on the calculator icon to calculate number <b>automatically!</b>,[],"{""element"": ""input"", ""label"": ""DL Number"", ""maxlength"": 8, ""minlength"": 7, ""name"": ""NUMBER"", ""pattern"": ""[0-9]{7}|[0-9]{8}"", ""placeholder"": ""3755008"", ""required"": true, ""tooltip"": "" You can click on the calculator icon to calculate number <b>automatically!</b>"", ""value"": """"}"
RI_2022,Rhode Island,Rev. 03/01/2022 (0801),LASTNAME,1,LASTNAME,Last name,input,True,Doe,[a-zA-Z\s]+,,,,,[],"{""element"": ""input"", ""label"": ""Last name"", ""name"": ""LASTNAME"", ""pattern"": ""[a-zA-Z\\s]+"", ""placeholder"": ""Doe"", ""required"": true, ""tooltip"": null, ""value"": """"}"
RI_2022,Rhode Island,Rev. 03/01/2022 (0801),FIRSTNAME,1,FIRSTNAME,First name,input,True,John,[a-zA-Z\s]+,,,,,[],"{""element"": ""input"", ""label"": ""First name"", ""name"": ""FIRSTNAME"", ""pattern"": ""[a-zA-Z\\s]+"", ""placeholder"": ""John"", ""required"": true, ""tooltip"": null, ""value"": """"}"
RI_2022,Rhode Island,Rev. 03/01/2022 (0801),MIDDLENAME,1,MIDDLENAME,Middle name,input,False,,,,,,This field is optional. You can click on the calculator icon to generate random name. Select gender in the field below to specify name gender.,[],"{""element"": ""input"", ""label"": ""Middle name"", ""name"": ""MIDDLENAME"", ""pattern"": null, ""placeholder"": """", ""required"": false, ""tooltip"": ""This field is optional. You can click on the calculator icon to generate random name. Select gender in the field below to specify name gender."", ""value"": """"}"
RI_2022,Rhode Island,Rev. 03/01/2022 (0801),ADDRESS,1,ADDRESS,Address,input,True,24 Rimwood Dr,,,,24 Rimwood Dr,,[],"{""element"": ""input"", ""label"": ""Address"", ""name"": ""ADDRESS"", ""pattern"": null, ""placeholder"": ""24 Rimwood Dr"", ""required"": true, ""tooltip"": null, ""value"": ""24 Rimwood Dr""}"
RI_2022,Rhode Island,Rev. 03/01/2022 (0801),CITY,1,CITY,City,input,True,Smithfield,,,,Smithfield,,[],"{""element"": ""input"", ""label"": ""City"", ""name"": ""CITY"", ""pattern"": null, ""placeholder"": ""Smithfield"", ""required"": true, ""tooltip"": null, ""value"": ""Smithfield""}"
RI_2022,Rhode Island,Rev. 03/01/2022 (0801),ZIP,1,ZIP,Zip code,input,True,02917,[0-9]{5},5,5,02917,,[],"{""element"": ""input"", ""label"": ""Zip code"", ""maxlength"": 5, ""minlength"": 5, ""name"": ""ZIP"", ""pattern"": ""[0-9]{5}"", ""placeholder"": ""02917"", ""required"": true, ""tooltip"": null, ""value"": ""02917""}"
RI_2022,Rhode Island,Rev. 03/01/2022 (0801),CLASS,1,CLASS,DL Class,input,True,10,[A-Z0-9]+,1,4,10,,[],"{""element"": ""input"", ""label"": ""DL Class"", ""maxlength"": 4, ""minlength"": 1, ""name"": ""CLASS"", ""pattern"": ""[A-Z0-9]+"", ""placeholder"": ""10"", ""required"": true, ""tooltip"": null, ""value"": ""10""}"
RI_2022,Rhode Island,Rev. 03/01/2022 (0801),SEX,1,SEX,Sex,select,False,,,,,,,"[{""value"": ""M"", ""label"": ""M""}, {""value"": ""F"", ""label"": ""F""}]","{""element"": ""select"", ""label"": ""Sex"", ""name"": ""SEX"", ""options"": [{""label"": ""M"", ""value"": ""M""}, {""label"": ""F"", ""value"": ""F""}], ""pattern"": null, ""placeholder"": null, ""required"": false, ""tooltip"": null, ""value"": null}"
RI_2022,Rhode Island,Rev. 03/01/2022 (0801),DONOR,1,DONOR,Donor,select,False,,,,,,,"[{""value"": ""NO"", ""label"": ""No""}, {""value"": ""YES"", ""label"": ""Yes""}]","{""element"": ""select"", ""label"": ""Donor"", ""name"": ""DONOR"", ""options"": [{""label"": ""No"", ""value"": ""NO""}, {""label"": ""Yes"", ""value"": ""YES""}], ""pattern"": null, ""placeholder"": null, ""required"": false, ""tooltip"": null, ""value"": null}"
RI_2022,Rhode Island,Rev. 03/01/2022 (0801),DOB,1,DOB,Birth date,input,True,01151970,((((0[13578]|1[02])(0[1-9]|[12][0-9]|3[01]))|((0[469]|11)(0[1-9]|[12][0-9]|30))|(02)(0[1-9]|[1][0-9]|2[0-8]))([0-9]{3}[1-9]|[0-9]{2}[1-9][0-9]{1}|[0-9]{1}[1-9][0-9]{2}|[1-9][0-9]{3}))|(0229(([0-9]{2})(0[48]|[2468][048]|[13579][26])|((0[48]|[2468][048]|[3579][26])00))),8,8,,You need input the date in MMDDYYYY format,[],"{""element"": ""input"", ""label"": ""Birth date"", ""maxlength"": 8, ""minlength"": 8, ""name"": ""DOB"", ""pattern"": ""((((0[13578]|1[02])(0[1-9]|[12][0-9]|3[01]))|((0[469]|11)(0[1-9]|[12][0-9]|30))|(02)(0[1-9]|[1][0-9]|2[0-8]))([0-9]{3}[1-9]|[0-9]{2}[1-9][0-9]{1}|[0-9]{1}[1-9][0-9]{2}|[1-9][0-9]{3}))|(0229(([0-9]{2})(0[48]|[2468][048]|[13579][26])|((0[48]|[2468][048]|[3579][26])00)))"", ""placeholder"": ""01151970"", ""required"": true, ""tooltip"": ""You need input the date in MMDDYYYY format"", ""value"": """"}"
RI_2022,Rhode Island,Rev. 03/01/2022 (0801),DOI,1,DOI,Issue date,input,True,08262020,((((0[13578]|1[02])(0[1-9]|[12][0-9]|3[01]))|((0[469]|11)(0[1-9]|[12][0-9]|30))|(02)(0[1-9]|[1][0-9]|2[0-8]))([0-9]{3}[1-9]|[0-9]{2}[1-9][0-9]{1}|[0-9]{1}[1-9][0-9]{2}|[1-9][0-9]{3}))|(0229(([0-9]{2})(0[48]|[2468][048]|[13579][26])|((0[48]|[2468][048]|[3579][26])00))),8,8,,You need input the date in MMDDYYYY format,[],"{""element"": ""input"", ""label"": ""Issue date"", ""maxlength"": 8, ""minlength"": 8, ""name"": ""DOI"", ""pattern"": ""((((0[13578]|1[02])(0[1-9]|[12][0-9]|3[01]))|((0[469]|11)(0[1-9]|[12][0-9]|30))|(02)(0[1-9]|[1][0-9]|2[0-8]))([0-9]{3}[1-9]|[0-9]{2}[1-9][0-9]{1}|[0-9]{1}[1-9][0-9]{2}|[1-9][0-9]{3}))|(0229(([0-9]{2})(0[48]|[2468][048]|[13579][26])|((0[48]|[2468][048]|[3579][26])00)))"", ""placeholder"": ""08262020"", ""required"": true, ""tooltip"": ""You need input the date in MMDDYYYY format"", ""value"": """"}"
RI_2022,Rhode Island,Rev. 03/01/2022 (0801),DOE,1,DOE,Expiry date,input,True,01152025,((((0[13578]|1[02])(0[1-9]|[12][0-9]|3[01]))|((0[469]|11)(0[1-9]|[12][0-9]|30))|(02)(0[1-9]|[1][0-9]|2[0-8]))([0-9]{3}[1-9]|[0-9]{2}[1-9][0-9]{1}|[0-9]{1}[1-9][0-9]{2}|[1-9][0-9]{3}))|(0229(([0-9]{2})(0[48]|[2468][048]|[13579][26])|((0[48]|[2468][048]|[3579][26])00))),8,8,,Same month and day as in birth date. 5 years after the year of issue,[],"{""element"": ""input"", ""label"": ""Expiry date"", ""maxlength"": 8, ""minlength"": 8, ""name"": ""DOE"", ""pattern"": ""((((0[13578]|1[02])(0[1-9]|[12][0-9]|3[01]))|((0[469]|11)(0[1-9]|[12][0-9]|30))|(02)(0[1-9]|[1][0-9]|2[0-8]))([0-9]{3}[1-9]|[0-9]{2}[1-9][0-9]{1}|[0-9]{1}[1-9][0-9]{2}|[1-9][0-9]{3}))|(0229(([0-9]{2})(0[48]|[2468][048]|[13579][26])|((0[48]|[2468][048]|[3579][26])00)))"", ""placeholder"": ""01152025"", ""required"": true, ""tooltip"": ""Same month and day as in birth date. 5 years after the year of issue"", ""value"": """"}"
RI_2022,Rhode Island,Rev. 03/01/2022 (0801),ICN,1,ICN,ICN,input,True,O3755008RIJTTL01,O[0-9]{7}RI[a-zA-Z0-9]{3}L01,16,16,,O + Document Number + RI + 3 characters + L01. You can click on the calculator icon to calculate ICN <b>automatically!</b>,[],"{""element"": ""input"", ""label"": ""ICN"", ""maxlength"": 16, ""minlength"": 16, ""name"": ""ICN"", ""pattern"": ""O[0-9]{7}RI[a-zA-Z0-9]{3}L01"", ""placeholder"": ""O3755008RIJTTL01"", ""required"": true, ""tooltip"": ""O + Document Number + RI + 3 characters + L01. You can click on the calculator icon to calculate ICN <b>automatically!</b>"", ""value"": null}"
RI_2022,Rhode Island,Rev. 03/01/2022 (0801),DD,1,DD,DD,input,True,4052356,[0-9]+,,,,"7 random digits.<br>
            You can click on the calculator icon to calculate DD <b>automatically!</b>",[],"{""element"": ""input"", ""label"": ""DD"", ""name"": ""DD"", ""pattern"": ""[0-9]+"", ""placeholder"": ""4052356"", ""required"": true, ""tooltip"": ""7 random digits.<br>\n            You can click on the calculator icon to calculate DD <b>automatically!</b>"", ""value"": null}"
RI_2022,Rhode Island,Rev. 03/01/2022 (0801),RESTRICTIONS,1,RESTRICTIONS,Restrictions,input,True,NONE,,,,NONE,,[],"{""element"": ""input"", ""label"": ""Restrictions"", ""name"": ""RESTRICTIONS"", ""pattern"": null, ""placeholder"": ""NONE"", ""required"": true, ""tooltip"": null, ""value"": ""NONE""}"
RI_2022,Rhode Island,Rev. 03/01/2022 (0801),ENDORSEMENT,1,ENDORSEMENT,Endorsement,input,True,NONE,,,,NONE,,[],"{""element"": ""input"", ""label"": ""Endorsement"", ""name"": ""ENDORSEMENT"", ""pattern"": null, ""placeholder"": ""NONE"", ""required"": true, ""tooltip"": null, ""value"": ""NONE""}"
RI_2022,Rhode Island,Rev. 03/01/2022 (0801),HEIGHT,1,HEIGHT,Height (in.),input,True,69,,,2,69,,[],"{""element"": ""input"", ""label"": ""Height (in.)"", ""maxlength"": 2, ""name"": ""HEIGHT"", ""pattern"": null, ""placeholder"": ""69"", ""required"": true, ""tooltip"": null, ""value"": ""69""}"
RI_2022,Rhode Island,Rev. 03/01/2022 (0801),WEIGHT,1,WEIGHT,Weight (lb.),input,True,169,,,3,169,,[],"{""element"": ""input"", ""label"": ""Weight (lb.)"", ""maxlength"": 3, ""name"": ""WEIGHT"", ""pattern"": null, ""placeholder"": ""169"", ""required"": true, ""tooltip"": null, ""value"": ""169""}"
RI_2022,Rhode Island,Rev. 03/01/2022 (0801),EYE,1,EYE,Eye (ANSI D-20),select,True,,,,,,,"[{""value"": """", ""label"": ""== Select ==""}, {""value"": ""BLK"", ""label"": ""BLK (Black)""}, {""value"": ""BLU"", ""label"": ""BLU (Blue)""}, {""value"": ""BRO"", ""label"": ""BRO (Brown)""}, {""value"": ""GRY"", ""label"": ""GRY (Gray)""}, {""value"": ""GRN"", ""label"": ""GRN (Green)""}, {""value"": ""HAZ"", ""label"": ""HAZ (Hazel)""}, {""value"": ""MAR"", ""label"": ""MAR (Maroon)""}, {""value"": ""PNK"", ""label"": ""PNK (Pink)""}, {""value"": ""DIC"", ""label"": ""DIC (Dichromatic)""}, {""value"": ""UNK"", ""label"": ""UNK (Unknown)""}]","{""element"": ""select"", ""label"": ""Eye (ANSI D-20)"", ""name"": ""EYE"", ""options"": [{""label"": ""== Select =="", ""value"": """"}, {""label"": ""BLK (Black)"", ""value"": ""BLK""}, {""label"": ""BLU (Blue)"", ""value"": ""BLU""}, {""label"": ""BRO (Brown)"", ""value"": ""BRO""}, {""label"": ""GRY (Gray)"", ""value"": ""GRY""}, {""label"": ""GRN (Green)"", ""value"": ""GRN""}, {""label"": ""HAZ (Hazel)"", ""value"": ""HAZ""}, {""label"": ""MAR (Maroon)"", ""value"": ""MAR""}, {""label"": ""PNK (Pink)"", ""value"": ""PNK""}, {""label"": ""DIC (Dichromatic)"", ""value"": ""DIC""}, {""label"": ""UNK (Unknown)"", ""value"": ""UNK""}], ""pattern"": null, ""placeholder"": null, ""required"": true, ""tooltip"": null, ""value"": null}"
RI_2022,Rhode Island,Rev. 03/01/2022 (0801),HAIR,1,HAIR,Hair (ANSI D-20),select,True,,,,,,,"[{""value"": """", ""label"": ""== Select ==""}, {""value"": ""BLK"", ""label"": ""BLK (Black)""}, {""value"": ""BLN"", ""label"": ""BLN (Blond)""}, {""value"": ""BRO"", ""label"": ""BRO (Brown)""}, {""value"": ""GRY"", ""label"": ""GRY (Grey)""}, {""value"": ""RED"", ""label"": ""RED (Red/Auburn)""}, {""value"": ""SDY"", ""label"": ""SDY (Sandy)""}, {""value"": ""WHI"", ""label"": ""WHI (White)""}, {""value"": ""UNK"", ""label"": ""UNK (Unknown)""}, {""value"": ""BAL"", ""label"": ""BAL (Bald)""}]","{""element"": ""select"", ""label"": ""Hair (ANSI D-20)"", ""name"": ""HAIR"", ""options"": [{""label"": ""== Select =="", ""value"": """"}, {""label"": ""BLK (Black)"", ""value"": ""BLK""}, {""label"": ""BLN (Blond)"", ""value"": ""BLN""}, {""label"": ""BRO (Brown)"", ""value"": ""BRO""}, {""label"": ""GRY (Grey)"", ""value"": ""GRY""}, {""label"": ""RED (Red/Auburn)"", ""value"": ""RED""}, {""label"": ""SDY (Sandy)"", ""value"": ""SDY""}, {""label"": ""WHI (White)"", ""value"": ""WHI""}, {""label"": ""UNK (Unknown)"", ""value"": ""UNK""}, {""label"": ""BAL (Bald)"", ""value"": ""BAL""}], ""pattern"": null, ""placeholder"": null, ""required"": true, ""tooltip"": null, ""value"": null}"
SC,South Carolina,(Rev. 01/01/2018),NUMBER,1,NUMBER,DL Number,input,True,107844741,[0-9]{9},9,9,,9 random digits. You can click on the calculator icon to calculate number <b>automatically!</b>,[],"{""element"": ""input"", ""label"": ""DL Number"", ""maxlength"": 9, ""minlength"": 9, ""name"": ""NUMBER"", ""pattern"": ""[0-9]{9}"", ""placeholder"": ""107844741"", ""required"": true, ""tooltip"": ""9 random digits. You can click on the calculator icon to calculate number <b>automatically!</b>"", ""value"": """"}"
SC,South Carolina,(Rev. 01/01/2018),FIRSTNAME,1,FIRSTNAME,First name,input,True,John,[a-zA-Z\s]+,,,,,[],"{""element"": ""input"", ""label"": ""First name"", ""name"": ""FIRSTNAME"", ""pattern"": ""[a-zA-Z\\s]+"", ""placeholder"": ""John"", ""required"": true, ""tooltip"": null, ""value"": """"}"
SC,South Carolina,(Rev. 01/01/2018),LASTNAME,1,LASTNAME,Last name,input,True,Doe,[a-zA-Z\s]+,,,,,[],"{""element"": ""input"", ""label"": ""Last name"", ""name"": ""LASTNAME"", ""pattern"": ""[a-zA-Z\\s]+"", ""placeholder"": ""Doe"", ""required"": true, ""tooltip"": null, ""value"": """"}"
SC,South Carolina,(Rev. 01/01/2018),MIDDLENAME,1,MIDDLENAME,Middle name,input,False,,,,,,This field is optional. You can click on the calculator icon to generate random name. Select gender in the field below to specify name gender.,[],"{""element"": ""input"", ""label"": ""Middle name"", ""name"": ""MIDDLENAME"", ""pattern"": null, ""placeholder"": """", ""required"": false, ""tooltip"": ""This field is optional. You can click on the calculator icon to generate random name. Select gender in the field below to specify name gender."", ""value"": """"}"
SC,South Carolina,(Rev. 01/01/2018),ADDRESS,1,ADDRESS,Address,input,True,619 Bucks Trail,,,,619 Bucks Trail,,[],"{""element"": ""input"", ""label"": ""Address"", ""name"": ""ADDRESS"", ""pattern"": null, ""placeholder"": ""619 Bucks Trail"", ""required"": true, ""tooltip"": null, ""value"": ""619 Bucks Trail""}"
SC,South Carolina,(Rev. 01/01/2018),CITY,1,CITY,City,input,True,Longs,,,,Longs,,[],"{""element"": ""input"", ""label"": ""City"", ""name"": ""CITY"", ""pattern"": null, ""placeholder"": ""Longs"", ""required"": true, ""tooltip"": null, ""value"": ""Longs""}"
SC,South Carolina,(Rev. 01/01/2018),ZIP,1,ZIP,Zip code,input,True,295688906,[0-9]{9},9,9,295688906,,[],"{""element"": ""input"", ""label"": ""Zip code"", ""maxlength"": 9, ""minlength"": 9, ""name"": ""ZIP"", ""pattern"": ""[0-9]{9}"", ""placeholder"": ""295688906"", ""required"": true, ""tooltip"": null, ""value"": ""295688906""}"
SC,South Carolina,(Rev. 01/01/2018),CLASS,1,CLASS,DL Class,input,True,D,[A-Z1-9]+,1,4,D,,[],"{""element"": ""input"", ""label"": ""DL Class"", ""maxlength"": 4, ""minlength"": 1, ""name"": ""CLASS"", ""pattern"": ""[A-Z1-9]+"", ""placeholder"": ""D"", ""required"": true, ""tooltip"": null, ""value"": ""D""}"
SC,South Carolina,(Rev. 01/01/2018),SEX,1,SEX,Sex,select,False,,,,,,,"[{""value"": ""M"", ""label"": ""M""}, {""value"": ""F"", ""label"": ""F""}]","{""element"": ""select"", ""label"": ""Sex"", ""name"": ""SEX"", ""options"": [{""label"": ""M"", ""value"": ""M""}, {""label"": ""F"", ""value"": ""F""}], ""pattern"": null, ""placeholder"": null, ""required"": false, ""tooltip"": null, ""value"": null}"
SC,South Carolina,(Rev. 01/01/2018),DONOR,1,DONOR,Donor,select,False,,,,,,,"[{""value"": ""NO"", ""label"": ""No""}, {""value"": ""YES"", ""label"": ""Yes""}]","{""element"": ""select"", ""label"": ""Donor"", ""name"": ""DONOR"", ""options"": [{""label"": ""No"", ""value"": ""NO""}, {""label"": ""Yes"", ""value"": ""YES""}], ""pattern"": null, ""placeholder"": null, ""required"": false, ""tooltip"": null, ""value"": null}"
SC,South Carolina,(Rev. 01/01/2018),DOB,1,DOB,Birth date,input,True,01151970,((((0[13578]|1[02])(0[1-9]|[12][0-9]|3[01]))|((0[469]|11)(0[1-9]|[12][0-9]|30))|(02)(0[1-9]|[1][0-9]|2[0-8]))([0-9]{3}[1-9]|[0-9]{2}[1-9][0-9]{1}|[0-9]{1}[1-9][0-9]{2}|[1-9][0-9]{3}))|(0229(([0-9]{2})(0[48]|[2468][048]|[13579][26])|((0[48]|[2468][048]|[3579][26])00))),8,8,,You need input the date in MMDDYYYY format,[],"{""element"": ""input"", ""label"": ""Birth date"", ""maxlength"": 8, ""minlength"": 8, ""name"": ""DOB"", ""pattern"": ""((((0[13578]|1[02])(0[1-9]|[12][0-9]|3[01]))|((0[469]|11)(0[1-9]|[12][0-9]|30))|(02)(0[1-9]|[1][0-9]|2[0-8]))([0-9]{3}[1-9]|[0-9]{2}[1-9][0-9]{1}|[0-9]{1}[1-9][0-9]{2}|[1-9][0-9]{3}))|(0229(([0-9]{2})(0[48]|[2468][048]|[13579][26])|((0[48]|[2468][048]|[3579][26])00)))"", ""placeholder"": ""01151970"", ""required"": true, ""tooltip"": ""You need input the date in MMDDYYYY format"", ""value"": """"}"
SC,South Carolina,(Rev. 01/01/2018),DOI,1,DOI,Issue date,input,True,08262020,((((0[13578]|1[02])(0[1-9]|[12][0-9]|3[01]))|((0[469]|11)(0[1-9]|[12][0-9]|30))|(02)(0[1-9]|[1][0-9]|2[0-8]))([0-9]{3}[1-9]|[0-9]{2}[1-9][0-9]{1}|[0-9]{1}[1-9][0-9]{2}|[1-9][0-9]{3}))|(0229(([0-9]{2})(0[48]|[2468][048]|[13579][26])|((0[48]|[2468][048]|[3579][26])00))),8,8,,You need input the date in MMDDYYYY format,[],"{""element"": ""input"", ""label"": ""Issue date"", ""maxlength"": 8, ""minlength"": 8, ""name"": ""DOI"", ""pattern"": ""((((0[13578]|1[02])(0[1-9]|[12][0-9]|3[01]))|((0[469]|11)(0[1-9]|[12][0-9]|30))|(02)(0[1-9]|[1][0-9]|2[0-8]))([0-9]{3}[1-9]|[0-9]{2}[1-9][0-9]{1}|[0-9]{1}[1-9][0-9]{2}|[1-9][0-9]{3}))|(0229(([0-9]{2})(0[48]|[2468][048]|[13579][26])|((0[48]|[2468][048]|[3579][26])00)))"", ""placeholder"": ""08262020"", ""required"": true, ""tooltip"": ""You need input the date in MMDDYYYY format"", ""value"": """"}"
SC,South Carolina,(Rev. 01/01/2018),DOE,1,DOE,Expiry date,input,True,01152028,((((0[13578]|1[02])(0[1-9]|[12][0-9]|3[01]))|((0[469]|11)(0[1-9]|[12][0-9]|30))|(02)(0[1-9]|[1][0-9]|2[0-8]))([0-9]{3}[1-9]|[0-9]{2}[1-9][0-9]{1}|[0-9]{1}[1-9][0-9]{2}|[1-9][0-9]{3}))|(0229(([0-9]{2})(0[48]|[2468][048]|[13579][26])|((0[48]|[2468][048]|[3579][26])00))),8,8,,Same month and day as in birth date. 8 years after the year of issue,[],"{""element"": ""input"", ""label"": ""Expiry date"", ""maxlength"": 8, ""minlength"": 8, ""name"": ""DOE"", ""pattern"": ""((((0[13578]|1[02])(0[1-9]|[12][0-9]|3[01]))|((0[469]|11)(0[1-9]|[12][0-9]|30))|(02)(0[1-9]|[1][0-9]|2[0-8]))([0-9]{3}[1-9]|[0-9]{2}[1-9][0-9]{1}|[0-9]{1}[1-9][0-9]{2}|[1-9][0-9]{3}))|(0229(([0-9]{2})(0[48]|[2468][048]|[13579][26])|((0[48]|[2468][048]|[3579][26])00)))"", ""placeholder"": ""01152028"", ""required"": true, ""tooltip"": ""Same month and day as in birth date. 8 years after the year of issue"", ""value"": """"}"
SC,South Carolina,(Rev. 01/01/2018),DD,1,DD,DD,input,True,8513940203280844439,[0-9]{19},19,19,,You can click on the calculator icon to calculate DD <b>automatically!</b>,[],"{""element"": ""input"", ""label"": ""DD"", ""maxlength"": 19, ""minlength"": 19, ""name"": ""DD"", ""pattern"": ""[0-9]{19}"", ""placeholder"": ""8513940203280844439"", ""required"": true, ""tooltip"": ""You can click on the calculator icon to calculate DD <b>automatically!</b>"", ""value"": null}"
SC,South Carolina,(Rev. 01/01/2018),RACE,1,RACE,Race (ANSI D-20),select,True,,,,,,,"[{""value"": """", ""label"": ""== Select ==""}, {""value"": ""AI"", ""label"": ""Alaskan or American Indian""}, {""value"": ""AP"", ""label"": ""Asian or Pacific Islander""}, {""value"": ""BK"", ""label"": ""Black""}, {""value"": ""H"", ""label"": ""Hispanic Origin""}, {""value"": ""O"", ""label"": ""Non-hispanic""}, {""value"": ""U"", ""label"": ""Unknown""}, {""value"": ""W"", ""label"": ""White""}]","{""element"": ""select"", ""label"": ""Race (ANSI D-20)"", ""name"": ""RACE"", ""options"": [{""label"": ""== Select =="", ""value"": """"}, {""label"": ""Alaskan or American Indian"", ""value"": ""AI""}, {""label"": ""Asian or Pacific Islander"", ""value"": ""AP""}, {""label"": ""Black"", ""value"": ""BK""}, {""label"": ""Hispanic Origin"", ""value"": ""H""}, {""label"": ""Non-hispanic"", ""value"": ""O""}, {""label"": ""Unknown"", ""value"": ""U""}, {""label"": ""White"", ""value"": ""W""}], ""pattern"": null, ""placeholder"": null, ""required"": true, ""tooltip"": null, ""value"": null}"
SC,South Carolina,(Rev. 01/01/2018),RESTRICTIONS,1,RESTRICTIONS,Restrictions,input,True,NONE,,,,NONE,,[],"{""element"": ""input"", ""label"": ""Restrictions"", ""name"": ""RESTRICTIONS"", ""pattern"": null, ""placeholder"": ""NONE"", ""required"": true, ""tooltip"": null, ""value"": ""NONE""}"
SC,South Carolina,(Rev. 01/01/2018),ENDORSEMENT,1,ENDORSEMENT,Endorsement,input,True,NONE,,,,NONE,,[],"{""element"": ""input"", ""label"": ""Endorsement"", ""name"": ""ENDORSEMENT"", ""pattern"": null, ""placeholder"": ""NONE"", ""required"": true, ""tooltip"": null, ""value"": ""NONE""}"
SC,South Carolina,(Rev. 01/01/2018),HEIGHT,1,HEIGHT,Height (in.),input,True,69,,,2,69,,[],"{""element"": ""input"", ""label"": ""Height (in.)"", ""maxlength"": 2, ""name"": ""HEIGHT"", ""pattern"": null, ""placeholder"": ""69"", ""required"": true, ""tooltip"": null, ""value"": ""69""}"
SC,South Carolina,(Rev. 01/01/2018),WEIGHT,1,WEIGHT,Weight (lb.),input,True,169,,,3,169,,[],"{""element"": ""input"", ""label"": ""Weight (lb.)"", ""maxlength"": 3, ""name"": ""WEIGHT"", ""pattern"": null, ""placeholder"": ""169"", ""required"": true, ""tooltip"": null, ""value"": ""169""}"
SC,South Carolina,(Rev. 01/01/2018),EYE,1,EYE,Eye (ANSI D-20),select,True,,,,,,,"[{""value"": """", ""label"": ""== Select ==""}, {""value"": ""BLK"", ""label"": ""BLK (Black)""}, {""value"": ""BLU"", ""label"": ""BLU (Blue)""}, {""value"": ""BRO"", ""label"": ""BRO (Brown)""}, {""value"": ""GRY"", ""label"": ""GRY (Gray)""}, {""value"": ""GRN"", ""label"": ""GRN (Green)""}, {""value"": ""HAZ"", ""label"": ""HAZ (Hazel)""}, {""value"": ""MAR"", ""label"": ""MAR (Maroon)""}, {""value"": ""PNK"", ""label"": ""PNK (Pink)""}, {""value"": ""DIC"", ""label"": ""DIC (Dichromatic)""}, {""value"": ""UNK"", ""label"": ""UNK (Unknown)""}]","{""element"": ""select"", ""label"": ""Eye (ANSI D-20)"", ""name"": ""EYE"", ""options"": [{""label"": ""== Select =="", ""value"": """"}, {""label"": ""BLK (Black)"", ""value"": ""BLK""}, {""label"": ""BLU (Blue)"", ""value"": ""BLU""}, {""label"": ""BRO (Brown)"", ""value"": ""BRO""}, {""label"": ""GRY (Gray)"", ""value"": ""GRY""}, {""label"": ""GRN (Green)"", ""value"": ""GRN""}, {""label"": ""HAZ (Hazel)"", ""value"": ""HAZ""}, {""label"": ""MAR (Maroon)"", ""value"": ""MAR""}, {""label"": ""PNK (Pink)"", ""value"": ""PNK""}, {""label"": ""DIC (Dichromatic)"", ""value"": ""DIC""}, {""label"": ""UNK (Unknown)"", ""value"": ""UNK""}], ""pattern"": null, ""placeholder"": null, ""required"": true, ""tooltip"": null, ""value"": null}"
SD,South Dakota,(Rev. 06/29/2017),NUMBER,1,NUMBER,DL Number,input,True,01384574,[0-9]{8},8,8,,8 digits. You can click on the calculator icon to calculate number <b>automatically!</b>,[],"{""element"": ""input"", ""label"": ""DL Number"", ""maxlength"": 8, ""minlength"": 8, ""name"": ""NUMBER"", ""pattern"": ""[0-9]{8}"", ""placeholder"": ""01384574"", ""required"": true, ""tooltip"": ""8 digits. You can click on the calculator icon to calculate number <b>automatically!</b>"", ""value"": """"}"
SD,South Dakota,(Rev. 06/29/2017),LASTNAME,1,LASTNAME,Last name,input,True,Doe,[a-zA-Z\s]+,,,,,[],"{""element"": ""input"", ""label"": ""Last name"", ""name"": ""LASTNAME"", ""pattern"": ""[a-zA-Z\\s]+"", ""placeholder"": ""Doe"", ""required"": true, ""tooltip"": null, ""value"": """"}"
SD,South Dakota,(Rev. 06/29/2017),FIRSTNAME,1,FIRSTNAME,First name,input,True,John,[a-zA-Z\s]+,,,,,[],"{""element"": ""input"", ""label"": ""First name"", ""name"": ""FIRSTNAME"", ""pattern"": ""[a-zA-Z\\s]+"", ""placeholder"": ""John"", ""required"": true, ""tooltip"": null, ""value"": """"}"
SD,South Dakota,(Rev. 06/29/2017),MIDDLENAME,1,MIDDLENAME,Middle name,input,False,,,,,,This field is optional. You can click on the calculator icon to generate random name. Select gender in the field below to specify name gender.,[],"{""element"": ""input"", ""label"": ""Middle name"", ""name"": ""MIDDLENAME"", ""pattern"": null, ""placeholder"": """", ""required"": false, ""tooltip"": ""This field is optional. You can click on the calculator icon to generate random name. Select gender in the field below to specify name gender."", ""value"": """"}"
SD,South Dakota,(Rev. 06/29/2017),ADDRESS,1,ADDRESS,Address,input,True,320 W Chapelwood Dr,,,,320 W Chapelwood Dr,,[],"{""element"": ""input"", ""label"": ""Address"", ""name"": ""ADDRESS"", ""pattern"": null, ""placeholder"": ""320 W Chapelwood Dr"", ""required"": true, ""tooltip"": null, ""value"": ""320 W Chapelwood Dr""}"
SD,South Dakota,(Rev. 06/29/2017),CITY,1,CITY,City,input,True,Brandon,,,,Brandon,,[],"{""element"": ""input"", ""label"": ""City"", ""name"": ""CITY"", ""pattern"": null, ""placeholder"": ""Brandon"", ""required"": true, ""tooltip"": null, ""value"": ""Brandon""}"
SD,South Dakota,(Rev. 06/29/2017),ZIP,1,ZIP,Zip code,input,True,570052115,[0-9]{9},9,9,570052115,,[],"{""element"": ""input"", ""label"": ""Zip code"", ""maxlength"": 9, ""minlength"": 9, ""name"": ""ZIP"", ""pattern"": ""[0-9]{9}"", ""placeholder"": ""570052115"", ""required"": true, ""tooltip"": null, ""value"": ""570052115""}"
SD,South Dakota,(Rev. 06/29/2017),CLASS,1,CLASS,DL Class,input,True,1,[A-Z1-9]+,1,4,1,,[],"{""element"": ""input"", ""label"": ""DL Class"", ""maxlength"": 4, ""minlength"": 1, ""name"": ""CLASS"", ""pattern"": ""[A-Z1-9]+"", ""placeholder"": ""1"", ""required"": true, ""tooltip"": null, ""value"": ""1""}"
SD,South Dakota,(Rev. 06/29/2017),SEX,1,SEX,Sex,select,False,,,,,,,"[{""value"": ""M"", ""label"": ""M""}, {""value"": ""F"", ""label"": ""F""}]","{""element"": ""select"", ""label"": ""Sex"", ""name"": ""SEX"", ""options"": [{""label"": ""M"", ""value"": ""M""}, {""label"": ""F"", ""value"": ""F""}], ""pattern"": null, ""placeholder"": null, ""required"": false, ""tooltip"": null, ""value"": null}"
SD,South Dakota,(Rev. 06/29/2017),DONOR,1,DONOR,Donor,select,False,,,,,,,"[{""value"": ""NO"", ""label"": ""No""}, {""value"": ""YES"", ""label"": ""Yes""}]","{""element"": ""select"", ""label"": ""Donor"", ""name"": ""DONOR"", ""options"": [{""label"": ""No"", ""value"": ""NO""}, {""label"": ""Yes"", ""value"": ""YES""}], ""pattern"": null, ""placeholder"": null, ""required"": false, ""tooltip"": null, ""value"": null}"
SD,South Dakota,(Rev. 06/29/2017),DOB,1,DOB,Birth date,input,True,01151970,((((0[13578]|1[02])(0[1-9]|[12][0-9]|3[01]))|((0[469]|11)(0[1-9]|[12][0-9]|30))|(02)(0[1-9]|[1][0-9]|2[0-8]))([0-9]{3}[1-9]|[0-9]{2}[1-9][0-9]{1}|[0-9]{1}[1-9][0-9]{2}|[1-9][0-9]{3}))|(0229(([0-9]{2})(0[48]|[2468][048]|[13579][26])|((0[48]|[2468][048]|[3579][26])00))),8,8,,You need input the date in MMDDYYYY format,[],"{""element"": ""input"", ""label"": ""Birth date"", ""maxlength"": 8, ""minlength"": 8, ""name"": ""DOB"", ""pattern"": ""((((0[13578]|1[02])(0[1-9]|[12][0-9]|3[01]))|((0[469]|11)(0[1-9]|[12][0-9]|30))|(02)(0[1-9]|[1][0-9]|2[0-8]))([0-9]{3}[1-9]|[0-9]{2}[1-9][0-9]{1}|[0-9]{1}[1-9][0-9]{2}|[1-9][0-9]{3}))|(0229(([0-9]{2})(0[48]|[2468][048]|[13579][26])|((0[48]|[2468][048]|[3579][26])00)))"", ""placeholder"": ""01151970"", ""required"": true, ""tooltip"": ""You need input the date in MMDDYYYY format"", ""value"": """"}"
SD,South Dakota,(Rev. 06/29/2017),DOI,1,DOI,Issue date,input,True,08262020,((((0[13578]|1[02])(0[1-9]|[12][0-9]|3[01]))|((0[469]|11)(0[1-9]|[12][0-9]|30))|(02)(0[1-9]|[1][0-9]|2[0-8]))([0-9]{3}[1-9]|[0-9]{2}[1-9][0-9]{1}|[0-9]{1}[1-9][0-9]{2}|[1-9][0-9]{3}))|(0229(([0-9]{2})(0[48]|[2468][048]|[13579][26])|((0[48]|[2468][048]|[3579][26])00))),8,8,,You need input the date in MMDDYYYY format,[],"{""element"": ""input"", ""label"": ""Issue date"", ""maxlength"": 8, ""minlength"": 8, ""name"": ""DOI"", ""pattern"": ""((((0[13578]|1[02])(0[1-9]|[12][0-9]|3[01]))|((0[469]|11)(0[1-9]|[12][0-9]|30))|(02)(0[1-9]|[1][0-9]|2[0-8]))([0-9]{3}[1-9]|[0-9]{2}[1-9][0-9]{1}|[0-9]{1}[1-9][0-9]{2}|[1-9][0-9]{3}))|(0229(([0-9]{2})(0[48]|[2468][048]|[13579][26])|((0[48]|[2468][048]|[3579][26])00)))"", ""placeholder"": ""08262020"", ""required"": true, ""tooltip"": ""You need input the date in MMDDYYYY format"", ""value"": """"}"
SD,South Dakota,(Rev. 06/29/2017),DOE,1,DOE,Expiry date,input,True,01152026,((((0[13578]|1[02])(0[1-9]|[12][0-9]|3[01]))|((0[469]|11)(0[1-9]|[12][0-9]|30))|(02)(0[1-9]|[1][0-9]|2[0-8]))([0-9]{3}[1-9]|[0-9]{2}[1-9][0-9]{1}|[0-9]{1}[1-9][0-9]{2}|[1-9][0-9]{3}))|(0229(([0-9]{2})(0[48]|[2468][048]|[13579][26])|((0[48]|[2468][048]|[3579][26])00))),8,8,,Same month and day as in birth date. 5 years after the year of issue,[],"{""element"": ""input"", ""label"": ""Expiry date"", ""maxlength"": 8, ""minlength"": 8, ""name"": ""DOE"", ""pattern"": ""((((0[13578]|1[02])(0[1-9]|[12][0-9]|3[01]))|((0[469]|11)(0[1-9]|[12][0-9]|30))|(02)(0[1-9]|[1][0-9]|2[0-8]))([0-9]{3}[1-9]|[0-9]{2}[1-9][0-9]{1}|[0-9]{1}[1-9][0-9]{2}|[1-9][0-9]{3}))|(0229(([0-9]{2})(0[48]|[2468][048]|[13579][26])|((0[48]|[2468][048]|[3579][26])00)))"", ""placeholder"": ""01152026"", ""required"": true, ""tooltip"": ""Same month and day as in birth date. 5 years after the year of issue"", ""value"": """"}"
SD,South Dakota,(Rev. 06/29/2017),ICN,1,ICN,ICN,input,True,,042000[0-9]{10},16,16,,042000 + 10 digits. You can click on the calculator icon to calculate ICN <b>automatically!</b>,[],"{""element"": ""input"", ""label"": ""ICN"", ""maxlength"": 16, ""minlength"": 16, ""name"": ""ICN"", ""pattern"": ""042000[0-9]{10}"", ""placeholder"": """", ""required"": true, ""tooltip"": ""042000 + 10 digits. You can click on the calculator icon to calculate ICN <b>automatically!</b>"", ""value"": null}"
SD,South Dakota,(Rev. 06/29/2017),DD,1,DD,DD,input,True,,[0-9]{23},23,23,,You can click on the calculator icon to calculate DD <b>automatically!</b>,[],"{""element"": ""input"", ""label"": ""DD"", ""maxlength"": 23, ""minlength"": 23, ""name"": ""DD"", ""pattern"": ""[0-9]{23}"", ""placeholder"": """", ""required"": true, ""tooltip"": ""You can click on the calculator icon to calculate DD <b>automatically!</b>"", ""value"": null}"
SD,South Dakota,(Rev. 06/29/2017),EYE,1,EYE,Eye (ANSI D-20),select,True,,,,,,,"[{""value"": """", ""label"": ""== Select ==""}, {""value"": ""BLK"", ""label"": ""BLK (Black)""}, {""value"": ""BLU"", ""label"": ""BLU (Blue)""}, {""value"": ""BRO"", ""label"": ""BRO (Brown)""}, {""value"": ""GRY"", ""label"": ""GRY (Gray)""}, {""value"": ""GRN"", ""label"": ""GRN (Green)""}, {""value"": ""HAZ"", ""label"": ""HAZ (Hazel)""}, {""value"": ""MAR"", ""label"": ""MAR (Maroon)""}, {""value"": ""PNK"", ""label"": ""PNK (Pink)""}, {""value"": ""DIC"", ""label"": ""DIC (Dichromatic)""}, {""value"": ""UNK"", ""label"": ""UNK (Unknown)""}]","{""element"": ""select"", ""label"": ""Eye (ANSI D-20)"", ""name"": ""EYE"", ""options"": [{""label"": ""== Select =="", ""value"": """"}, {""label"": ""BLK (Black)"", ""value"": ""BLK""}, {""label"": ""BLU (Blue)"", ""value"": ""BLU""}, {""label"": ""BRO (Brown)"", ""value"": ""BRO""}, {""label"": ""GRY (Gray)"", ""value"": ""GRY""}, {""label"": ""GRN (Green)"", ""value"": ""GRN""}, {""label"": ""HAZ (Hazel)"", ""value"": ""HAZ""}, {""label"": ""MAR (Maroon)"", ""value"": ""MAR""}, {""label"": ""PNK (Pink)"", ""value"": ""PNK""}, {""label"": ""DIC (Dichromatic)"", ""value"": ""DIC""}, {""label"": ""UNK (Unknown)"", ""value"": ""UNK""}], ""pattern"": null, ""placeholder"": null, ""required"": true, ""tooltip"": null, ""value"": null}"
SD,South Dakota,(Rev. 06/29/2017),RESTRICTIONS,1,RESTRICTIONS,Restrictions,input,True,NONE,,,,NONE,,[],"{""element"": ""input"", ""label"": ""Restrictions"", ""name"": ""RESTRICTIONS"", ""pattern"": null, ""placeholder"": ""NONE"", ""required"": true, ""tooltip"": null, ""value"": ""NONE""}"
SD,South Dakota,(Rev. 06/29/2017),ENDORSEMENT,1,ENDORSEMENT,Endorsement,input,True,NONE,,,,NONE,,[],"{""element"": ""input"", ""label"": ""Endorsement"", ""name"": ""ENDORSEMENT"", ""pattern"": null, ""placeholder"": ""NONE"", ""required"": true, ""tooltip"": null, ""value"": ""NONE""}"
SD,South Dakota,(Rev. 06/29/2017),HEIGHT,1,HEIGHT,Height (in.),input,True,69,,,2,69,,[],"{""element"": ""input"", ""label"": ""Height (in.)"", ""maxlength"": 2, ""name"": ""HEIGHT"", ""pattern"": null, ""placeholder"": ""69"", ""required"": true, ""tooltip"": null, ""value"": ""69""}"
SD,South Dakota,(Rev. 06/29/2017),WEIGHT,1,WEIGHT,Weight (lb.),input,True,169,,,3,169,,[],"{""element"": ""input"", ""label"": ""Weight (lb.)"", ""maxlength"": 3, ""name"": ""WEIGHT"", ""pattern"": null, ""placeholder"": ""169"", ""required"": true, ""tooltip"": null, ""value"": ""169""}"
TN,Tennessee,Rev. 12/02/2011 (0600),NUMBER,1,NUMBER,DL Number,input,True,145065024,[0-9]{9},9,9,,You can click on the calculator icon to calculate number <b>automatically!</b>,[],"{""element"": ""input"", ""label"": ""DL Number"", ""maxlength"": 9, ""minlength"": 9, ""name"": ""NUMBER"", ""pattern"": ""[0-9]{9}"", ""placeholder"": ""145065024"", ""required"": true, ""tooltip"": ""You can click on the calculator icon to calculate number <b>automatically!</b>"", ""value"": """"}"
TN,Tennessee,Rev. 12/02/2011 (0600),FIRSTNAME,1,FIRSTNAME,First name,input,True,John,[a-zA-Z\s]+,,,,,[],"{""element"": ""input"", ""label"": ""First name"", ""name"": ""FIRSTNAME"", ""pattern"": ""[a-zA-Z\\s]+"", ""placeholder"": ""John"", ""required"": true, ""tooltip"": null, ""value"": """"}"
TN,Tennessee,Rev. 12/02/2011 (0600),LASTNAME,1,LASTNAME,Last name,input,True,Doe,[a-zA-Z\s]+,,,,,[],"{""element"": ""input"", ""label"": ""Last name"", ""name"": ""LASTNAME"", ""pattern"": ""[a-zA-Z\\s]+"", ""placeholder"": ""Doe"", ""required"": true, ""tooltip"": null, ""value"": """"}"
TN,Tennessee,Rev. 12/02/2011 (0600),MIDDLENAME,1,MIDDLENAME,Middle name,input,False,,,,,,This field is optional. You can click on the calculator icon to generate random name. Select gender in the field below to specify name gender.,[],"{""element"": ""input"", ""label"": ""Middle name"", ""name"": ""MIDDLENAME"", ""pattern"": null, ""placeholder"": """", ""required"": false, ""tooltip"": ""This field is optional. You can click on the calculator icon to generate random name. Select gender in the field below to specify name gender."", ""value"": """"}"
TN,Tennessee,Rev. 12/02/2011 (0600),ADDRESS,1,ADDRESS,Address,input,True,219 Gresham Ln,,,,219 Gresham Ln,,[],"{""element"": ""input"", ""label"": ""Address"", ""name"": ""ADDRESS"", ""pattern"": null, ""placeholder"": ""219 Gresham Ln"", ""required"": true, ""tooltip"": null, ""value"": ""219 Gresham Ln""}"
TN,Tennessee,Rev. 12/02/2011 (0600),CITY,1,CITY,City,input,True,Murfreesboro,,,,Murfreesboro,,[],"{""element"": ""input"", ""label"": ""City"", ""name"": ""CITY"", ""pattern"": null, ""placeholder"": ""Murfreesboro"", ""required"": true, ""tooltip"": null, ""value"": ""Murfreesboro""}"
TN,Tennessee,Rev. 12/02/2011 (0600),ZIP,1,ZIP,Zip code,input,True,371294127,[0-9]{9},9,9,371294127,,[],"{""element"": ""input"", ""label"": ""Zip code"", ""maxlength"": 9, ""minlength"": 9, ""name"": ""ZIP"", ""pattern"": ""[0-9]{9}"", ""placeholder"": ""371294127"", ""required"": true, ""tooltip"": null, ""value"": ""371294127""}"
TN,Tennessee,Rev. 12/02/2011 (0600),CLASS,1,CLASS,DL Class,input,True,D,[A-Z1-9]+,1,4,D,,[],"{""element"": ""input"", ""label"": ""DL Class"", ""maxlength"": 4, ""minlength"": 1, ""name"": ""CLASS"", ""pattern"": ""[A-Z1-9]+"", ""placeholder"": ""D"", ""required"": true, ""tooltip"": null, ""value"": ""D""}"
TN,Tennessee,Rev. 12/02/2011 (0600),SEX,1,SEX,Sex,select,False,,,,,,,"[{""value"": ""M"", ""label"": ""M""}, {""value"": ""F"", ""label"": ""F""}]","{""element"": ""select"", ""label"": ""Sex"", ""name"": ""SEX"", ""options"": [{""label"": ""M"", ""value"": ""M""}, {""label"": ""F"", ""value"": ""F""}], ""pattern"": null, ""placeholder"": null, ""required"": false, ""tooltip"": null, ""value"": null}"
TN,Tennessee,Rev. 12/02/2011 (0600),DONOR,1,DONOR,Donor,select,False,,,,,,,"[{""value"": ""NO"", ""label"": ""No""}, {""value"": ""YES"", ""label"": ""Yes""}]","{""element"": ""select"", ""label"": ""Donor"", ""name"": ""DONOR"", ""options"": [{""label"": ""No"", ""value"": ""NO""}, {""label"": ""Yes"", ""value"": ""YES""}], ""pattern"": null, ""placeholder"": null, ""required"": false, ""tooltip"": null, ""value"": null}"
TN,Tennessee,Rev. 12/02/2011 (0600),DOB,1,DOB,Birth date,input,True,01151970,((((0[13578]|1[02])(0[1-9]|[12][0-9]|3[01]))|((0[469]|11)(0[1-9]|[12][0-9]|30))|(02)(0[1-9]|[1][0-9]|2[0-8]))([0-9]{3}[1-9]|[0-9]{2}[1-9][0-9]{1}|[0-9]{1}[1-9][0-9]{2}|[1-9][0-9]{3}))|(0229(([0-9]{2})(0[48]|[2468][048]|[13579][26])|((0[48]|[2468][048]|[3579][26])00))),8,8,,You need input the date in MMDDYYYY format,[],"{""element"": ""input"", ""label"": ""Birth date"", ""maxlength"": 8, ""minlength"": 8, ""name"": ""DOB"", ""pattern"": ""((((0[13578]|1[02])(0[1-9]|[12][0-9]|3[01]))|((0[469]|11)(0[1-9]|[12][0-9]|30))|(02)(0[1-9]|[1][0-9]|2[0-8]))([0-9]{3}[1-9]|[0-9]{2}[1-9][0-9]{1}|[0-9]{1}[1-9][0-9]{2}|[1-9][0-9]{3}))|(0229(([0-9]{2})(0[48]|[2468][048]|[13579][26])|((0[48]|[2468][048]|[3579][26])00)))"", ""placeholder"": ""01151970"", ""required"": true, ""tooltip"": ""You need input the date in MMDDYYYY format"", ""value"": """"}"
TN,Tennessee,Rev. 12/02/2011 (0600),DOI,1,DOI,Issue date,input,True,08262018,((((0[13578]|1[02])(0[1-9]|[12][0-9]|3[01]))|((0[469]|11)(0[1-9]|[12][0-9]|30))|(02)(0[1-9]|[1][0-9]|2[0-8]))([0-9]{3}[1-9]|[0-9]{2}[1-9][0-9]{1}|[0-9]{1}[1-9][0-9]{2}|[1-9][0-9]{3}))|(0229(([0-9]{2})(0[48]|[2468][048]|[13579][26])|((0[48]|[2468][048]|[3579][26])00))),8,8,,You need input the date in MMDDYYYY format,[],"{""element"": ""input"", ""label"": ""Issue date"", ""maxlength"": 8, ""minlength"": 8, ""name"": ""DOI"", ""pattern"": ""((((0[13578]|1[02])(0[1-9]|[12][0-9]|3[01]))|((0[469]|11)(0[1-9]|[12][0-9]|30))|(02)(0[1-9]|[1][0-9]|2[0-8]))([0-9]{3}[1-9]|[0-9]{2}[1-9][0-9]{1}|[0-9]{1}[1-9][0-9]{2}|[1-9][0-9]{3}))|(0229(([0-9]{2})(0[48]|[2468][048]|[13579][26])|((0[48]|[2468][048]|[3579][26])00)))"", ""placeholder"": ""08262018"", ""required"": true, ""tooltip"": ""You need input the date in MMDDYYYY format"", ""value"": """"}"
TN,Tennessee,Rev. 12/02/2011 (0600),DOE,1,DOE,Expiry date,input,True,01152026,((((0[13578]|1[02])(0[1-9]|[12][0-9]|3[01]))|((0[469]|11)(0[1-9]|[12][0-9]|30))|(02)(0[1-9]|[1][0-9]|2[0-8]))([0-9]{3}[1-9]|[0-9]{2}[1-9][0-9]{1}|[0-9]{1}[1-9][0-9]{2}|[1-9][0-9]{3}))|(0229(([0-9]{2})(0[48]|[2468][048]|[13579][26])|((0[48]|[2468][048]|[3579][26])00))),8,8,,"After 2016 - 8 years after issue. Expires on the day of issue. Until 2016, 3-7 years after issue. Expires on birthday.",[],"{""element"": ""input"", ""label"": ""Expiry date"", ""maxlength"": 8, ""minlength"": 8, ""name"": ""DOE"", ""pattern"": ""((((0[13578]|1[02])(0[1-9]|[12][0-9]|3[01]))|((0[469]|11)(0[1-9]|[12][0-9]|30))|(02)(0[1-9]|[1][0-9]|2[0-8]))([0-9]{3}[1-9]|[0-9]{2}[1-9][0-9]{1}|[0-9]{1}[1-9][0-9]{2}|[1-9][0-9]{3}))|(0229(([0-9]{2})(0[48]|[2468][048]|[13579][26])|((0[48]|[2468][048]|[3579][26])00)))"", ""placeholder"": ""01152026"", ""required"": true, ""tooltip"": ""After 2016 - 8 years after issue. Expires on the day of issue. Until 2016, 3-7 years after issue. Expires on birthday."", ""value"": """"}"
TN,Tennessee,Rev. 12/02/2011 (0600),ICN,1,ICN,ICN,input,True,182381070085030101,[0-9]{14}0101,18,18,,YY issue year + number of days from beginnig of the year to issue date + '0101'. You can click on the calculator icon to calculate ICN <b>automatically!</b>,[],"{""element"": ""input"", ""label"": ""ICN"", ""maxlength"": 18, ""minlength"": 18, ""name"": ""ICN"", ""pattern"": ""[0-9]{14}0101"", ""placeholder"": ""182381070085030101"", ""required"": true, ""tooltip"": ""YY issue year + number of days from beginnig of the year to issue date + '0101'. You can click on the calculator icon to calculate ICN <b>automatically!</b>"", ""value"": null}"
TN,Tennessee,Rev. 12/02/2011 (0600),DD,1,DD,DD,input,True,4601808269812264,[0-9]{16},16,16,,2 digits + '0' + issue date (YYMMDD) + 7 random digits. You can click on the calculator icon to calculate DD <b>automatically!</b>,[],"{""element"": ""input"", ""label"": ""DD"", ""maxlength"": 16, ""minlength"": 16, ""name"": ""DD"", ""pattern"": ""[0-9]{16}"", ""placeholder"": ""4601808269812264"", ""required"": true, ""tooltip"": ""2 digits + '0' + issue date (YYMMDD) + 7 random digits. You can click on the calculator icon to calculate DD <b>automatically!</b>"", ""value"": null}"
TN,Tennessee,Rev. 12/02/2011 (0600),RESTRICTIONS,1,RESTRICTIONS,Restrictions,input,True,NONE,,,,NONE,,[],"{""element"": ""input"", ""label"": ""Restrictions"", ""name"": ""RESTRICTIONS"", ""pattern"": null, ""placeholder"": ""NONE"", ""required"": true, ""tooltip"": null, ""value"": ""NONE""}"
TN,Tennessee,Rev. 12/02/2011 (0600),ENDORSEMENT,1,ENDORSEMENT,Endorsement,input,True,NONE,,,,NONE,,[],"{""element"": ""input"", ""label"": ""Endorsement"", ""name"": ""ENDORSEMENT"", ""pattern"": null, ""placeholder"": ""NONE"", ""required"": true, ""tooltip"": null, ""value"": ""NONE""}"
TN,Tennessee,Rev. 12/02/2011 (0600),HEIGHT,1,HEIGHT,Height (in.),input,True,69,,,2,69,,[],"{""element"": ""input"", ""label"": ""Height (in.)"", ""maxlength"": 2, ""name"": ""HEIGHT"", ""pattern"": null, ""placeholder"": ""69"", ""required"": true, ""tooltip"": null, ""value"": ""69""}"
TN,Tennessee,Rev. 12/02/2011 (0600),EYE,1,EYE,Eye (ANSI D-20),select,True,,,,,,,"[{""value"": """", ""label"": ""== Select ==""}, {""value"": ""BLK"", ""label"": ""BLK (Black)""}, {""value"": ""BLU"", ""label"": ""BLU (Blue)""}, {""value"": ""BRO"", ""label"": ""BRO (Brown)""}, {""value"": ""GRY"", ""label"": ""GRY (Gray)""}, {""value"": ""GRN"", ""label"": ""GRN (Green)""}, {""value"": ""HAZ"", ""label"": ""HAZ (Hazel)""}, {""value"": ""MAR"", ""label"": ""MAR (Maroon)""}, {""value"": ""PNK"", ""label"": ""PNK (Pink)""}, {""value"": ""DIC"", ""label"": ""DIC (Dichromatic)""}, {""value"": ""UNK"", ""label"": ""UNK (Unknown)""}]","{""element"": ""select"", ""label"": ""Eye (ANSI D-20)"", ""name"": ""EYE"", ""options"": [{""label"": ""== Select =="", ""value"": """"}, {""label"": ""BLK (Black)"", ""value"": ""BLK""}, {""label"": ""BLU (Blue)"", ""value"": ""BLU""}, {""label"": ""BRO (Brown)"", ""value"": ""BRO""}, {""label"": ""GRY (Gray)"", ""value"": ""GRY""}, {""label"": ""GRN (Green)"", ""value"": ""GRN""}, {""label"": ""HAZ (Hazel)"", ""value"": ""HAZ""}, {""label"": ""MAR (Maroon)"", ""value"": ""MAR""}, {""label"": ""PNK (Pink)"", ""value"": ""PNK""}, {""label"": ""DIC (Dichromatic)"", ""value"": ""DIC""}, {""label"": ""UNK (Unknown)"", ""value"": ""UNK""}], ""pattern"": null, ""placeholder"": null, ""required"": true, ""tooltip"": null, ""value"": null}"
TN,Tennessee,Rev. 12/02/2011 (0600),ADDRESS2,1,ADDRESS2,Address (2nd line),input,False,,,,,,,[],"{""element"": ""input"", ""label"": ""Address (2nd line)"", ""name"": ""ADDRESS2"", ""pattern"": null, ""placeholder"": """", ""required"": false, ""tooltip"": null, ""value"": """"}"
TN,Tennessee,Rev. 12/02/2011 (0600),REALID,1,REALID,Is REAL ID,select,False,,,,,,"Tennessee started issuing REAL ID compliant cards on 07/01/2019. If the card issue date is before this date, do not select REAL ID compliant.","[{""value"": ""F"", ""label"": ""Yes""}, {""value"": ""N"", ""label"": ""No""}]","{""element"": ""select"", ""label"": ""Is REAL ID"", ""name"": ""REALID"", ""options"": [{""label"": ""Yes"", ""value"": ""F""}, {""label"": ""No"", ""value"": ""N""}], ""pattern"": null, ""placeholder"": null, ""required"": false, ""tooltip"": ""Tennessee started issuing REAL ID compliant cards on 07/01/2019. If the card issue date is before this date, do not select REAL ID compliant."", ""value"": null}"
TX_2016,Texas,Rev. 10/10/2016 (0800),NUMBER,1,NUMBER,DL Number,input,True,24253231,[0-9]{8},8,8,,8 random digits. You can click on the calculator icon to calculate number <b>automatically!</b>,[],"{""element"": ""input"", ""label"": ""DL Number"", ""maxlength"": 8, ""minlength"": 8, ""name"": ""NUMBER"", ""pattern"": ""[0-9]{8}"", ""placeholder"": ""24253231"", ""required"": true, ""tooltip"": ""8 random digits. You can click on the calculator icon to calculate number <b>automatically!</b>"", ""value"": """"}"
TX_2016,Texas,Rev. 10/10/2016 (0800),FIRSTNAME,1,FIRSTNAME,First name,input,True,John,[a-zA-Z\s]+,,,,,[],"{""element"": ""input"", ""label"": ""First name"", ""name"": ""FIRSTNAME"", ""pattern"": ""[a-zA-Z\\s]+"", ""placeholder"": ""John"", ""required"": true, ""tooltip"": null, ""value"": """"}"
TX_2016,Texas,Rev. 10/10/2016 (0800),LASTNAME,1,LASTNAME,Last name,input,True,Doe,[a-zA-Z\s]+,,,,,[],"{""element"": ""input"", ""label"": ""Last name"", ""name"": ""LASTNAME"", ""pattern"": ""[a-zA-Z\\s]+"", ""placeholder"": ""Doe"", ""required"": true, ""tooltip"": null, ""value"": """"}"
TX_2016,Texas,Rev. 10/10/2016 (0800),MIDDLENAME,1,MIDDLENAME,Middle name,input,False,Daniel,[a-zA-Z\s]+,,,,You can click on the calculator icon to generate random name. Select gender in the field below to specify name gender.,[],"{""element"": ""input"", ""label"": ""Middle name"", ""name"": ""MIDDLENAME"", ""pattern"": ""[a-zA-Z\\s]+"", ""placeholder"": ""Daniel"", ""required"": false, ""tooltip"": ""You can click on the calculator icon to generate random name. Select gender in the field below to specify name gender."", ""value"": """"}"
TX_2016,Texas,Rev. 10/10/2016 (0800),ADDRESS,1,ADDRESS,Address,input,True,609 E Clare St,,,,609 E Clare St,,[],"{""element"": ""input"", ""label"": ""Address"", ""name"": ""ADDRESS"", ""pattern"": null, ""placeholder"": ""609 E Clare St"", ""required"": true, ""tooltip"": null, ""value"": ""609 E Clare St""}"
TX_2016,Texas,Rev. 10/10/2016 (0800),CITY,1,CITY,City,input,True,Beeville,,,,Beeville,,[],"{""element"": ""input"", ""label"": ""City"", ""name"": ""CITY"", ""pattern"": null, ""placeholder"": ""Beeville"", ""required"": true, ""tooltip"": null, ""value"": ""Beeville""}"
TX_2016,Texas,Rev. 10/10/2016 (0800),ZIP,1,ZIP,Zip code,input,True,78102,[0-9]{5},5,5,78102,ZIP code (5 digits),[],"{""element"": ""input"", ""label"": ""Zip code"", ""maxlength"": 5, ""minlength"": 5, ""name"": ""ZIP"", ""pattern"": ""[0-9]{5}"", ""placeholder"": ""78102"", ""required"": true, ""tooltip"": ""ZIP code (5 digits)"", ""value"": ""78102""}"
TX_2016,Texas,Rev. 10/10/2016 (0800),CLASS,1,CLASS,DL Class,input,True,E,[A-Z1-9]+,1,2,C,,[],"{""element"": ""input"", ""label"": ""DL Class"", ""maxlength"": 2, ""minlength"": 1, ""name"": ""CLASS"", ""pattern"": ""[A-Z1-9]+"", ""placeholder"": ""E"", ""required"": true, ""tooltip"": null, ""value"": ""C""}"
TX_2016,Texas,Rev. 10/10/2016 (0800),SEX,1,SEX,Sex,select,False,,,,,,,"[{""value"": ""M"", ""label"": ""M""}, {""value"": ""F"", ""label"": ""F""}]","{""element"": ""select"", ""label"": ""Sex"", ""name"": ""SEX"", ""options"": [{""label"": ""M"", ""value"": ""M""}, {""label"": ""F"", ""value"": ""F""}], ""pattern"": null, ""placeholder"": null, ""required"": false, ""tooltip"": null, ""value"": null}"
TX_2016,Texas,Rev. 10/10/2016 (0800),DONOR,1,DONOR,Donor,select,False,,,,,,,"[{""value"": ""NO"", ""label"": ""No""}, {""value"": ""YES"", ""label"": ""Yes""}]","{""element"": ""select"", ""label"": ""Donor"", ""name"": ""DONOR"", ""options"": [{""label"": ""No"", ""value"": ""NO""}, {""label"": ""Yes"", ""value"": ""YES""}], ""pattern"": null, ""placeholder"": null, ""required"": false, ""tooltip"": null, ""value"": null}"
TX_2016,Texas,Rev. 10/10/2016 (0800),DOB,1,DOB,Birth date,input,True,01151970,((((0[13578]|1[02])(0[1-9]|[12][0-9]|3[01]))|((0[469]|11)(0[1-9]|[12][0-9]|30))|(02)(0[1-9]|[1][0-9]|2[0-8]))([0-9]{3}[1-9]|[0-9]{2}[1-9][0-9]{1}|[0-9]{1}[1-9][0-9]{2}|[1-9][0-9]{3}))|(0229(([0-9]{2})(0[48]|[2468][048]|[13579][26])|((0[48]|[2468][048]|[3579][26])00))),8,8,,You need input the date in MMDDYYYY format,[],"{""element"": ""input"", ""label"": ""Birth date"", ""maxlength"": 8, ""minlength"": 8, ""name"": ""DOB"", ""pattern"": ""((((0[13578]|1[02])(0[1-9]|[12][0-9]|3[01]))|((0[469]|11)(0[1-9]|[12][0-9]|30))|(02)(0[1-9]|[1][0-9]|2[0-8]))([0-9]{3}[1-9]|[0-9]{2}[1-9][0-9]{1}|[0-9]{1}[1-9][0-9]{2}|[1-9][0-9]{3}))|(0229(([0-9]{2})(0[48]|[2468][048]|[13579][26])|((0[48]|[2468][048]|[3579][26])00)))"", ""placeholder"": ""01151970"", ""required"": true, ""tooltip"": ""You need input the date in MMDDYYYY format"", ""value"": """"}"
TX_2016,Texas,Rev. 10/10/2016 (0800),DOI,1,DOI,Issue date,input,True,02272018,((((0[13578]|1[02])(0[1-9]|[12][0-9]|3[01]))|((0[469]|11)(0[1-9]|[12][0-9]|30))|(02)(0[1-9]|[1][0-9]|2[0-8]))([0-9]{3}[1-9]|[0-9]{2}[1-9][0-9]{1}|[0-9]{1}[1-9][0-9]{2}|[1-9][0-9]{3}))|(0229(([0-9]{2})(0[48]|[2468][048]|[13579][26])|((0[48]|[2468][048]|[3579][26])00))),8,8,,Valid issue period is 10/10/2016 - till 02/23/2020,[],"{""element"": ""input"", ""label"": ""Issue date"", ""maxlength"": 8, ""minlength"": 8, ""name"": ""DOI"", ""pattern"": ""((((0[13578]|1[02])(0[1-9]|[12][0-9]|3[01]))|((0[469]|11)(0[1-9]|[12][0-9]|30))|(02)(0[1-9]|[1][0-9]|2[0-8]))([0-9]{3}[1-9]|[0-9]{2}[1-9][0-9]{1}|[0-9]{1}[1-9][0-9]{2}|[1-9][0-9]{3}))|(0229(([0-9]{2})(0[48]|[2468][048]|[13579][26])|((0[48]|[2468][048]|[3579][26])00)))"", ""placeholder"": ""02272018"", ""required"": true, ""tooltip"": ""Valid issue period is 10/10/2016 - till 02/23/2020"", ""value"": """"}"
TX_2016,Texas,Rev. 10/10/2016 (0800),DOE,1,DOE,Expiry date,input,True,01152023,((((0[13578]|1[02])(0[1-9]|[12][0-9]|3[01]))|((0[469]|11)(0[1-9]|[12][0-9]|30))|(02)(0[1-9]|[1][0-9]|2[0-8]))([0-9]{3}[1-9]|[0-9]{2}[1-9][0-9]{1}|[0-9]{1}[1-9][0-9]{2}|[1-9][0-9]{3}))|(0229(([0-9]{2})(0[48]|[2468][048]|[13579][26])|((0[48]|[2468][048]|[3579][26])00))),8,8,,Same month and day as in birth date. 5 years after the year of issue,[],"{""element"": ""input"", ""label"": ""Expiry date"", ""maxlength"": 8, ""minlength"": 8, ""name"": ""DOE"", ""pattern"": ""((((0[13578]|1[02])(0[1-9]|[12][0-9]|3[01]))|((0[469]|11)(0[1-9]|[12][0-9]|30))|(02)(0[1-9]|[1][0-9]|2[0-8]))([0-9]{3}[1-9]|[0-9]{2}[1-9][0-9]{1}|[0-9]{1}[1-9][0-9]{2}|[1-9][0-9]{3}))|(0229(([0-9]{2})(0[48]|[2468][048]|[13579][26])|((0[48]|[2468][048]|[3579][26])00)))"", ""placeholder"": ""01152023"", ""required"": true, ""tooltip"": ""Same month and day as in birth date. 5 years after the year of issue"", ""value"": """"}"
TX_2016,Texas,Rev. 10/10/2016 (0800),DD,1,DD,DD,input,True,19193295907082813411,[0-9]+,20,20,,20 digits with custom algorithm. <br> Please click on the calculator icon to calculate DD <b>automatically!</b>,[],"{""element"": ""input"", ""label"": ""DD"", ""maxlength"": 20, ""minlength"": 20, ""name"": ""DD"", ""pattern"": ""[0-9]+"", ""placeholder"": ""19193295907082813411"", ""required"": true, ""tooltip"": ""20 digits with custom algorithm. <br> Please click on the calculator icon to calculate DD <b>automatically!</b>"", ""value"": """"}"
TX_2016,Texas,Rev. 10/10/2016 (0800),ICN,1,ICN,ICN,input,True,94116090  20180228,[0-9\s]+,18,18,,Document number + 2 spaces. Then date of issue + 1 day  in YYYYMMDD format. You can click on the calculator icon to calculate ICN <b>automatically!</b>,[],"{""element"": ""input"", ""label"": ""ICN"", ""maxlength"": 18, ""minlength"": 18, ""name"": ""ICN"", ""pattern"": ""[0-9\\s]+"", ""placeholder"": ""94116090  20180228"", ""required"": true, ""tooltip"": ""Document number + 2 spaces. Then date of issue + 1 day  in YYYYMMDD format. You can click on the calculator icon to calculate ICN <b>automatically!</b>"", ""value"": null}"
TX_2016,Texas,Rev. 10/10/2016 (0800),RESTRICTIONS,1,RESTRICTIONS,Restrictions,input,True,NONE,,,,NONE,,[],"{""element"": ""input"", ""label"": ""Restrictions"", ""name"": ""RESTRICTIONS"", ""pattern"": null, ""placeholder"": ""NONE"", ""required"": true, ""tooltip"": null, ""value"": ""NONE""}"
TX_2016,Texas,Rev. 10/10/2016 (0800),ENDORSEMENT,1,ENDORSEMENT,Endorsement,input,True,NONE,,,,NONE,,[],"{""element"": ""input"", ""label"": ""Endorsement"", ""name"": ""ENDORSEMENT"", ""pattern"": null, ""placeholder"": ""NONE"", ""required"": true, ""tooltip"": null, ""value"": ""NONE""}"
TX_2016,Texas,Rev. 10/10/2016 (0800),HEIGHT,1,HEIGHT,Height (in.),input,True,69,,,2,69,,[],"{""element"": ""input"", ""label"": ""Height (in.)"", ""maxlength"": 2, ""name"": ""HEIGHT"", ""pattern"": null, ""placeholder"": ""69"", ""required"": true, ""tooltip"": null, ""value"": ""69""}"
TX_2016,Texas,Rev. 10/10/2016 (0800),WEIGHT,1,WEIGHT,Weight (lb.),input,True,169,,,3,169,,[],"{""element"": ""input"", ""label"": ""Weight (lb.)"", ""maxlength"": 3, ""name"": ""WEIGHT"", ""pattern"": null, ""placeholder"": ""169"", ""required"": true, ""tooltip"": null, ""value"": ""169""}"
TX_2016,Texas,Rev. 10/10/2016 (0800),EYE,1,EYE,Eye (ANSI D-20),select,True,,,,,,,"[{""value"": """", ""label"": ""== Select ==""}, {""value"": ""BLK"", ""label"": ""BLK (Black)""}, {""value"": ""BLU"", ""label"": ""BLU (Blue)""}, {""value"": ""BRO"", ""label"": ""BRO (Brown)""}, {""value"": ""GRY"", ""label"": ""GRY (Gray)""}, {""value"": ""GRN"", ""label"": ""GRN (Green)""}, {""value"": ""HAZ"", ""label"": ""HAZ (Hazel)""}, {""value"": ""MAR"", ""label"": ""MAR (Maroon)""}, {""value"": ""PNK"", ""label"": ""PNK (Pink)""}, {""value"": ""DIC"", ""label"": ""DIC (Dichromatic)""}, {""value"": ""UNK"", ""label"": ""UNK (Unknown)""}]","{""element"": ""select"", ""label"": ""Eye (ANSI D-20)"", ""name"": ""EYE"", ""options"": [{""label"": ""== Select =="", ""value"": """"}, {""label"": ""BLK (Black)"", ""value"": ""BLK""}, {""label"": ""BLU (Blue)"", ""value"": ""BLU""}, {""label"": ""BRO (Brown)"", ""value"": ""BRO""}, {""label"": ""GRY (Gray)"", ""value"": ""GRY""}, {""label"": ""GRN (Green)"", ""value"": ""GRN""}, {""label"": ""HAZ (Hazel)"", ""value"": ""HAZ""}, {""label"": ""MAR (Maroon)"", ""value"": ""MAR""}, {""label"": ""PNK (Pink)"", ""value"": ""PNK""}, {""label"": ""DIC (Dichromatic)"", ""value"": ""DIC""}, {""label"": ""UNK (Unknown)"", ""value"": ""UNK""}], ""pattern"": null, ""placeholder"": null, ""required"": true, ""tooltip"": null, ""value"": null}"
TX_2016,Texas,Rev. 10/10/2016 (0800),HAIR,1,HAIR,Hair (ANSI D-20),select,True,,,,,,,"[{""value"": """", ""label"": ""== Select ==""}, {""value"": ""BLK"", ""label"": ""BLK (Black)""}, {""value"": ""BLN"", ""label"": ""BLN (Blond)""}, {""value"": ""BRO"", ""label"": ""BRO (Brown)""}, {""value"": ""GRY"", ""label"": ""GRY (Grey)""}, {""value"": ""RED"", ""label"": ""RED (Red/Auburn)""}, {""value"": ""SDY"", ""label"": ""SDY (Sandy)""}, {""value"": ""WHI"", ""label"": ""WHI (White)""}, {""value"": ""UNK"", ""label"": ""UNK (Unknown)""}, {""value"": ""BAL"", ""label"": ""BAL (Bald)""}]","{""element"": ""select"", ""label"": ""Hair (ANSI D-20)"", ""name"": ""HAIR"", ""options"": [{""label"": ""== Select =="", ""value"": """"}, {""label"": ""BLK (Black)"", ""value"": ""BLK""}, {""label"": ""BLN (Blond)"", ""value"": ""BLN""}, {""label"": ""BRO (Brown)"", ""value"": ""BRO""}, {""label"": ""GRY (Grey)"", ""value"": ""GRY""}, {""label"": ""RED (Red/Auburn)"", ""value"": ""RED""}, {""label"": ""SDY (Sandy)"", ""value"": ""SDY""}, {""label"": ""WHI (White)"", ""value"": ""WHI""}, {""label"": ""UNK (Unknown)"", ""value"": ""UNK""}, {""label"": ""BAL (Bald)"", ""value"": ""BAL""}], ""pattern"": null, ""placeholder"": null, ""required"": true, ""tooltip"": null, ""value"": null}"
TX_2016,Texas,Rev. 10/10/2016 (0800),RACE,1,RACE,Race (ANSI D-20),select,True,,,,,,,"[{""value"": """", ""label"": ""== Select ==""}, {""value"": ""AI"", ""label"": ""Alaskan or American Indian""}, {""value"": ""AP"", ""label"": ""Asian or Pacific Islander""}, {""value"": ""BK"", ""label"": ""Black""}, {""value"": ""H"", ""label"": ""Hispanic Origin""}, {""value"": ""O"", ""label"": ""Non-hispanic""}, {""value"": ""U"", ""label"": ""Unknown""}, {""value"": ""W"", ""label"": ""White""}]","{""element"": ""select"", ""label"": ""Race (ANSI D-20)"", ""name"": ""RACE"", ""options"": [{""label"": ""== Select =="", ""value"": """"}, {""label"": ""Alaskan or American Indian"", ""value"": ""AI""}, {""label"": ""Asian or Pacific Islander"", ""value"": ""AP""}, {""label"": ""Black"", ""value"": ""BK""}, {""label"": ""Hispanic Origin"", ""value"": ""H""}, {""label"": ""Non-hispanic"", ""value"": ""O""}, {""label"": ""Unknown"", ""value"": ""U""}, {""label"": ""White"", ""value"": ""W""}], ""pattern"": null, ""placeholder"": null, ""required"": true, ""tooltip"": null, ""value"": null}"
TX_2016,Texas,Rev. 10/10/2016 (0800),SUFFIX,1,SUFFIX,Name Suffix,select,False,,,,,,,"[{""value"": ""NONE"", ""label"": ""NONE""}, {""value"": ""JR"", ""label"": ""JR (Junior)""}, {""value"": ""SR"", ""label"": ""SR (Senior)""}, {""value"": ""I"", ""label"": ""1ST or I (First)""}, {""value"": ""II"", ""label"": ""2ND or II (Second)""}, {""value"": ""III"", ""label"": ""3RD or III (Third)""}, {""value"": ""IV"", ""label"": ""4TH or IV (Fourth)""}, {""value"": ""V"", ""label"": ""5TH or V (Fifth)""}, {""value"": ""VI"", ""label"": ""6TH or VI (Sixth)""}]","{""element"": ""select"", ""label"": ""Name Suffix"", ""name"": ""SUFFIX"", ""options"": [{""label"": ""NONE"", ""value"": ""NONE""}, {""label"": ""JR (Junior)"", ""value"": ""JR""}, {""label"": ""SR (Senior)"", ""value"": ""SR""}, {""label"": ""1ST or I (First)"", ""value"": ""I""}, {""label"": ""2ND or II (Second)"", ""value"": ""II""}, {""label"": ""3RD or III (Third)"", ""value"": ""III""}, {""label"": ""4TH or IV (Fourth)"", ""value"": ""IV""}, {""label"": ""5TH or V (Fifth)"", ""value"": ""V""}, {""label"": ""6TH or VI (Sixth)"", ""value"": ""VI""}], ""pattern"": null, ""placeholder"": null, ""required"": false, ""tooltip"": null, ""value"": null}"
TX_2020,Texas,Rev. 02/23/2020 (0900),NUMBER,1,NUMBER,DL Number,input,True,24253231,[0-9]{8},8,8,,8 random digits. You can click on the calculator icon to calculate number <b>automatically!</b>,[],"{""element"": ""input"", ""label"": ""DL Number"", ""maxlength"": 8, ""minlength"": 8, ""name"": ""NUMBER"", ""pattern"": ""[0-9]{8}"", ""placeholder"": ""24253231"", ""required"": true, ""tooltip"": ""8 random digits. You can click on the calculator icon to calculate number <b>automatically!</b>"", ""value"": """"}"
TX_2020,Texas,Rev. 02/23/2020 (0900),FIRSTNAME,1,FIRSTNAME,First name,input,True,John,[a-zA-Z\s]+,,,,,[],"{""element"": ""input"", ""label"": ""First name"", ""name"": ""FIRSTNAME"", ""pattern"": ""[a-zA-Z\\s]+"", ""placeholder"": ""John"", ""required"": true, ""tooltip"": null, ""value"": """"}"
TX_2020,Texas,Rev. 02/23/2020 (0900),LASTNAME,1,LASTNAME,Last name,input,True,Doe,[a-zA-Z\s]+,,,,,[],"{""element"": ""input"", ""label"": ""Last name"", ""name"": ""LASTNAME"", ""pattern"": ""[a-zA-Z\\s]+"", ""placeholder"": ""Doe"", ""required"": true, ""tooltip"": null, ""value"": """"}"
TX_2020,Texas,Rev. 02/23/2020 (0900),MIDDLENAME,1,MIDDLENAME,Middle name,input,False,Daniel,[a-zA-Z\s]+,,,,This field is optional. You can click on the calculator icon to generate random name. Select gender in the field below to specify name gender.,[],"{""element"": ""input"", ""label"": ""Middle name"", ""name"": ""MIDDLENAME"", ""pattern"": ""[a-zA-Z\\s]+"", ""placeholder"": ""Daniel"", ""required"": false, ""tooltip"": ""This field is optional. You can click on the calculator icon to generate random name. Select gender in the field below to specify name gender."", ""value"": """"}"
TX_2020,Texas,Rev. 02/23/2020 (0900),ADDRESS,1,ADDRESS,Address,input,True,609 E Clare St,,,,609 E Clare St,,[],"{""element"": ""input"", ""label"": ""Address"", ""name"": ""ADDRESS"", ""pattern"": null, ""placeholder"": ""609 E Clare St"", ""required"": true, ""tooltip"": null, ""value"": ""609 E Clare St""}"
TX_2020,Texas,Rev. 02/23/2020 (0900),CITY,1,CITY,City,input,True,Beeville,,,,Beeville,,[],"{""element"": ""input"", ""label"": ""City"", ""name"": ""CITY"", ""pattern"": null, ""placeholder"": ""Beeville"", ""required"": true, ""tooltip"": null, ""value"": ""Beeville""}"
TX_2020,Texas,Rev. 02/23/2020 (0900),ZIP,1,ZIP,Zip code,input,True,781024321,[0-9]+,9,9,781024321,,[],"{""element"": ""input"", ""label"": ""Zip code"", ""maxlength"": 9, ""minlength"": 9, ""name"": ""ZIP"", ""pattern"": ""[0-9]+"", ""placeholder"": ""781024321"", ""required"": true, ""tooltip"": null, ""value"": ""781024321""}"
TX_2020,Texas,Rev. 02/23/2020 (0900),CLASS,1,CLASS,DL Class,input,True,E,[A-Z1-9]+,1,2,C,,[],"{""element"": ""input"", ""label"": ""DL Class"", ""maxlength"": 2, ""minlength"": 1, ""name"": ""CLASS"", ""pattern"": ""[A-Z1-9]+"", ""placeholder"": ""E"", ""required"": true, ""tooltip"": null, ""value"": ""C""}"
TX_2020,Texas,Rev. 02/23/2020 (0900),SEX,1,SEX,Sex,select,False,,,,,,,"[{""value"": ""M"", ""label"": ""M""}, {""value"": ""F"", ""label"": ""F""}]","{""element"": ""select"", ""label"": ""Sex"", ""name"": ""SEX"", ""options"": [{""label"": ""M"", ""value"": ""M""}, {""label"": ""F"", ""value"": ""F""}], ""pattern"": null, ""placeholder"": null, ""required"": false, ""tooltip"": null, ""value"": null}"
TX_2020,Texas,Rev. 02/23/2020 (0900),DONOR,1,DONOR,Donor,select,False,,,,,,,"[{""value"": ""NO"", ""label"": ""No""}, {""value"": ""YES"", ""label"": ""Yes""}]","{""element"": ""select"", ""label"": ""Donor"", ""name"": ""DONOR"", ""options"": [{""label"": ""No"", ""value"": ""NO""}, {""label"": ""Yes"", ""value"": ""YES""}], ""pattern"": null, ""placeholder"": null, ""required"": false, ""tooltip"": null, ""value"": null}"
TX_2020,Texas,Rev. 02/23/2020 (0900),DOB,1,DOB,Birth date,input,True,01151970,((((0[13578]|1[02])(0[1-9]|[12][0-9]|3[01]))|((0[469]|11)(0[1-9]|[12][0-9]|30))|(02)(0[1-9]|[1][0-9]|2[0-8]))([0-9]{3}[1-9]|[0-9]{2}[1-9][0-9]{1}|[0-9]{1}[1-9][0-9]{2}|[1-9][0-9]{3}))|(0229(([0-9]{2})(0[48]|[2468][048]|[13579][26])|((0[48]|[2468][048]|[3579][26])00))),8,8,,You need input the date in MMDDYYYY format,[],"{""element"": ""input"", ""label"": ""Birth date"", ""maxlength"": 8, ""minlength"": 8, ""name"": ""DOB"", ""pattern"": ""((((0[13578]|1[02])(0[1-9]|[12][0-9]|3[01]))|((0[469]|11)(0[1-9]|[12][0-9]|30))|(02)(0[1-9]|[1][0-9]|2[0-8]))([0-9]{3}[1-9]|[0-9]{2}[1-9][0-9]{1}|[0-9]{1}[1-9][0-9]{2}|[1-9][0-9]{3}))|(0229(([0-9]{2})(0[48]|[2468][048]|[13579][26])|((0[48]|[2468][048]|[3579][26])00)))"", ""placeholder"": ""01151970"", ""required"": true, ""tooltip"": ""You need input the date in MMDDYYYY format"", ""value"": """"}"
TX_2020,Texas,Rev. 02/23/2020 (0900),DOI,1,DOI,Issue date,input,True,08262021,((((0[13578]|1[02])(0[1-9]|[12][0-9]|3[01]))|((0[469]|11)(0[1-9]|[12][0-9]|30))|(02)(0[1-9]|[1][0-9]|2[0-8]))([0-9]{3}[1-9]|[0-9]{2}[1-9][0-9]{1}|[0-9]{1}[1-9][0-9]{2}|[1-9][0-9]{3}))|(0229(([0-9]{2})(0[48]|[2468][048]|[13579][26])|((0[48]|[2468][048]|[3579][26])00))),8,8,,Valid issue period is 02/23/2020 - till now,[],"{""element"": ""input"", ""label"": ""Issue date"", ""maxlength"": 8, ""minlength"": 8, ""name"": ""DOI"", ""pattern"": ""((((0[13578]|1[02])(0[1-9]|[12][0-9]|3[01]))|((0[469]|11)(0[1-9]|[12][0-9]|30))|(02)(0[1-9]|[1][0-9]|2[0-8]))([0-9]{3}[1-9]|[0-9]{2}[1-9][0-9]{1}|[0-9]{1}[1-9][0-9]{2}|[1-9][0-9]{3}))|(0229(([0-9]{2})(0[48]|[2468][048]|[13579][26])|((0[48]|[2468][048]|[3579][26])00)))"", ""placeholder"": ""08262021"", ""required"": true, ""tooltip"": ""Valid issue period is 02/23/2020 - till now"", ""value"": """"}"
TX_2020,Texas,Rev. 02/23/2020 (0900),DOE,1,DOE,Expiry date,input,True,01152028,((((0[13578]|1[02])(0[1-9]|[12][0-9]|3[01]))|((0[469]|11)(0[1-9]|[12][0-9]|30))|(02)(0[1-9]|[1][0-9]|2[0-8]))([0-9]{3}[1-9]|[0-9]{2}[1-9][0-9]{1}|[0-9]{1}[1-9][0-9]{2}|[1-9][0-9]{3}))|(0229(([0-9]{2})(0[48]|[2468][048]|[13579][26])|((0[48]|[2468][048]|[3579][26])00))),8,8,,Same month and day as in birth date. 6 years after the year of issue,[],"{""element"": ""input"", ""label"": ""Expiry date"", ""maxlength"": 8, ""minlength"": 8, ""name"": ""DOE"", ""pattern"": ""((((0[13578]|1[02])(0[1-9]|[12][0-9]|3[01]))|((0[469]|11)(0[1-9]|[12][0-9]|30))|(02)(0[1-9]|[1][0-9]|2[0-8]))([0-9]{3}[1-9]|[0-9]{2}[1-9][0-9]{1}|[0-9]{1}[1-9][0-9]{2}|[1-9][0-9]{3}))|(0229(([0-9]{2})(0[48]|[2468][048]|[13579][26])|((0[48]|[2468][048]|[3579][26])00)))"", ""placeholder"": ""01152028"", ""required"": true, ""tooltip"": ""Same month and day as in birth date. 6 years after the year of issue"", ""value"": """"}"
TX_2020,Texas,Rev. 02/23/2020 (0900),DD,1,DD,DD,input,True,92334268049701405070,[0-9]+,20,20,,20 digits with custom algorithm. <br> Please click on the calculator icon to calculate DD <b>automatically!</b>,[],"{""element"": ""input"", ""label"": ""DD"", ""maxlength"": 20, ""minlength"": 20, ""name"": ""DD"", ""pattern"": ""[0-9]+"", ""placeholder"": ""92334268049701405070"", ""required"": true, ""tooltip"": ""20 digits with custom algorithm. <br> Please click on the calculator icon to calculate DD <b>automatically!</b>"", ""value"": """"}"
TX_2020,Texas,Rev. 02/23/2020 (0900),ICN,1,ICN,ICN,input,True,10001846127,[0-9\s]+,11,11,,'0000' + 7 random digits. You can click on the calculator icon to calculate ICN <b>automatically!</b>,[],"{""element"": ""input"", ""label"": ""ICN"", ""maxlength"": 11, ""minlength"": 11, ""name"": ""ICN"", ""pattern"": ""[0-9\\s]+"", ""placeholder"": ""10001846127"", ""required"": true, ""tooltip"": ""'0000' + 7 random digits. You can click on the calculator icon to calculate ICN <b>automatically!</b>"", ""value"": null}"
TX_2020,Texas,Rev. 02/23/2020 (0900),RESTRICTIONS,1,RESTRICTIONS,Restrictions,input,True,NONE,,,,NONE,,[],"{""element"": ""input"", ""label"": ""Restrictions"", ""name"": ""RESTRICTIONS"", ""pattern"": null, ""placeholder"": ""NONE"", ""required"": true, ""tooltip"": null, ""value"": ""NONE""}"
TX_2020,Texas,Rev. 02/23/2020 (0900),ENDORSEMENT,1,ENDORSEMENT,Endorsement,input,True,NONE,,,,NONE,,[],"{""element"": ""input"", ""label"": ""Endorsement"", ""name"": ""ENDORSEMENT"", ""pattern"": null, ""placeholder"": ""NONE"", ""required"": true, ""tooltip"": null, ""value"": ""NONE""}"
TX_2020,Texas,Rev. 02/23/2020 (0900),HEIGHT,1,HEIGHT,Height (in.),input,True,69,,,2,69,,[],"{""element"": ""input"", ""label"": ""Height (in.)"", ""maxlength"": 2, ""name"": ""HEIGHT"", ""pattern"": null, ""placeholder"": ""69"", ""required"": true, ""tooltip"": null, ""value"": ""69""}"
TX_2020,Texas,Rev. 02/23/2020 (0900),WEIGHT,1,WEIGHT,Weight (lb.),input,True,169,,,3,169,,[],"{""element"": ""input"", ""label"": ""Weight (lb.)"", ""maxlength"": 3, ""name"": ""WEIGHT"", ""pattern"": null, ""placeholder"": ""169"", ""required"": true, ""tooltip"": null, ""value"": ""169""}"
TX_2020,Texas,Rev. 02/23/2020 (0900),EYE,1,EYE,Eye (ANSI D-20),select,True,,,,,,,"[{""value"": """", ""label"": ""== Select ==""}, {""value"": ""BLK"", ""label"": ""BLK (Black)""}, {""value"": ""BLU"", ""label"": ""BLU (Blue)""}, {""value"": ""BRO"", ""label"": ""BRO (Brown)""}, {""value"": ""GRY"", ""label"": ""GRY (Gray)""}, {""value"": ""GRN"", ""label"": ""GRN (Green)""}, {""value"": ""HAZ"", ""label"": ""HAZ (Hazel)""}, {""value"": ""MAR"", ""label"": ""MAR (Maroon)""}, {""value"": ""PNK"", ""label"": ""PNK (Pink)""}, {""value"": ""DIC"", ""label"": ""DIC (Dichromatic)""}, {""value"": ""UNK"", ""label"": ""UNK (Unknown)""}]","{""element"": ""select"", ""label"": ""Eye (ANSI D-20)"", ""name"": ""EYE"", ""options"": [{""label"": ""== Select =="", ""value"": """"}, {""label"": ""BLK (Black)"", ""value"": ""BLK""}, {""label"": ""BLU (Blue)"", ""value"": ""BLU""}, {""label"": ""BRO (Brown)"", ""value"": ""BRO""}, {""label"": ""GRY (Gray)"", ""value"": ""GRY""}, {""label"": ""GRN (Green)"", ""value"": ""GRN""}, {""label"": ""HAZ (Hazel)"", ""value"": ""HAZ""}, {""label"": ""MAR (Maroon)"", ""value"": ""MAR""}, {""label"": ""PNK (Pink)"", ""value"": ""PNK""}, {""label"": ""DIC (Dichromatic)"", ""value"": ""DIC""}, {""label"": ""UNK (Unknown)"", ""value"": ""UNK""}], ""pattern"": null, ""placeholder"": null, ""required"": true, ""tooltip"": null, ""value"": null}"
TX_2020,Texas,Rev. 02/23/2020 (0900),HAIR,1,HAIR,Hair (ANSI D-20),select,True,,,,,,,"[{""value"": """", ""label"": ""== Select ==""}, {""value"": ""BLK"", ""label"": ""BLK (Black)""}, {""value"": ""BLN"", ""label"": ""BLN (Blond)""}, {""value"": ""BRO"", ""label"": ""BRO (Brown)""}, {""value"": ""GRY"", ""label"": ""GRY (Grey)""}, {""value"": ""RED"", ""label"": ""RED (Red/Auburn)""}, {""value"": ""SDY"", ""label"": ""SDY (Sandy)""}, {""value"": ""WHI"", ""label"": ""WHI (White)""}, {""value"": ""UNK"", ""label"": ""UNK (Unknown)""}, {""value"": ""BAL"", ""label"": ""BAL (Bald)""}]","{""element"": ""select"", ""label"": ""Hair (ANSI D-20)"", ""name"": ""HAIR"", ""options"": [{""label"": ""== Select =="", ""value"": """"}, {""label"": ""BLK (Black)"", ""value"": ""BLK""}, {""label"": ""BLN (Blond)"", ""value"": ""BLN""}, {""label"": ""BRO (Brown)"", ""value"": ""BRO""}, {""label"": ""GRY (Grey)"", ""value"": ""GRY""}, {""label"": ""RED (Red/Auburn)"", ""value"": ""RED""}, {""label"": ""SDY (Sandy)"", ""value"": ""SDY""}, {""label"": ""WHI (White)"", ""value"": ""WHI""}, {""label"": ""UNK (Unknown)"", ""value"": ""UNK""}, {""label"": ""BAL (Bald)"", ""value"": ""BAL""}], ""pattern"": null, ""placeholder"": null, ""required"": true, ""tooltip"": null, ""value"": null}"
TX_2020,Texas,Rev. 02/23/2020 (0900),RACE,1,RACE,Race (ANSI D-20),select,True,,,,,,,"[{""value"": """", ""label"": ""== Select ==""}, {""value"": ""AI"", ""label"": ""Alaskan or American Indian""}, {""value"": ""AP"", ""label"": ""Asian or Pacific Islander""}, {""value"": ""BK"", ""label"": ""Black""}, {""value"": ""H"", ""label"": ""Hispanic Origin""}, {""value"": ""O"", ""label"": ""Non-hispanic""}, {""value"": ""U"", ""label"": ""Unknown""}, {""value"": ""W"", ""label"": ""White""}]","{""element"": ""select"", ""label"": ""Race (ANSI D-20)"", ""name"": ""RACE"", ""options"": [{""label"": ""== Select =="", ""value"": """"}, {""label"": ""Alaskan or American Indian"", ""value"": ""AI""}, {""label"": ""Asian or Pacific Islander"", ""value"": ""AP""}, {""label"": ""Black"", ""value"": ""BK""}, {""label"": ""Hispanic Origin"", ""value"": ""H""}, {""label"": ""Non-hispanic"", ""value"": ""O""}, {""label"": ""Unknown"", ""value"": ""U""}, {""label"": ""White"", ""value"": ""W""}], ""pattern"": null, ""placeholder"": null, ""required"": true, ""tooltip"": null, ""value"": null}"
TX_2020,Texas,Rev. 02/23/2020 (0900),SUFFIX,1,SUFFIX,Name Suffix,select,False,,,,,,,"[{""value"": ""NONE"", ""label"": ""NONE""}, {""value"": ""JR"", ""label"": ""JR (Junior)""}, {""value"": ""SR"", ""label"": ""SR (Senior)""}, {""value"": ""I"", ""label"": ""1ST or I (First)""}, {""value"": ""II"", ""label"": ""2ND or II (Second)""}, {""value"": ""III"", ""label"": ""3RD or III (Third)""}, {""value"": ""IV"", ""label"": ""4TH or IV (Fourth)""}, {""value"": ""V"", ""label"": ""5TH or V (Fifth)""}, {""value"": ""VI"", ""label"": ""6TH or VI (Sixth)""}]","{""element"": ""select"", ""label"": ""Name Suffix"", ""name"": ""SUFFIX"", ""options"": [{""label"": ""NONE"", ""value"": ""NONE""}, {""label"": ""JR (Junior)"", ""value"": ""JR""}, {""label"": ""SR (Senior)"", ""value"": ""SR""}, {""label"": ""1ST or I (First)"", ""value"": ""I""}, {""label"": ""2ND or II (Second)"", ""value"": ""II""}, {""label"": ""3RD or III (Third)"", ""value"": ""III""}, {""label"": ""4TH or IV (Fourth)"", ""value"": ""IV""}, {""label"": ""5TH or V (Fifth)"", ""value"": ""V""}, {""label"": ""6TH or VI (Sixth)"", ""value"": ""VI""}], ""pattern"": null, ""placeholder"": null, ""required"": false, ""tooltip"": null, ""value"": null}"
UT_2016,Utah,Rev. 04/15/2016 (0800),NUMBER,1,NUMBER,DL Number,input,True,182162827,[0-9]{9},9,9,,9 random digits. You can click on the calculator icon to calculate number <b>automatically!</b>,[],"{""element"": ""input"", ""label"": ""DL Number"", ""maxlength"": 9, ""minlength"": 9, ""name"": ""NUMBER"", ""pattern"": ""[0-9]{9}"", ""placeholder"": ""182162827"", ""required"": true, ""tooltip"": ""9 random digits. You can click on the calculator icon to calculate number <b>automatically!</b>"", ""value"": """"}"
UT_2016,Utah,Rev. 04/15/2016 (0800),LASTNAME,1,LASTNAME,Last name,input,True,Doe,[a-zA-Z\s]+,,,,,[],"{""element"": ""input"", ""label"": ""Last name"", ""name"": ""LASTNAME"", ""pattern"": ""[a-zA-Z\\s]+"", ""placeholder"": ""Doe"", ""required"": true, ""tooltip"": null, ""value"": """"}"
UT_2016,Utah,Rev. 04/15/2016 (0800),FIRSTNAME,1,FIRSTNAME,First name,input,True,John,[a-zA-Z\s]+,,,,,[],"{""element"": ""input"", ""label"": ""First name"", ""name"": ""FIRSTNAME"", ""pattern"": ""[a-zA-Z\\s]+"", ""placeholder"": ""John"", ""required"": true, ""tooltip"": null, ""value"": """"}"
UT_2016,Utah,Rev. 04/15/2016 (0800),MIDDLENAME,1,MIDDLENAME,Middle name,input,False,,,,,,This field is optional. You can click on the calculator icon to generate random name. Select gender in the field below to specify name gender.,[],"{""element"": ""input"", ""label"": ""Middle name"", ""name"": ""MIDDLENAME"", ""pattern"": null, ""placeholder"": """", ""required"": false, ""tooltip"": ""This field is optional. You can click on the calculator icon to generate random name. Select gender in the field below to specify name gender."", ""value"": """"}"
UT_2016,Utah,Rev. 04/15/2016 (0800),ADDRESS,1,ADDRESS,Address,input,True,555 E Elm St,,,,555 E Elm St,,[],"{""element"": ""input"", ""label"": ""Address"", ""name"": ""ADDRESS"", ""pattern"": null, ""placeholder"": ""555 E Elm St"", ""required"": true, ""tooltip"": null, ""value"": ""555 E Elm St""}"
UT_2016,Utah,Rev. 04/15/2016 (0800),CITY,1,CITY,City,input,True,Layton,,,,Layton,,[],"{""element"": ""input"", ""label"": ""City"", ""name"": ""CITY"", ""pattern"": null, ""placeholder"": ""Layton"", ""required"": true, ""tooltip"": null, ""value"": ""Layton""}"
UT_2016,Utah,Rev. 04/15/2016 (0800),ZIP,1,ZIP,Zip code,input,True,84041,[0-9]{5},5,5,84041,,[],"{""element"": ""input"", ""label"": ""Zip code"", ""maxlength"": 5, ""minlength"": 5, ""name"": ""ZIP"", ""pattern"": ""[0-9]{5}"", ""placeholder"": ""84041"", ""required"": true, ""tooltip"": null, ""value"": ""84041""}"
UT_2016,Utah,Rev. 04/15/2016 (0800),CLASS,1,CLASS,DL Class,input,True,NONE,[A-Z1-9]+,1,4,NONE,,[],"{""element"": ""input"", ""label"": ""DL Class"", ""maxlength"": 4, ""minlength"": 1, ""name"": ""CLASS"", ""pattern"": ""[A-Z1-9]+"", ""placeholder"": ""NONE"", ""required"": true, ""tooltip"": null, ""value"": ""NONE""}"
UT_2016,Utah,Rev. 04/15/2016 (0800),SEX,1,SEX,Sex,select,False,,,,,,,"[{""value"": ""M"", ""label"": ""M""}, {""value"": ""F"", ""label"": ""F""}]","{""element"": ""select"", ""label"": ""Sex"", ""name"": ""SEX"", ""options"": [{""label"": ""M"", ""value"": ""M""}, {""label"": ""F"", ""value"": ""F""}], ""pattern"": null, ""placeholder"": null, ""required"": false, ""tooltip"": null, ""value"": null}"
UT_2016,Utah,Rev. 04/15/2016 (0800),DONOR,1,DONOR,Donor,select,False,,,,,,,"[{""value"": ""NO"", ""label"": ""No""}, {""value"": ""YES"", ""label"": ""Yes""}]","{""element"": ""select"", ""label"": ""Donor"", ""name"": ""DONOR"", ""options"": [{""label"": ""No"", ""value"": ""NO""}, {""label"": ""Yes"", ""value"": ""YES""}], ""pattern"": null, ""placeholder"": null, ""required"": false, ""tooltip"": null, ""value"": null}"
UT_2016,Utah,Rev. 04/15/2016 (0800),DOB,1,DOB,Birth date,input,True,01151970,((((0[13578]|1[02])(0[1-9]|[12][0-9]|3[01]))|((0[469]|11)(0[1-9]|[12][0-9]|30))|(02)(0[1-9]|[1][0-9]|2[0-8]))([0-9]{3}[1-9]|[0-9]{2}[1-9][0-9]{1}|[0-9]{1}[1-9][0-9]{2}|[1-9][0-9]{3}))|(0229(([0-9]{2})(0[48]|[2468][048]|[13579][26])|((0[48]|[2468][048]|[3579][26])00))),8,8,,You need input the date in MMDDYYYY format,[],"{""element"": ""input"", ""label"": ""Birth date"", ""maxlength"": 8, ""minlength"": 8, ""name"": ""DOB"", ""pattern"": ""((((0[13578]|1[02])(0[1-9]|[12][0-9]|3[01]))|((0[469]|11)(0[1-9]|[12][0-9]|30))|(02)(0[1-9]|[1][0-9]|2[0-8]))([0-9]{3}[1-9]|[0-9]{2}[1-9][0-9]{1}|[0-9]{1}[1-9][0-9]{2}|[1-9][0-9]{3}))|(0229(([0-9]{2})(0[48]|[2468][048]|[13579][26])|((0[48]|[2468][048]|[3579][26])00)))"", ""placeholder"": ""01151970"", ""required"": true, ""tooltip"": ""You need input the date in MMDDYYYY format"", ""value"": """"}"
UT_2016,Utah,Rev. 04/15/2016 (0800),DOI,1,DOI,Issue date,input,True,08262020,((((0[13578]|1[02])(0[1-9]|[12][0-9]|3[01]))|((0[469]|11)(0[1-9]|[12][0-9]|30))|(02)(0[1-9]|[1][0-9]|2[0-8]))([0-9]{3}[1-9]|[0-9]{2}[1-9][0-9]{1}|[0-9]{1}[1-9][0-9]{2}|[1-9][0-9]{3}))|(0229(([0-9]{2})(0[48]|[2468][048]|[13579][26])|((0[48]|[2468][048]|[3579][26])00))),8,8,,You need input the date in MMDDYYYY format,[],"{""element"": ""input"", ""label"": ""Issue date"", ""maxlength"": 8, ""minlength"": 8, ""name"": ""DOI"", ""pattern"": ""((((0[13578]|1[02])(0[1-9]|[12][0-9]|3[01]))|((0[469]|11)(0[1-9]|[12][0-9]|30))|(02)(0[1-9]|[1][0-9]|2[0-8]))([0-9]{3}[1-9]|[0-9]{2}[1-9][0-9]{1}|[0-9]{1}[1-9][0-9]{2}|[1-9][0-9]{3}))|(0229(([0-9]{2})(0[48]|[2468][048]|[13579][26])|((0[48]|[2468][048]|[3579][26])00)))"", ""placeholder"": ""08262020"", ""required"": true, ""tooltip"": ""You need input the date in MMDDYYYY format"", ""value"": """"}"
UT_2016,Utah,Rev. 04/15/2016 (0800),DOE,1,DOE,Expiry date,input,True,01152028,((((0[13578]|1[02])(0[1-9]|[12][0-9]|3[01]))|((0[469]|11)(0[1-9]|[12][0-9]|30))|(02)(0[1-9]|[1][0-9]|2[0-8]))([0-9]{3}[1-9]|[0-9]{2}[1-9][0-9]{1}|[0-9]{1}[1-9][0-9]{2}|[1-9][0-9]{3}))|(0229(([0-9]{2})(0[48]|[2468][048]|[13579][26])|((0[48]|[2468][048]|[3579][26])00))),8,8,,Same month and day as in birth date. After January 2020 - 8 years after the year of issue. Before January 2020 - 5 years after the year of issue.,[],"{""element"": ""input"", ""label"": ""Expiry date"", ""maxlength"": 8, ""minlength"": 8, ""name"": ""DOE"", ""pattern"": ""((((0[13578]|1[02])(0[1-9]|[12][0-9]|3[01]))|((0[469]|11)(0[1-9]|[12][0-9]|30))|(02)(0[1-9]|[1][0-9]|2[0-8]))([0-9]{3}[1-9]|[0-9]{2}[1-9][0-9]{1}|[0-9]{1}[1-9][0-9]{2}|[1-9][0-9]{3}))|(0229(([0-9]{2})(0[48]|[2468][048]|[13579][26])|((0[48]|[2468][048]|[3579][26])00)))"", ""placeholder"": ""01152028"", ""required"": true, ""tooltip"": ""Same month and day as in birth date. After January 2020 - 8 years after the year of issue. Before January 2020 - 5 years after the year of issue."", ""value"": """"}"
UT_2016,Utah,Rev. 04/15/2016 (0800),ICN,1,ICN,ICN,input,True,182162827UTQ8CW01,[0-9]{9}UT[a-zA-Z0-9]{4}01,17,17,,Document number + 'UT' + 4 digits and letters + '01'. You can click on the calculator icon to calculate ICN <b>automatically!</b>,[],"{""element"": ""input"", ""label"": ""ICN"", ""maxlength"": 17, ""minlength"": 17, ""name"": ""ICN"", ""pattern"": ""[0-9]{9}UT[a-zA-Z0-9]{4}01"", ""placeholder"": ""182162827UTQ8CW01"", ""required"": true, ""tooltip"": ""Document number + 'UT' + 4 digits and letters + '01'. You can click on the calculator icon to calculate ICN <b>automatically!</b>"", ""value"": null}"
UT_2016,Utah,Rev. 04/15/2016 (0800),DD,1,DD,DD,input,True,32656373,[0-9]{8},8,8,,8 random digits. You can click on the calculator icon to calculate DD <b>automatically!</b>,[],"{""element"": ""input"", ""label"": ""DD"", ""maxlength"": 8, ""minlength"": 8, ""name"": ""DD"", ""pattern"": ""[0-9]{8}"", ""placeholder"": ""32656373"", ""required"": true, ""tooltip"": ""8 random digits. You can click on the calculator icon to calculate DD <b>automatically!</b>"", ""value"": null}"
UT_2016,Utah,Rev. 04/15/2016 (0800),RESTRICTIONS,1,RESTRICTIONS,Restrictions,input,True,NONE,,,,NONE,,[],"{""element"": ""input"", ""label"": ""Restrictions"", ""name"": ""RESTRICTIONS"", ""pattern"": null, ""placeholder"": ""NONE"", ""required"": true, ""tooltip"": null, ""value"": ""NONE""}"
UT_2016,Utah,Rev. 04/15/2016 (0800),ENDORSEMENT,1,ENDORSEMENT,Endorsement,input,True,NONE,,,,NONE,,[],"{""element"": ""input"", ""label"": ""Endorsement"", ""name"": ""ENDORSEMENT"", ""pattern"": null, ""placeholder"": ""NONE"", ""required"": true, ""tooltip"": null, ""value"": ""NONE""}"
UT_2016,Utah,Rev. 04/15/2016 (0800),HEIGHT,1,HEIGHT,Height (in.),input,True,69,,,2,69,,[],"{""element"": ""input"", ""label"": ""Height (in.)"", ""maxlength"": 2, ""name"": ""HEIGHT"", ""pattern"": null, ""placeholder"": ""69"", ""required"": true, ""tooltip"": null, ""value"": ""69""}"
UT_2016,Utah,Rev. 04/15/2016 (0800),WEIGHT,1,WEIGHT,Weight (lb.),input,True,169,,,3,169,,[],"{""element"": ""input"", ""label"": ""Weight (lb.)"", ""maxlength"": 3, ""name"": ""WEIGHT"", ""pattern"": null, ""placeholder"": ""169"", ""required"": true, ""tooltip"": null, ""value"": ""169""}"
UT_2016,Utah,Rev. 04/15/2016 (0800),EYE,1,EYE,Eye (ANSI D-20),select,True,,,,,,,"[{""value"": """", ""label"": ""== Select ==""}, {""value"": ""BLK"", ""label"": ""BLK (Black)""}, {""value"": ""BLU"", ""label"": ""BLU (Blue)""}, {""value"": ""BRO"", ""label"": ""BRO (Brown)""}, {""value"": ""GRY"", ""label"": ""GRY (Gray)""}, {""value"": ""GRN"", ""label"": ""GRN (Green)""}, {""value"": ""HAZ"", ""label"": ""HAZ (Hazel)""}, {""value"": ""MAR"", ""label"": ""MAR (Maroon)""}, {""value"": ""PNK"", ""label"": ""PNK (Pink)""}, {""value"": ""DIC"", ""label"": ""DIC (Dichromatic)""}, {""value"": ""UNK"", ""label"": ""UNK (Unknown)""}]","{""element"": ""select"", ""label"": ""Eye (ANSI D-20)"", ""name"": ""EYE"", ""options"": [{""label"": ""== Select =="", ""value"": """"}, {""label"": ""BLK (Black)"", ""value"": ""BLK""}, {""label"": ""BLU (Blue)"", ""value"": ""BLU""}, {""label"": ""BRO (Brown)"", ""value"": ""BRO""}, {""label"": ""GRY (Gray)"", ""value"": ""GRY""}, {""label"": ""GRN (Green)"", ""value"": ""GRN""}, {""label"": ""HAZ (Hazel)"", ""value"": ""HAZ""}, {""label"": ""MAR (Maroon)"", ""value"": ""MAR""}, {""label"": ""PNK (Pink)"", ""value"": ""PNK""}, {""label"": ""DIC (Dichromatic)"", ""value"": ""DIC""}, {""label"": ""UNK (Unknown)"", ""value"": ""UNK""}], ""pattern"": null, ""placeholder"": null, ""required"": true, ""tooltip"": null, ""value"": null}"
UT_2016,Utah,Rev. 04/15/2016 (0800),HAIR,1,HAIR,Hair (ANSI D-20),select,True,,,,,,,"[{""value"": """", ""label"": ""== Select ==""}, {""value"": ""BLK"", ""label"": ""BLK (Black)""}, {""value"": ""BLN"", ""label"": ""BLN (Blond)""}, {""value"": ""BRO"", ""label"": ""BRO (Brown)""}, {""value"": ""GRY"", ""label"": ""GRY (Grey)""}, {""value"": ""RED"", ""label"": ""RED (Red/Auburn)""}, {""value"": ""SDY"", ""label"": ""SDY (Sandy)""}, {""value"": ""WHI"", ""label"": ""WHI (White)""}, {""value"": ""UNK"", ""label"": ""UNK (Unknown)""}, {""value"": ""BAL"", ""label"": ""BAL (Bald)""}]","{""element"": ""select"", ""label"": ""Hair (ANSI D-20)"", ""name"": ""HAIR"", ""options"": [{""label"": ""== Select =="", ""value"": """"}, {""label"": ""BLK (Black)"", ""value"": ""BLK""}, {""label"": ""BLN (Blond)"", ""value"": ""BLN""}, {""label"": ""BRO (Brown)"", ""value"": ""BRO""}, {""label"": ""GRY (Grey)"", ""value"": ""GRY""}, {""label"": ""RED (Red/Auburn)"", ""value"": ""RED""}, {""label"": ""SDY (Sandy)"", ""value"": ""SDY""}, {""label"": ""WHI (White)"", ""value"": ""WHI""}, {""label"": ""UNK (Unknown)"", ""value"": ""UNK""}, {""label"": ""BAL (Bald)"", ""value"": ""BAL""}], ""pattern"": null, ""placeholder"": null, ""required"": true, ""tooltip"": null, ""value"": null}"
UT_2016,Utah,Rev. 04/15/2016 (0800),REALID,1,REALID,Is REAL ID,select,False,,,,,,"Utah started issuing REAL ID compliant cards on 01/01/2019. If the card issue date is before this date, do not select REAL ID compliant.","[{""value"": """", ""label"": ""== Select ==""}, {""value"": ""F"", ""label"": ""Yes""}, {""value"": ""N"", ""label"": ""No""}]","{""element"": ""select"", ""label"": ""Is REAL ID"", ""name"": ""REALID"", ""options"": [{""label"": ""== Select =="", ""value"": """"}, {""label"": ""Yes"", ""value"": ""F""}, {""label"": ""No"", ""value"": ""N""}], ""pattern"": null, ""placeholder"": null, ""required"": false, ""tooltip"": ""Utah started issuing REAL ID compliant cards on 01/01/2019. If the card issue date is before this date, do not select REAL ID compliant."", ""value"": null}"
UT_2021,Utah,Rev. 06/01/2021 (1000),NUMBER,1,NUMBER,DL Number,input,True,182162827,[0-9]{9},9,9,,9 random digits. You can click on the calculator icon to calculate number <b>automatically!</b>,[],"{""element"": ""input"", ""label"": ""DL Number"", ""maxlength"": 9, ""minlength"": 9, ""name"": ""NUMBER"", ""pattern"": ""[0-9]{9}"", ""placeholder"": ""182162827"", ""required"": true, ""tooltip"": ""9 random digits. You can click on the calculator icon to calculate number <b>automatically!</b>"", ""value"": """"}"
UT_2021,Utah,Rev. 06/01/2021 (1000),LASTNAME,1,LASTNAME,Last name,input,True,Doe,[a-zA-Z\s]+,,,,,[],"{""element"": ""input"", ""label"": ""Last name"", ""name"": ""LASTNAME"", ""pattern"": ""[a-zA-Z\\s]+"", ""placeholder"": ""Doe"", ""required"": true, ""tooltip"": null, ""value"": """"}"
UT_2021,Utah,Rev. 06/01/2021 (1000),FIRSTNAME,1,FIRSTNAME,First name,input,True,John,[a-zA-Z\s]+,,,,,[],"{""element"": ""input"", ""label"": ""First name"", ""name"": ""FIRSTNAME"", ""pattern"": ""[a-zA-Z\\s]+"", ""placeholder"": ""John"", ""required"": true, ""tooltip"": null, ""value"": """"}"
UT_2021,Utah,Rev. 06/01/2021 (1000),MIDDLENAME,1,MIDDLENAME,Middle name,input,False,,,,,,This field is optional. You can click on the calculator icon to generate random name. Select gender in the field below to specify name gender.,[],"{""element"": ""input"", ""label"": ""Middle name"", ""name"": ""MIDDLENAME"", ""pattern"": null, ""placeholder"": """", ""required"": false, ""tooltip"": ""This field is optional. You can click on the calculator icon to generate random name. Select gender in the field below to specify name gender."", ""value"": """"}"
UT_2021,Utah,Rev. 06/01/2021 (1000),ADDRESS,1,ADDRESS,Address,input,True,555 E Elm St,,,,555 E Elm St,,[],"{""element"": ""input"", ""label"": ""Address"", ""name"": ""ADDRESS"", ""pattern"": null, ""placeholder"": ""555 E Elm St"", ""required"": true, ""tooltip"": null, ""value"": ""555 E Elm St""}"
UT_2021,Utah,Rev. 06/01/2021 (1000),CITY,1,CITY,City,input,True,Layton,,,,Layton,,[],"{""element"": ""input"", ""label"": ""City"", ""name"": ""CITY"", ""pattern"": null, ""placeholder"": ""Layton"", ""required"": true, ""tooltip"": null, ""value"": ""Layton""}"
UT_2021,Utah,Rev. 06/01/2021 (1000),ZIP,1,ZIP,Zip code,input,True,840414307,[0-9]{9},9,9,840414307,,[],"{""element"": ""input"", ""label"": ""Zip code"", ""maxlength"": 9, ""minlength"": 9, ""name"": ""ZIP"", ""pattern"": ""[0-9]{9}"", ""placeholder"": ""840414307"", ""required"": true, ""tooltip"": null, ""value"": ""840414307""}"
UT_2021,Utah,Rev. 06/01/2021 (1000),CLASS,1,CLASS,DL Class,input,True,NONE,[A-Z1-9]+,1,4,NONE,,[],"{""element"": ""input"", ""label"": ""DL Class"", ""maxlength"": 4, ""minlength"": 1, ""name"": ""CLASS"", ""pattern"": ""[A-Z1-9]+"", ""placeholder"": ""NONE"", ""required"": true, ""tooltip"": null, ""value"": ""NONE""}"
UT_2021,Utah,Rev. 06/01/2021 (1000),SEX,1,SEX,Sex,select,False,,,,,,,"[{""value"": ""M"", ""label"": ""M""}, {""value"": ""F"", ""label"": ""F""}]","{""element"": ""select"", ""label"": ""Sex"", ""name"": ""SEX"", ""options"": [{""label"": ""M"", ""value"": ""M""}, {""label"": ""F"", ""value"": ""F""}], ""pattern"": null, ""placeholder"": null, ""required"": false, ""tooltip"": null, ""value"": null}"
UT_2021,Utah,Rev. 06/01/2021 (1000),DONOR,1,DONOR,Donor,select,False,,,,,,,"[{""value"": ""NO"", ""label"": ""No""}, {""value"": ""YES"", ""label"": ""Yes""}]","{""element"": ""select"", ""label"": ""Donor"", ""name"": ""DONOR"", ""options"": [{""label"": ""No"", ""value"": ""NO""}, {""label"": ""Yes"", ""value"": ""YES""}], ""pattern"": null, ""placeholder"": null, ""required"": false, ""tooltip"": null, ""value"": null}"
UT_2021,Utah,Rev. 06/01/2021 (1000),DOB,1,DOB,Birth date,input,True,01151970,((((0[13578]|1[02])(0[1-9]|[12][0-9]|3[01]))|((0[469]|11)(0[1-9]|[12][0-9]|30))|(02)(0[1-9]|[1][0-9]|2[0-8]))([0-9]{3}[1-9]|[0-9]{2}[1-9][0-9]{1}|[0-9]{1}[1-9][0-9]{2}|[1-9][0-9]{3}))|(0229(([0-9]{2})(0[48]|[2468][048]|[13579][26])|((0[48]|[2468][048]|[3579][26])00))),8,8,,You need input the date in MMDDYYYY format,[],"{""element"": ""input"", ""label"": ""Birth date"", ""maxlength"": 8, ""minlength"": 8, ""name"": ""DOB"", ""pattern"": ""((((0[13578]|1[02])(0[1-9]|[12][0-9]|3[01]))|((0[469]|11)(0[1-9]|[12][0-9]|30))|(02)(0[1-9]|[1][0-9]|2[0-8]))([0-9]{3}[1-9]|[0-9]{2}[1-9][0-9]{1}|[0-9]{1}[1-9][0-9]{2}|[1-9][0-9]{3}))|(0229(([0-9]{2})(0[48]|[2468][048]|[13579][26])|((0[48]|[2468][048]|[3579][26])00)))"", ""placeholder"": ""01151970"", ""required"": true, ""tooltip"": ""You need input the date in MMDDYYYY format"", ""value"": """"}"
UT_2021,Utah,Rev. 06/01/2021 (1000),DOI,1,DOI,Issue date,input,True,08262023,((((0[13578]|1[02])(0[1-9]|[12][0-9]|3[01]))|((0[469]|11)(0[1-9]|[12][0-9]|30))|(02)(0[1-9]|[1][0-9]|2[0-8]))([0-9]{3}[1-9]|[0-9]{2}[1-9][0-9]{1}|[0-9]{1}[1-9][0-9]{2}|[1-9][0-9]{3}))|(0229(([0-9]{2})(0[48]|[2468][048]|[13579][26])|((0[48]|[2468][048]|[3579][26])00))),8,8,,You need input the date in MMDDYYYY format,[],"{""element"": ""input"", ""label"": ""Issue date"", ""maxlength"": 8, ""minlength"": 8, ""name"": ""DOI"", ""pattern"": ""((((0[13578]|1[02])(0[1-9]|[12][0-9]|3[01]))|((0[469]|11)(0[1-9]|[12][0-9]|30))|(02)(0[1-9]|[1][0-9]|2[0-8]))([0-9]{3}[1-9]|[0-9]{2}[1-9][0-9]{1}|[0-9]{1}[1-9][0-9]{2}|[1-9][0-9]{3}))|(0229(([0-9]{2})(0[48]|[2468][048]|[13579][26])|((0[48]|[2468][048]|[3579][26])00)))"", ""placeholder"": ""08262023"", ""required"": true, ""tooltip"": ""You need input the date in MMDDYYYY format"", ""value"": """"}"
UT_2021,Utah,Rev. 06/01/2021 (1000),DOE,1,DOE,Expiry date,input,True,01152028,((((0[13578]|1[02])(0[1-9]|[12][0-9]|3[01]))|((0[469]|11)(0[1-9]|[12][0-9]|30))|(02)(0[1-9]|[1][0-9]|2[0-8]))([0-9]{3}[1-9]|[0-9]{2}[1-9][0-9]{1}|[0-9]{1}[1-9][0-9]{2}|[1-9][0-9]{3}))|(0229(([0-9]{2})(0[48]|[2468][048]|[13579][26])|((0[48]|[2468][048]|[3579][26])00))),8,8,,Same month and day as in birth date. After January 2020 - 8 years after the year of issue. Before January 2020 - 5 years after the year of issue.,[],"{""element"": ""input"", ""label"": ""Expiry date"", ""maxlength"": 8, ""minlength"": 8, ""name"": ""DOE"", ""pattern"": ""((((0[13578]|1[02])(0[1-9]|[12][0-9]|3[01]))|((0[469]|11)(0[1-9]|[12][0-9]|30))|(02)(0[1-9]|[1][0-9]|2[0-8]))([0-9]{3}[1-9]|[0-9]{2}[1-9][0-9]{1}|[0-9]{1}[1-9][0-9]{2}|[1-9][0-9]{3}))|(0229(([0-9]{2})(0[48]|[2468][048]|[13579][26])|((0[48]|[2468][048]|[3579][26])00)))"", ""placeholder"": ""01152028"", ""required"": true, ""tooltip"": ""Same month and day as in birth date. After January 2020 - 8 years after the year of issue. Before January 2020 - 5 years after the year of issue."", ""value"": """"}"
UT_2021,Utah,Rev. 06/01/2021 (1000),ICN,1,ICN,ICN,input,True,182162827UTQ8CW01,[0-9]{9}UT[a-zA-Z0-9]{4}01,17,17,,Document number + 'UT' + 4 digits and letters + '01'. You can click on the calculator icon to calculate ICN <b>automatically!</b>,[],"{""element"": ""input"", ""label"": ""ICN"", ""maxlength"": 17, ""minlength"": 17, ""name"": ""ICN"", ""pattern"": ""[0-9]{9}UT[a-zA-Z0-9]{4}01"", ""placeholder"": ""182162827UTQ8CW01"", ""required"": true, ""tooltip"": ""Document number + 'UT' + 4 digits and letters + '01'. You can click on the calculator icon to calculate ICN <b>automatically!</b>"", ""value"": null}"
UT_2021,Utah,Rev. 06/01/2021 (1000),DD,1,DD,DD,input,True,32656373,[0-9]{8},8,8,,8 random digits. You can click on the calculator icon to calculate DD <b>automatically!</b>,[],"{""element"": ""input"", ""label"": ""DD"", ""maxlength"": 8, ""minlength"": 8, ""name"": ""DD"", ""pattern"": ""[0-9]{8}"", ""placeholder"": ""32656373"", ""required"": true, ""tooltip"": ""8 random digits. You can click on the calculator icon to calculate DD <b>automatically!</b>"", ""value"": null}"
UT_2021,Utah,Rev. 06/01/2021 (1000),RESTRICTIONS,1,RESTRICTIONS,Restrictions,input,True,NONE,,,,NONE,,[],"{""element"": ""input"", ""label"": ""Restrictions"", ""name"": ""RESTRICTIONS"", ""pattern"": null, ""placeholder"": ""NONE"", ""required"": true, ""tooltip"": null, ""value"": ""NONE""}"
UT_2021,Utah,Rev. 06/01/2021 (1000),ENDORSEMENT,1,ENDORSEMENT,Endorsement,input,True,NONE,,,,NONE,,[],"{""element"": ""input"", ""label"": ""Endorsement"", ""name"": ""ENDORSEMENT"", ""pattern"": null, ""placeholder"": ""NONE"", ""required"": true, ""tooltip"": null, ""value"": ""NONE""}"
UT_2021,Utah,Rev. 06/01/2021 (1000),HEIGHT,1,HEIGHT,Height (in.),input,True,69,,,2,69,,[],"{""element"": ""input"", ""label"": ""Height (in.)"", ""maxlength"": 2, ""name"": ""HEIGHT"", ""pattern"": null, ""placeholder"": ""69"", ""required"": true, ""tooltip"": null, ""value"": ""69""}"
UT_2021,Utah,Rev. 06/01/2021 (1000),WEIGHT,1,WEIGHT,Weight (lb.),input,True,169,,,3,169,,[],"{""element"": ""input"", ""label"": ""Weight (lb.)"", ""maxlength"": 3, ""name"": ""WEIGHT"", ""pattern"": null, ""placeholder"": ""169"", ""required"": true, ""tooltip"": null, ""value"": ""169""}"
UT_2021,Utah,Rev. 06/01/2021 (1000),EYE,1,EYE,Eye (ANSI D-20),select,True,,,,,,,"[{""value"": """", ""label"": ""== Select ==""}, {""value"": ""BLK"", ""label"": ""BLK (Black)""}, {""value"": ""BLU"", ""label"": ""BLU (Blue)""}, {""value"": ""BRO"", ""label"": ""BRO (Brown)""}, {""value"": ""GRY"", ""label"": ""GRY (Gray)""}, {""value"": ""GRN"", ""label"": ""GRN (Green)""}, {""value"": ""HAZ"", ""label"": ""HAZ (Hazel)""}, {""value"": ""MAR"", ""label"": ""MAR (Maroon)""}, {""value"": ""PNK"", ""label"": ""PNK (Pink)""}, {""value"": ""DIC"", ""label"": ""DIC (Dichromatic)""}, {""value"": ""UNK"", ""label"": ""UNK (Unknown)""}]","{""element"": ""select"", ""label"": ""Eye (ANSI D-20)"", ""name"": ""EYE"", ""options"": [{""label"": ""== Select =="", ""value"": """"}, {""label"": ""BLK (Black)"", ""value"": ""BLK""}, {""label"": ""BLU (Blue)"", ""value"": ""BLU""}, {""label"": ""BRO (Brown)"", ""value"": ""BRO""}, {""label"": ""GRY (Gray)"", ""value"": ""GRY""}, {""label"": ""GRN (Green)"", ""value"": ""GRN""}, {""label"": ""HAZ (Hazel)"", ""value"": ""HAZ""}, {""label"": ""MAR (Maroon)"", ""value"": ""MAR""}, {""label"": ""PNK (Pink)"", ""value"": ""PNK""}, {""label"": ""DIC (Dichromatic)"", ""value"": ""DIC""}, {""label"": ""UNK (Unknown)"", ""value"": ""UNK""}], ""pattern"": null, ""placeholder"": null, ""required"": true, ""tooltip"": null, ""value"": null}"
UT_2021,Utah,Rev. 06/01/2021 (1000),HAIR,1,HAIR,Hair (ANSI D-20),select,True,,,,,,,"[{""value"": """", ""label"": ""== Select ==""}, {""value"": ""BLK"", ""label"": ""BLK (Black)""}, {""value"": ""BLN"", ""label"": ""BLN (Blond)""}, {""value"": ""BRO"", ""label"": ""BRO (Brown)""}, {""value"": ""GRY"", ""label"": ""GRY (Grey)""}, {""value"": ""RED"", ""label"": ""RED (Red/Auburn)""}, {""value"": ""SDY"", ""label"": ""SDY (Sandy)""}, {""value"": ""WHI"", ""label"": ""WHI (White)""}, {""value"": ""UNK"", ""label"": ""UNK (Unknown)""}, {""value"": ""BAL"", ""label"": ""BAL (Bald)""}]","{""element"": ""select"", ""label"": ""Hair (ANSI D-20)"", ""name"": ""HAIR"", ""options"": [{""label"": ""== Select =="", ""value"": """"}, {""label"": ""BLK (Black)"", ""value"": ""BLK""}, {""label"": ""BLN (Blond)"", ""value"": ""BLN""}, {""label"": ""BRO (Brown)"", ""value"": ""BRO""}, {""label"": ""GRY (Grey)"", ""value"": ""GRY""}, {""label"": ""RED (Red/Auburn)"", ""value"": ""RED""}, {""label"": ""SDY (Sandy)"", ""value"": ""SDY""}, {""label"": ""WHI (White)"", ""value"": ""WHI""}, {""label"": ""UNK (Unknown)"", ""value"": ""UNK""}, {""label"": ""BAL (Bald)"", ""value"": ""BAL""}], ""pattern"": null, ""placeholder"": null, ""required"": true, ""tooltip"": null, ""value"": null}"
VT,Vermont,Rev. 10/16/2018 (0902),NUMBER,1,NUMBER,DL Number,input,True,12345678,[0-9]{7}[a-zA-Z0-9]{1},8,8,,You can click on the calculator icon to calculate number <b>automatically!</b>,[],"{""element"": ""input"", ""label"": ""DL Number"", ""maxlength"": 8, ""minlength"": 8, ""name"": ""NUMBER"", ""pattern"": ""[0-9]{7}[a-zA-Z0-9]{1}"", ""placeholder"": ""12345678"", ""required"": true, ""tooltip"": ""You can click on the calculator icon to calculate number <b>automatically!</b>"", ""value"": """"}"
VT,Vermont,Rev. 10/16/2018 (0902),LASTNAME,1,LASTNAME,Last name,input,True,Doe,[a-zA-Z\s]+,,,,,[],"{""element"": ""input"", ""label"": ""Last name"", ""name"": ""LASTNAME"", ""pattern"": ""[a-zA-Z\\s]+"", ""placeholder"": ""Doe"", ""required"": true, ""tooltip"": null, ""value"": """"}"
VT,Vermont,Rev. 10/16/2018 (0902),FIRSTNAME,1,FIRSTNAME,First name,input,True,John,[a-zA-Z\s]+,,,,,[],"{""element"": ""input"", ""label"": ""First name"", ""name"": ""FIRSTNAME"", ""pattern"": ""[a-zA-Z\\s]+"", ""placeholder"": ""John"", ""required"": true, ""tooltip"": null, ""value"": """"}"
VT,Vermont,Rev. 10/16/2018 (0902),MIDDLENAME,1,MIDDLENAME,Middle name,input,False,,,,,,This field is optional. You can click on the calculator icon to generate random name. Select gender in the field below to specify name gender.,[],"{""element"": ""input"", ""label"": ""Middle name"", ""name"": ""MIDDLENAME"", ""pattern"": null, ""placeholder"": """", ""required"": false, ""tooltip"": ""This field is optional. You can click on the calculator icon to generate random name. Select gender in the field below to specify name gender."", ""value"": """"}"
VT,Vermont,Rev. 10/16/2018 (0902),ADDRESS,1,ADDRESS,Address,input,True,62 Charlotte Rd,,,,62 Charlotte Rd,,[],"{""element"": ""input"", ""label"": ""Address"", ""name"": ""ADDRESS"", ""pattern"": null, ""placeholder"": ""62 Charlotte Rd"", ""required"": true, ""tooltip"": null, ""value"": ""62 Charlotte Rd""}"
VT,Vermont,Rev. 10/16/2018 (0902),CITY,1,CITY,City,input,True,Hinesburg,,,,Hinesburg,,[],"{""element"": ""input"", ""label"": ""City"", ""name"": ""CITY"", ""pattern"": null, ""placeholder"": ""Hinesburg"", ""required"": true, ""tooltip"": null, ""value"": ""Hinesburg""}"
VT,Vermont,Rev. 10/16/2018 (0902),ZIP,1,ZIP,Zip code,input,True,05461,[0-9]{5},5,5,05461,,[],"{""element"": ""input"", ""label"": ""Zip code"", ""maxlength"": 5, ""minlength"": 5, ""name"": ""ZIP"", ""pattern"": ""[0-9]{5}"", ""placeholder"": ""05461"", ""required"": true, ""tooltip"": null, ""value"": ""05461""}"
VT,Vermont,Rev. 10/16/2018 (0902),CLASS,1,CLASS,DL Class,input,True,D,[A-Z1-9]+,1,4,D,,[],"{""element"": ""input"", ""label"": ""DL Class"", ""maxlength"": 4, ""minlength"": 1, ""name"": ""CLASS"", ""pattern"": ""[A-Z1-9]+"", ""placeholder"": ""D"", ""required"": true, ""tooltip"": null, ""value"": ""D""}"
VT,Vermont,Rev. 10/16/2018 (0902),SEX,1,SEX,Sex,select,False,,,,,,,"[{""value"": ""M"", ""label"": ""M""}, {""value"": ""F"", ""label"": ""F""}]","{""element"": ""select"", ""label"": ""Sex"", ""name"": ""SEX"", ""options"": [{""label"": ""M"", ""value"": ""M""}, {""label"": ""F"", ""value"": ""F""}], ""pattern"": null, ""placeholder"": null, ""required"": false, ""tooltip"": null, ""value"": null}"
VT,Vermont,Rev. 10/16/2018 (0902),DONOR,1,DONOR,Donor,select,False,,,,,,,"[{""value"": ""NO"", ""label"": ""No""}, {""value"": ""YES"", ""label"": ""Yes""}]","{""element"": ""select"", ""label"": ""Donor"", ""name"": ""DONOR"", ""options"": [{""label"": ""No"", ""value"": ""NO""}, {""label"": ""Yes"", ""value"": ""YES""}], ""pattern"": null, ""placeholder"": null, ""required"": false, ""tooltip"": null, ""value"": null}"
VT,Vermont,Rev. 10/16/2018 (0902),DOB,1,DOB,Birth date,input,True,01151970,((((0[13578]|1[02])(0[1-9]|[12][0-9]|3[01]))|((0[469]|11)(0[1-9]|[12][0-9]|30))|(02)(0[1-9]|[1][0-9]|2[0-8]))([0-9]{3}[1-9]|[0-9]{2}[1-9][0-9]{1}|[0-9]{1}[1-9][0-9]{2}|[1-9][0-9]{3}))|(0229(([0-9]{2})(0[48]|[2468][048]|[13579][26])|((0[48]|[2468][048]|[3579][26])00))),8,8,,You need input the date in MMDDYYYY format,[],"{""element"": ""input"", ""label"": ""Birth date"", ""maxlength"": 8, ""minlength"": 8, ""name"": ""DOB"", ""pattern"": ""((((0[13578]|1[02])(0[1-9]|[12][0-9]|3[01]))|((0[469]|11)(0[1-9]|[12][0-9]|30))|(02)(0[1-9]|[1][0-9]|2[0-8]))([0-9]{3}[1-9]|[0-9]{2}[1-9][0-9]{1}|[0-9]{1}[1-9][0-9]{2}|[1-9][0-9]{3}))|(0229(([0-9]{2})(0[48]|[2468][048]|[13579][26])|((0[48]|[2468][048]|[3579][26])00)))"", ""placeholder"": ""01151970"", ""required"": true, ""tooltip"": ""You need input the date in MMDDYYYY format"", ""value"": """"}"
VT,Vermont,Rev. 10/16/2018 (0902),DOI,1,DOI,Issue date,input,True,08262022,((((0[13578]|1[02])(0[1-9]|[12][0-9]|3[01]))|((0[469]|11)(0[1-9]|[12][0-9]|30))|(02)(0[1-9]|[1][0-9]|2[0-8]))([0-9]{3}[1-9]|[0-9]{2}[1-9][0-9]{1}|[0-9]{1}[1-9][0-9]{2}|[1-9][0-9]{3}))|(0229(([0-9]{2})(0[48]|[2468][048]|[13579][26])|((0[48]|[2468][048]|[3579][26])00))),8,8,,You need input the date in MMDDYYYY format,[],"{""element"": ""input"", ""label"": ""Issue date"", ""maxlength"": 8, ""minlength"": 8, ""name"": ""DOI"", ""pattern"": ""((((0[13578]|1[02])(0[1-9]|[12][0-9]|3[01]))|((0[469]|11)(0[1-9]|[12][0-9]|30))|(02)(0[1-9]|[1][0-9]|2[0-8]))([0-9]{3}[1-9]|[0-9]{2}[1-9][0-9]{1}|[0-9]{1}[1-9][0-9]{2}|[1-9][0-9]{3}))|(0229(([0-9]{2})(0[48]|[2468][048]|[13579][26])|((0[48]|[2468][048]|[3579][26])00)))"", ""placeholder"": ""08262022"", ""required"": true, ""tooltip"": ""You need input the date in MMDDYYYY format"", ""value"": """"}"
VT,Vermont,Rev. 10/16/2018 (0902),DOE,1,DOE,Expiry date,input,True,01152026,((((0[13578]|1[02])(0[1-9]|[12][0-9]|3[01]))|((0[469]|11)(0[1-9]|[12][0-9]|30))|(02)(0[1-9]|[1][0-9]|2[0-8]))([0-9]{3}[1-9]|[0-9]{2}[1-9][0-9]{1}|[0-9]{1}[1-9][0-9]{2}|[1-9][0-9]{3}))|(0229(([0-9]{2})(0[48]|[2468][048]|[13579][26])|((0[48]|[2468][048]|[3579][26])00))),8,8,,Same month and day as in birth date. 4 years after the year of issue,[],"{""element"": ""input"", ""label"": ""Expiry date"", ""maxlength"": 8, ""minlength"": 8, ""name"": ""DOE"", ""pattern"": ""((((0[13578]|1[02])(0[1-9]|[12][0-9]|3[01]))|((0[469]|11)(0[1-9]|[12][0-9]|30))|(02)(0[1-9]|[1][0-9]|2[0-8]))([0-9]{3}[1-9]|[0-9]{2}[1-9][0-9]{1}|[0-9]{1}[1-9][0-9]{2}|[1-9][0-9]{3}))|(0229(([0-9]{2})(0[48]|[2468][048]|[13579][26])|((0[48]|[2468][048]|[3579][26])00)))"", ""placeholder"": ""01152026"", ""required"": true, ""tooltip"": ""Same month and day as in birth date. 4 years after the year of issue"", ""value"": """"}"
VT,Vermont,Rev. 10/16/2018 (0902),DD,1,DD,DD,input,True,072022123412345678,[0-9]{17}[0-9a-zA-Z]{1},18,18,,Issue date (MMDDYY) + 4 digits + DL number. You can click on the calculator icon to calculate DD <b>automatically!</b>,[],"{""element"": ""input"", ""label"": ""DD"", ""maxlength"": 18, ""minlength"": 18, ""name"": ""DD"", ""pattern"": ""[0-9]{17}[0-9a-zA-Z]{1}"", ""placeholder"": ""072022123412345678"", ""required"": true, ""tooltip"": ""Issue date (MMDDYY) + 4 digits + DL number. You can click on the calculator icon to calculate DD <b>automatically!</b>"", ""value"": null}"
VT,Vermont,Rev. 10/16/2018 (0902),RESTRICTIONS,1,RESTRICTIONS,Restrictions,input,True,NONE,,,,NONE,,[],"{""element"": ""input"", ""label"": ""Restrictions"", ""name"": ""RESTRICTIONS"", ""pattern"": null, ""placeholder"": ""NONE"", ""required"": true, ""tooltip"": null, ""value"": ""NONE""}"
VT,Vermont,Rev. 10/16/2018 (0902),ENDORSEMENT,1,ENDORSEMENT,Endorsement,input,True,NONE,,,,NONE,,[],"{""element"": ""input"", ""label"": ""Endorsement"", ""name"": ""ENDORSEMENT"", ""pattern"": null, ""placeholder"": ""NONE"", ""required"": true, ""tooltip"": null, ""value"": ""NONE""}"
VT,Vermont,Rev. 10/16/2018 (0902),HEIGHT,1,HEIGHT,Height (in.),input,True,69,,,2,69,,[],"{""element"": ""input"", ""label"": ""Height (in.)"", ""maxlength"": 2, ""name"": ""HEIGHT"", ""pattern"": null, ""placeholder"": ""69"", ""required"": true, ""tooltip"": null, ""value"": ""69""}"
VT,Vermont,Rev. 10/16/2018 (0902),WEIGHT,1,WEIGHT,Weight (lb.),input,True,169,,,3,169,,[],"{""element"": ""input"", ""label"": ""Weight (lb.)"", ""maxlength"": 3, ""name"": ""WEIGHT"", ""pattern"": null, ""placeholder"": ""169"", ""required"": true, ""tooltip"": null, ""value"": ""169""}"
VT,Vermont,Rev. 10/16/2018 (0902),EYE,1,EYE,Eye (ANSI D-20),select,True,,,,,,,"[{""value"": """", ""label"": ""== Select ==""}, {""value"": ""BLK"", ""label"": ""BLK (Black)""}, {""value"": ""BLU"", ""label"": ""BLU (Blue)""}, {""value"": ""BRO"", ""label"": ""BRO (Brown)""}, {""value"": ""GRY"", ""label"": ""GRY (Gray)""}, {""value"": ""GRN"", ""label"": ""GRN (Green)""}, {""value"": ""HAZ"", ""label"": ""HAZ (Hazel)""}, {""value"": ""MAR"", ""label"": ""MAR (Maroon)""}, {""value"": ""PNK"", ""label"": ""PNK (Pink)""}, {""value"": ""DIC"", ""label"": ""DIC (Dichromatic)""}, {""value"": ""UNK"", ""label"": ""UNK (Unknown)""}]","{""element"": ""select"", ""label"": ""Eye (ANSI D-20)"", ""name"": ""EYE"", ""options"": [{""label"": ""== Select =="", ""value"": """"}, {""label"": ""BLK (Black)"", ""value"": ""BLK""}, {""label"": ""BLU (Blue)"", ""value"": ""BLU""}, {""label"": ""BRO (Brown)"", ""value"": ""BRO""}, {""label"": ""GRY (Gray)"", ""value"": ""GRY""}, {""label"": ""GRN (Green)"", ""value"": ""GRN""}, {""label"": ""HAZ (Hazel)"", ""value"": ""HAZ""}, {""label"": ""MAR (Maroon)"", ""value"": ""MAR""}, {""label"": ""PNK (Pink)"", ""value"": ""PNK""}, {""label"": ""DIC (Dichromatic)"", ""value"": ""DIC""}, {""label"": ""UNK (Unknown)"", ""value"": ""UNK""}], ""pattern"": null, ""placeholder"": null, ""required"": true, ""tooltip"": null, ""value"": null}"
VA,Virginia,Rev. 12/10/2008 (0300),NUMBER,1,NUMBER,DL Number,input,True,A37262186,[a-zA-Z][0-9]{8},9,9,,Letter + 8 digits. You can click on the calculator icon to calculate number <b>automatically!</b>,[],"{""element"": ""input"", ""label"": ""DL Number"", ""maxlength"": 9, ""minlength"": 9, ""name"": ""NUMBER"", ""pattern"": ""[a-zA-Z][0-9]{8}"", ""placeholder"": ""A37262186"", ""required"": true, ""tooltip"": ""Letter + 8 digits. You can click on the calculator icon to calculate number <b>automatically!</b>"", ""value"": """"}"
VA,Virginia,Rev. 12/10/2008 (0300),LASTNAME,1,LASTNAME,Last name,input,True,Doe,[a-zA-Z\s]+,,,,,[],"{""element"": ""input"", ""label"": ""Last name"", ""name"": ""LASTNAME"", ""pattern"": ""[a-zA-Z\\s]+"", ""placeholder"": ""Doe"", ""required"": true, ""tooltip"": null, ""value"": """"}"
VA,Virginia,Rev. 12/10/2008 (0300),FIRSTNAME,1,FIRSTNAME,First & Middle name,input,True,"Donald,James","[a-zA-Z\s,]+",,,,Enter First name or First + Middle separated by commas.,[],"{""element"": ""input"", ""label"": ""First & Middle name"", ""name"": ""FIRSTNAME"", ""pattern"": ""[a-zA-Z\\s,]+"", ""placeholder"": ""Donald,James"", ""required"": true, ""tooltip"": ""Enter First name or First + Middle separated by commas."", ""value"": """"}"
VA,Virginia,Rev. 12/10/2008 (0300),ADDRESS,1,ADDRESS,Address,input,True,1401 Wesanne Ln,,,,1401 Wesanne Ln,,[],"{""element"": ""input"", ""label"": ""Address"", ""name"": ""ADDRESS"", ""pattern"": null, ""placeholder"": ""1401 Wesanne Ln"", ""required"": true, ""tooltip"": null, ""value"": ""1401 Wesanne Ln""}"
VA,Virginia,Rev. 12/10/2008 (0300),CITY,1,CITY,City,input,True,Midlothian,,,,Midlothian,,[],"{""element"": ""input"", ""label"": ""City"", ""name"": ""CITY"", ""pattern"": null, ""placeholder"": ""Midlothian"", ""required"": true, ""tooltip"": null, ""value"": ""Midlothian""}"
VA,Virginia,Rev. 12/10/2008 (0300),ZIP,1,ZIP,Zip code,input,True,231143171,[0-9]{9},9,9,231143171,,[],"{""element"": ""input"", ""label"": ""Zip code"", ""maxlength"": 9, ""minlength"": 9, ""name"": ""ZIP"", ""pattern"": ""[0-9]{9}"", ""placeholder"": ""231143171"", ""required"": true, ""tooltip"": null, ""value"": ""231143171""}"
VA,Virginia,Rev. 12/10/2008 (0300),CLASS,1,CLASS,DL Class,input,True,D,[A-Z1-9]+,1,4,D,,[],"{""element"": ""input"", ""label"": ""DL Class"", ""maxlength"": 4, ""minlength"": 1, ""name"": ""CLASS"", ""pattern"": ""[A-Z1-9]+"", ""placeholder"": ""D"", ""required"": true, ""tooltip"": null, ""value"": ""D""}"
VA,Virginia,Rev. 12/10/2008 (0300),SEX,1,SEX,Sex,select,False,,,,,,,"[{""value"": ""M"", ""label"": ""M""}, {""value"": ""F"", ""label"": ""F""}]","{""element"": ""select"", ""label"": ""Sex"", ""name"": ""SEX"", ""options"": [{""label"": ""M"", ""value"": ""M""}, {""label"": ""F"", ""value"": ""F""}], ""pattern"": null, ""placeholder"": null, ""required"": false, ""tooltip"": null, ""value"": null}"
VA,Virginia,Rev. 12/10/2008 (0300),DONOR,1,DONOR,Donor,select,False,,,,,,,"[{""value"": ""NO"", ""label"": ""No""}, {""value"": ""YES"", ""label"": ""Yes""}]","{""element"": ""select"", ""label"": ""Donor"", ""name"": ""DONOR"", ""options"": [{""label"": ""No"", ""value"": ""NO""}, {""label"": ""Yes"", ""value"": ""YES""}], ""pattern"": null, ""placeholder"": null, ""required"": false, ""tooltip"": null, ""value"": null}"
VA,Virginia,Rev. 12/10/2008 (0300),DOB,1,DOB,Birth date,input,True,01151970,((((0[13578]|1[02])(0[1-9]|[12][0-9]|3[01]))|((0[469]|11)(0[1-9]|[12][0-9]|30))|(02)(0[1-9]|[1][0-9]|2[0-8]))([0-9]{3}[1-9]|[0-9]{2}[1-9][0-9]{1}|[0-9]{1}[1-9][0-9]{2}|[1-9][0-9]{3}))|(0229(([0-9]{2})(0[48]|[2468][048]|[13579][26])|((0[48]|[2468][048]|[3579][26])00))),8,8,,You need input the date in MMDDYYYY format,[],"{""element"": ""input"", ""label"": ""Birth date"", ""maxlength"": 8, ""minlength"": 8, ""name"": ""DOB"", ""pattern"": ""((((0[13578]|1[02])(0[1-9]|[12][0-9]|3[01]))|((0[469]|11)(0[1-9]|[12][0-9]|30))|(02)(0[1-9]|[1][0-9]|2[0-8]))([0-9]{3}[1-9]|[0-9]{2}[1-9][0-9]{1}|[0-9]{1}[1-9][0-9]{2}|[1-9][0-9]{3}))|(0229(([0-9]{2})(0[48]|[2468][048]|[13579][26])|((0[48]|[2468][048]|[3579][26])00)))"", ""placeholder"": ""01151970"", ""required"": true, ""tooltip"": ""You need input the date in MMDDYYYY format"", ""value"": """"}"
VA,Virginia,Rev. 12/10/2008 (0300),DOI,1,DOI,Issue date,input,True,08262020,((((0[13578]|1[02])(0[1-9]|[12][0-9]|3[01]))|((0[469]|11)(0[1-9]|[12][0-9]|30))|(02)(0[1-9]|[1][0-9]|2[0-8]))([0-9]{3}[1-9]|[0-9]{2}[1-9][0-9]{1}|[0-9]{1}[1-9][0-9]{2}|[1-9][0-9]{3}))|(0229(([0-9]{2})(0[48]|[2468][048]|[13579][26])|((0[48]|[2468][048]|[3579][26])00))),8,8,,You need input the date in MMDDYYYY format,[],"{""element"": ""input"", ""label"": ""Issue date"", ""maxlength"": 8, ""minlength"": 8, ""name"": ""DOI"", ""pattern"": ""((((0[13578]|1[02])(0[1-9]|[12][0-9]|3[01]))|((0[469]|11)(0[1-9]|[12][0-9]|30))|(02)(0[1-9]|[1][0-9]|2[0-8]))([0-9]{3}[1-9]|[0-9]{2}[1-9][0-9]{1}|[0-9]{1}[1-9][0-9]{2}|[1-9][0-9]{3}))|(0229(([0-9]{2})(0[48]|[2468][048]|[13579][26])|((0[48]|[2468][048]|[3579][26])00)))"", ""placeholder"": ""08262020"", ""required"": true, ""tooltip"": ""You need input the date in MMDDYYYY format"", ""value"": """"}"
VA,Virginia,Rev. 12/10/2008 (0300),DOE,1,DOE,Expiry date,input,True,01152028,((((0[13578]|1[02])(0[1-9]|[12][0-9]|3[01]))|((0[469]|11)(0[1-9]|[12][0-9]|30))|(02)(0[1-9]|[1][0-9]|2[0-8]))([0-9]{3}[1-9]|[0-9]{2}[1-9][0-9]{1}|[0-9]{1}[1-9][0-9]{2}|[1-9][0-9]{3}))|(0229(([0-9]{2})(0[48]|[2468][048]|[13579][26])|((0[48]|[2468][048]|[3579][26])00))),8,8,,Same month and day as in birth date. 8 years after the year of issue,[],"{""element"": ""input"", ""label"": ""Expiry date"", ""maxlength"": 8, ""minlength"": 8, ""name"": ""DOE"", ""pattern"": ""((((0[13578]|1[02])(0[1-9]|[12][0-9]|3[01]))|((0[469]|11)(0[1-9]|[12][0-9]|30))|(02)(0[1-9]|[1][0-9]|2[0-8]))([0-9]{3}[1-9]|[0-9]{2}[1-9][0-9]{1}|[0-9]{1}[1-9][0-9]{2}|[1-9][0-9]{3}))|(0229(([0-9]{2})(0[48]|[2468][048]|[13579][26])|((0[48]|[2468][048]|[3579][26])00)))"", ""placeholder"": ""01152028"", ""required"": true, ""tooltip"": ""Same month and day as in birth date. 8 years after the year of issue"", ""value"": """"}"
VA,Virginia,Rev. 12/10/2008 (0300),ICN,1,ICN,ICN,input,True,0060101096491223,00601[0-9]{11},16,16,,'00601' + 11 digits. You can click on the calculator icon to calculate ICN <b>automatically!</b>,[],"{""element"": ""input"", ""label"": ""ICN"", ""maxlength"": 16, ""minlength"": 16, ""name"": ""ICN"", ""pattern"": ""00601[0-9]{11}"", ""placeholder"": ""0060101096491223"", ""required"": true, ""tooltip"": ""'00601' + 11 digits. You can click on the calculator icon to calculate ICN <b>automatically!</b>"", ""value"": null}"
VA,Virginia,Rev. 12/10/2008 (0300),DD,1,DD,DD,input,True,099750996,0[0-9]{8},9,9,,'0' + 8 digits. You can click on the calculator icon to calculate DD <b>automatically!</b>,[],"{""element"": ""input"", ""label"": ""DD"", ""maxlength"": 9, ""minlength"": 9, ""name"": ""DD"", ""pattern"": ""0[0-9]{8}"", ""placeholder"": ""099750996"", ""required"": true, ""tooltip"": ""'0' + 8 digits. You can click on the calculator icon to calculate DD <b>automatically!</b>"", ""value"": null}"
VA,Virginia,Rev. 12/10/2008 (0300),RESTRICTIONS,1,RESTRICTIONS,Restrictions,input,True,NONE,,,,NONE,,[],"{""element"": ""input"", ""label"": ""Restrictions"", ""name"": ""RESTRICTIONS"", ""pattern"": null, ""placeholder"": ""NONE"", ""required"": true, ""tooltip"": null, ""value"": ""NONE""}"
VA,Virginia,Rev. 12/10/2008 (0300),ENDORSEMENT,1,ENDORSEMENT,Endorsement,input,True,NONE,,,,NONE,,[],"{""element"": ""input"", ""label"": ""Endorsement"", ""name"": ""ENDORSEMENT"", ""pattern"": null, ""placeholder"": ""NONE"", ""required"": true, ""tooltip"": null, ""value"": ""NONE""}"
VA,Virginia,Rev. 12/10/2008 (0300),HEIGHT,1,HEIGHT,Height (in.),input,True,69,,,2,69,,[],"{""element"": ""input"", ""label"": ""Height (in.)"", ""maxlength"": 2, ""name"": ""HEIGHT"", ""pattern"": null, ""placeholder"": ""69"", ""required"": true, ""tooltip"": null, ""value"": ""69""}"
VA,Virginia,Rev. 12/10/2008 (0300),WEIGHT,1,WEIGHT,Weight (lb.),input,True,169,,,3,169,,[],"{""element"": ""input"", ""label"": ""Weight (lb.)"", ""maxlength"": 3, ""name"": ""WEIGHT"", ""pattern"": null, ""placeholder"": ""169"", ""required"": true, ""tooltip"": null, ""value"": ""169""}"
VA,Virginia,Rev. 12/10/2008 (0300),EYE,1,EYE,Eye (ANSI D-20),select,True,,,,,,,"[{""value"": """", ""label"": ""== Select ==""}, {""value"": ""BLK"", ""label"": ""BLK (Black)""}, {""value"": ""BLU"", ""label"": ""BLU (Blue)""}, {""value"": ""BRO"", ""label"": ""BRO (Brown)""}, {""value"": ""GRY"", ""label"": ""GRY (Gray)""}, {""value"": ""GRN"", ""label"": ""GRN (Green)""}, {""value"": ""HAZ"", ""label"": ""HAZ (Hazel)""}, {""value"": ""MAR"", ""label"": ""MAR (Maroon)""}, {""value"": ""PNK"", ""label"": ""PNK (Pink)""}, {""value"": ""DIC"", ""label"": ""DIC (Dichromatic)""}, {""value"": ""UNK"", ""label"": ""UNK (Unknown)""}]","{""element"": ""select"", ""label"": ""Eye (ANSI D-20)"", ""name"": ""EYE"", ""options"": [{""label"": ""== Select =="", ""value"": """"}, {""label"": ""BLK (Black)"", ""value"": ""BLK""}, {""label"": ""BLU (Blue)"", ""value"": ""BLU""}, {""label"": ""BRO (Brown)"", ""value"": ""BRO""}, {""label"": ""GRY (Gray)"", ""value"": ""GRY""}, {""label"": ""GRN (Green)"", ""value"": ""GRN""}, {""label"": ""HAZ (Hazel)"", ""value"": ""HAZ""}, {""label"": ""MAR (Maroon)"", ""value"": ""MAR""}, {""label"": ""PNK (Pink)"", ""value"": ""PNK""}, {""label"": ""DIC (Dichromatic)"", ""value"": ""DIC""}, {""label"": ""UNK (Unknown)"", ""value"": ""UNK""}], ""pattern"": null, ""placeholder"": null, ""required"": true, ""tooltip"": null, ""value"": null}"
VA,Virginia,Rev. 12/10/2008 (0300),HAIR,1,HAIR,Hair (ANSI D-20),select,True,,,,,,,"[{""value"": """", ""label"": ""== Select ==""}, {""value"": ""BLK"", ""label"": ""BLK (Black)""}, {""value"": ""BLN"", ""label"": ""BLN (Blond)""}, {""value"": ""BRO"", ""label"": ""BRO (Brown)""}, {""value"": ""GRY"", ""label"": ""GRY (Grey)""}, {""value"": ""RED"", ""label"": ""RED (Red/Auburn)""}, {""value"": ""SDY"", ""label"": ""SDY (Sandy)""}, {""value"": ""WHI"", ""label"": ""WHI (White)""}, {""value"": ""UNK"", ""label"": ""UNK (Unknown)""}, {""value"": ""BAL"", ""label"": ""BAL (Bald)""}]","{""element"": ""select"", ""label"": ""Hair (ANSI D-20)"", ""name"": ""HAIR"", ""options"": [{""label"": ""== Select =="", ""value"": """"}, {""label"": ""BLK (Black)"", ""value"": ""BLK""}, {""label"": ""BLN (Blond)"", ""value"": ""BLN""}, {""label"": ""BRO (Brown)"", ""value"": ""BRO""}, {""label"": ""GRY (Grey)"", ""value"": ""GRY""}, {""label"": ""RED (Red/Auburn)"", ""value"": ""RED""}, {""label"": ""SDY (Sandy)"", ""value"": ""SDY""}, {""label"": ""WHI (White)"", ""value"": ""WHI""}, {""label"": ""UNK (Unknown)"", ""value"": ""UNK""}, {""label"": ""BAL (Bald)"", ""value"": ""BAL""}], ""pattern"": null, ""placeholder"": null, ""required"": true, ""tooltip"": null, ""value"": null}"
WA,Washington,Rev. 11/12/2019 (0900),NUMBER,1,NUMBER,DL Number,input,True,WDL0257B93TB,WDL[a-zA-Z0-9]{8}B,12,12,,WDL + 8 random digits and letters + B. You can click on the calculator icon to calculate number <b>automatically!</b>,[],"{""element"": ""input"", ""label"": ""DL Number"", ""maxlength"": 12, ""minlength"": 12, ""name"": ""NUMBER"", ""pattern"": ""WDL[a-zA-Z0-9]{8}B"", ""placeholder"": ""WDL0257B93TB"", ""required"": true, ""tooltip"": ""WDL + 8 random digits and letters + B. You can click on the calculator icon to calculate number <b>automatically!</b>"", ""value"": """"}"
WA,Washington,Rev. 11/12/2019 (0900),FIRSTNAME,1,FIRSTNAME,First name,input,True,John,[a-zA-Z\s]+,,,,,[],"{""element"": ""input"", ""label"": ""First name"", ""name"": ""FIRSTNAME"", ""pattern"": ""[a-zA-Z\\s]+"", ""placeholder"": ""John"", ""required"": true, ""tooltip"": null, ""value"": """"}"
WA,Washington,Rev. 11/12/2019 (0900),LASTNAME,1,LASTNAME,Last name,input,True,Doe,[a-zA-Z\s]+,,,,,[],"{""element"": ""input"", ""label"": ""Last name"", ""name"": ""LASTNAME"", ""pattern"": ""[a-zA-Z\\s]+"", ""placeholder"": ""Doe"", ""required"": true, ""tooltip"": null, ""value"": """"}"
WA,Washington,Rev. 11/12/2019 (0900),MIDDLENAME,1,MIDDLENAME,Middle name,input,False,,,,,,This field is optional. You can click on the calculator icon to generate random name. Select gender in the field below to specify name gender.,[],"{""element"": ""input"", ""label"": ""Middle name"", ""name"": ""MIDDLENAME"", ""pattern"": null, ""placeholder"": """", ""required"": false, ""tooltip"": ""This field is optional. You can click on the calculator icon to generate random name. Select gender in the field below to specify name gender."", ""value"": """"}"
WA,Washington,Rev. 11/12/2019 (0900),ADDRESS,1,ADDRESS,Address,input,True,29810 224th Ave SE,,,,29810 224th Ave SE,,[],"{""element"": ""input"", ""label"": ""Address"", ""name"": ""ADDRESS"", ""pattern"": null, ""placeholder"": ""29810 224th Ave SE"", ""required"": true, ""tooltip"": null, ""value"": ""29810 224th Ave SE""}"
WA,Washington,Rev. 11/12/2019 (0900),CITY,1,CITY,City,input,True,Kent,,,,Kent,,[],"{""element"": ""input"", ""label"": ""City"", ""name"": ""CITY"", ""pattern"": null, ""placeholder"": ""Kent"", ""required"": true, ""tooltip"": null, ""value"": ""Kent""}"
WA,Washington,Rev. 11/12/2019 (0900),ZIP,1,ZIP,Zip code,input,True,980106509,[0-9]+,9,9,980106509,,[],"{""element"": ""input"", ""label"": ""Zip code"", ""maxlength"": 9, ""minlength"": 9, ""name"": ""ZIP"", ""pattern"": ""[0-9]+"", ""placeholder"": ""980106509"", ""required"": true, ""tooltip"": null, ""value"": ""980106509""}"
WA,Washington,Rev. 11/12/2019 (0900),CLASS,1,CLASS,DL Class,input,True,NONE,[A-Z1-9]+,1,4,NONE,,[],"{""element"": ""input"", ""label"": ""DL Class"", ""maxlength"": 4, ""minlength"": 1, ""name"": ""CLASS"", ""pattern"": ""[A-Z1-9]+"", ""placeholder"": ""NONE"", ""required"": true, ""tooltip"": null, ""value"": ""NONE""}"
WA,Washington,Rev. 11/12/2019 (0900),SEX,1,SEX,Sex,select,False,,,,,,,"[{""value"": ""M"", ""label"": ""M""}, {""value"": ""F"", ""label"": ""F""}]","{""element"": ""select"", ""label"": ""Sex"", ""name"": ""SEX"", ""options"": [{""label"": ""M"", ""value"": ""M""}, {""label"": ""F"", ""value"": ""F""}], ""pattern"": null, ""placeholder"": null, ""required"": false, ""tooltip"": null, ""value"": null}"
WA,Washington,Rev. 11/12/2019 (0900),DONOR,1,DONOR,Donor,select,False,,,,,,,"[{""value"": ""NO"", ""label"": ""No""}, {""value"": ""YES"", ""label"": ""Yes""}]","{""element"": ""select"", ""label"": ""Donor"", ""name"": ""DONOR"", ""options"": [{""label"": ""No"", ""value"": ""NO""}, {""label"": ""Yes"", ""value"": ""YES""}], ""pattern"": null, ""placeholder"": null, ""required"": false, ""tooltip"": null, ""value"": null}"
WA,Washington,Rev. 11/12/2019 (0900),DOB,1,DOB,Birth date,input,True,01151970,((((0[13578]|1[02])(0[1-9]|[12][0-9]|3[01]))|((0[469]|11)(0[1-9]|[12][0-9]|30))|(02)(0[1-9]|[1][0-9]|2[0-8]))([0-9]{3}[1-9]|[0-9]{2}[1-9][0-9]{1}|[0-9]{1}[1-9][0-9]{2}|[1-9][0-9]{3}))|(0229(([0-9]{2})(0[48]|[2468][048]|[13579][26])|((0[48]|[2468][048]|[3579][26])00))),8,8,,You need input the date in MMDDYYYY format,[],"{""element"": ""input"", ""label"": ""Birth date"", ""maxlength"": 8, ""minlength"": 8, ""name"": ""DOB"", ""pattern"": ""((((0[13578]|1[02])(0[1-9]|[12][0-9]|3[01]))|((0[469]|11)(0[1-9]|[12][0-9]|30))|(02)(0[1-9]|[1][0-9]|2[0-8]))([0-9]{3}[1-9]|[0-9]{2}[1-9][0-9]{1}|[0-9]{1}[1-9][0-9]{2}|[1-9][0-9]{3}))|(0229(([0-9]{2})(0[48]|[2468][048]|[13579][26])|((0[48]|[2468][048]|[3579][26])00)))"", ""placeholder"": ""01151970"", ""required"": true, ""tooltip"": ""You need input the date in MMDDYYYY format"", ""value"": """"}"
WA,Washington,Rev. 11/12/2019 (0900),DOI,1,DOI,Issue date,input,True,08262020,((((0[13578]|1[02])(0[1-9]|[12][0-9]|3[01]))|((0[469]|11)(0[1-9]|[12][0-9]|30))|(02)(0[1-9]|[1][0-9]|2[0-8]))([0-9]{3}[1-9]|[0-9]{2}[1-9][0-9]{1}|[0-9]{1}[1-9][0-9]{2}|[1-9][0-9]{3}))|(0229(([0-9]{2})(0[48]|[2468][048]|[13579][26])|((0[48]|[2468][048]|[3579][26])00))),8,8,,You need input the date in MMDDYYYY format,[],"{""element"": ""input"", ""label"": ""Issue date"", ""maxlength"": 8, ""minlength"": 8, ""name"": ""DOI"", ""pattern"": ""((((0[13578]|1[02])(0[1-9]|[12][0-9]|3[01]))|((0[469]|11)(0[1-9]|[12][0-9]|30))|(02)(0[1-9]|[1][0-9]|2[0-8]))([0-9]{3}[1-9]|[0-9]{2}[1-9][0-9]{1}|[0-9]{1}[1-9][0-9]{2}|[1-9][0-9]{3}))|(0229(([0-9]{2})(0[48]|[2468][048]|[13579][26])|((0[48]|[2468][048]|[3579][26])00)))"", ""placeholder"": ""08262020"", ""required"": true, ""tooltip"": ""You need input the date in MMDDYYYY format"", ""value"": """"}"
WA,Washington,Rev. 11/12/2019 (0900),DOE,1,DOE,Expiry date,input,True,01152026,((((0[13578]|1[02])(0[1-9]|[12][0-9]|3[01]))|((0[469]|11)(0[1-9]|[12][0-9]|30))|(02)(0[1-9]|[1][0-9]|2[0-8]))([0-9]{3}[1-9]|[0-9]{2}[1-9][0-9]{1}|[0-9]{1}[1-9][0-9]{2}|[1-9][0-9]{3}))|(0229(([0-9]{2})(0[48]|[2468][048]|[13579][26])|((0[48]|[2468][048]|[3579][26])00))),8,8,,Same month and day as in birth date. 6 years after the year of issue,[],"{""element"": ""input"", ""label"": ""Expiry date"", ""maxlength"": 8, ""minlength"": 8, ""name"": ""DOE"", ""pattern"": ""((((0[13578]|1[02])(0[1-9]|[12][0-9]|3[01]))|((0[469]|11)(0[1-9]|[12][0-9]|30))|(02)(0[1-9]|[1][0-9]|2[0-8]))([0-9]{3}[1-9]|[0-9]{2}[1-9][0-9]{1}|[0-9]{1}[1-9][0-9]{2}|[1-9][0-9]{3}))|(0229(([0-9]{2})(0[48]|[2468][048]|[13579][26])|((0[48]|[2468][048]|[3579][26])00)))"", ""placeholder"": ""01152026"", ""required"": true, ""tooltip"": ""Same month and day as in birth date. 6 years after the year of issue"", ""value"": """"}"
WA,Washington,Rev. 11/12/2019 (0900),AUDIT,1,AUDIT,Audit info,input,True,R082620981133,[a-zA-Z][0-9]{12},13,13,,random letter + Date of issue (MMDDYY) + 6 random digits. You can click on the calculator icon to calculate data <b>automatically!</b>,[],"{""element"": ""input"", ""label"": ""Audit info"", ""maxlength"": 13, ""minlength"": 13, ""name"": ""AUDIT"", ""pattern"": ""[a-zA-Z][0-9]{12}"", ""placeholder"": ""R082620981133"", ""required"": true, ""tooltip"": ""random letter + Date of issue (MMDDYY) + 6 random digits. You can click on the calculator icon to calculate data <b>automatically!</b>"", ""value"": null}"
WA,Washington,Rev. 11/12/2019 (0900),DD,1,DD,DD,input,True,WDL0257B93TBR082620981133,WDL[a-zA-Z0-9]{8}B[a-zA-Z][0-9]{12},25,25,,Document number + audit information <br> You can click on the calculator icon to calculate DD <b>automatically!</b>,[],"{""element"": ""input"", ""label"": ""DD"", ""maxlength"": 25, ""minlength"": 25, ""name"": ""DD"", ""pattern"": ""WDL[a-zA-Z0-9]{8}B[a-zA-Z][0-9]{12}"", ""placeholder"": ""WDL0257B93TBR082620981133"", ""required"": true, ""tooltip"": ""Document number + audit information <br> You can click on the calculator icon to calculate DD <b>automatically!</b>"", ""value"": null}"
WA,Washington,Rev. 11/12/2019 (0900),RESTRICTIONS,1,RESTRICTIONS,Restrictions,input,True,NONE,,,,NONE,,[],"{""element"": ""input"", ""label"": ""Restrictions"", ""name"": ""RESTRICTIONS"", ""pattern"": null, ""placeholder"": ""NONE"", ""required"": true, ""tooltip"": null, ""value"": ""NONE""}"
WA,Washington,Rev. 11/12/2019 (0900),ENDORSEMENT,1,ENDORSEMENT,Endorsement,input,True,NONE,,,,NONE,,[],"{""element"": ""input"", ""label"": ""Endorsement"", ""name"": ""ENDORSEMENT"", ""pattern"": null, ""placeholder"": ""NONE"", ""required"": true, ""tooltip"": null, ""value"": ""NONE""}"
WA,Washington,Rev. 11/12/2019 (0900),HEIGHT,1,HEIGHT,Height (in.),input,True,69,,,2,69,,[],"{""element"": ""input"", ""label"": ""Height (in.)"", ""maxlength"": 2, ""name"": ""HEIGHT"", ""pattern"": null, ""placeholder"": ""69"", ""required"": true, ""tooltip"": null, ""value"": ""69""}"
WA,Washington,Rev. 11/12/2019 (0900),WEIGHT,1,WEIGHT,Weight (lb.),input,True,169,,,3,169,,[],"{""element"": ""input"", ""label"": ""Weight (lb.)"", ""maxlength"": 3, ""name"": ""WEIGHT"", ""pattern"": null, ""placeholder"": ""169"", ""required"": true, ""tooltip"": null, ""value"": ""169""}"
WA,Washington,Rev. 11/12/2019 (0900),EYE,1,EYE,Eye (ANSI D-20),select,True,,,,,,,"[{""value"": """", ""label"": ""== Select ==""}, {""value"": ""BLK"", ""label"": ""BLK (Black)""}, {""value"": ""BLU"", ""label"": ""BLU (Blue)""}, {""value"": ""BRO"", ""label"": ""BRO (Brown)""}, {""value"": ""GRY"", ""label"": ""GRY (Gray)""}, {""value"": ""GRN"", ""label"": ""GRN (Green)""}, {""value"": ""HAZ"", ""label"": ""HAZ (Hazel)""}, {""value"": ""MAR"", ""label"": ""MAR (Maroon)""}, {""value"": ""PNK"", ""label"": ""PNK (Pink)""}, {""value"": ""DIC"", ""label"": ""DIC (Dichromatic)""}, {""value"": ""UNK"", ""label"": ""UNK (Unknown)""}]","{""element"": ""select"", ""label"": ""Eye (ANSI D-20)"", ""name"": ""EYE"", ""options"": [{""label"": ""== Select =="", ""value"": """"}, {""label"": ""BLK (Black)"", ""value"": ""BLK""}, {""label"": ""BLU (Blue)"", ""value"": ""BLU""}, {""label"": ""BRO (Brown)"", ""value"": ""BRO""}, {""label"": ""GRY (Gray)"", ""value"": ""GRY""}, {""label"": ""GRN (Green)"", ""value"": ""GRN""}, {""label"": ""HAZ (Hazel)"", ""value"": ""HAZ""}, {""label"": ""MAR (Maroon)"", ""value"": ""MAR""}, {""label"": ""PNK (Pink)"", ""value"": ""PNK""}, {""label"": ""DIC (Dichromatic)"", ""value"": ""DIC""}, {""label"": ""UNK (Unknown)"", ""value"": ""UNK""}], ""pattern"": null, ""placeholder"": null, ""required"": true, ""tooltip"": null, ""value"": null}"
WA_2025,Washington,Rev. 02/18/2025 (0901),NUMBER,1,NUMBER,DL Number,input,True,WDL5NHA2R3KB,WDL[a-zA-Z0-9]{8}B,12,12,,WDL + 8 random digits and letters + B. You can click on the calculator icon to calculate number <b>automatically!</b>,[],"{""element"": ""input"", ""label"": ""DL Number"", ""maxlength"": 12, ""minlength"": 12, ""name"": ""NUMBER"", ""pattern"": ""WDL[a-zA-Z0-9]{8}B"", ""placeholder"": ""WDL5NHA2R3KB"", ""required"": true, ""tooltip"": ""WDL + 8 random digits and letters + B. You can click on the calculator icon to calculate number <b>automatically!</b>"", ""value"": """"}"
WA_2025,Washington,Rev. 02/18/2025 (0901),FIRSTNAME,1,FIRSTNAME,First name,input,True,John,[a-zA-Z\s]+,,,,,[],"{""element"": ""input"", ""label"": ""First name"", ""name"": ""FIRSTNAME"", ""pattern"": ""[a-zA-Z\\s]+"", ""placeholder"": ""John"", ""required"": true, ""tooltip"": null, ""value"": """"}"
WA_2025,Washington,Rev. 02/18/2025 (0901),LASTNAME,1,LASTNAME,Last name,input,True,Doe,[a-zA-Z\s]+,,,,,[],"{""element"": ""input"", ""label"": ""Last name"", ""name"": ""LASTNAME"", ""pattern"": ""[a-zA-Z\\s]+"", ""placeholder"": ""Doe"", ""required"": true, ""tooltip"": null, ""value"": """"}"
WA_2025,Washington,Rev. 02/18/2025 (0901),MIDDLENAME,1,MIDDLENAME,Middle name,input,False,,,,,,This field is optional. You can click on the calculator icon to generate random name. Select gender in the field below to specify name gender.,[],"{""element"": ""input"", ""label"": ""Middle name"", ""name"": ""MIDDLENAME"", ""pattern"": null, ""placeholder"": """", ""required"": false, ""tooltip"": ""This field is optional. You can click on the calculator icon to generate random name. Select gender in the field below to specify name gender."", ""value"": """"}"
WA_2025,Washington,Rev. 02/18/2025 (0901),ADDRESS,1,ADDRESS,Address,input,True,29810 224th Ave SE,,,,29810 224th Ave SE,,[],"{""element"": ""input"", ""label"": ""Address"", ""name"": ""ADDRESS"", ""pattern"": null, ""placeholder"": ""29810 224th Ave SE"", ""required"": true, ""tooltip"": null, ""value"": ""29810 224th Ave SE""}"
WA_2025,Washington,Rev. 02/18/2025 (0901),CITY,1,CITY,City,input,True,Kent,,,,Kent,,[],"{""element"": ""input"", ""label"": ""City"", ""name"": ""CITY"", ""pattern"": null, ""placeholder"": ""Kent"", ""required"": true, ""tooltip"": null, ""value"": ""Kent""}"
WA_2025,Washington,Rev. 02/18/2025 (0901),ZIP,1,ZIP,Zip code,input,True,980106509,[0-9]+,9,9,980106509,,[],"{""element"": ""input"", ""label"": ""Zip code"", ""maxlength"": 9, ""minlength"": 9, ""name"": ""ZIP"", ""pattern"": ""[0-9]+"", ""placeholder"": ""980106509"", ""required"": true, ""tooltip"": null, ""value"": ""980106509""}"
WA_2025,Washington,Rev. 02/18/2025 (0901),CLASS,1,CLASS,DL Class,input,True,NONE,[A-Z1-9]+,1,4,NONE,,[],"{""element"": ""input"", ""label"": ""DL Class"", ""maxlength"": 4, ""minlength"": 1, ""name"": ""CLASS"", ""pattern"": ""[A-Z1-9]+"", ""placeholder"": ""NONE"", ""required"": true, ""tooltip"": null, ""value"": ""NONE""}"
WA_2025,Washington,Rev. 02/18/2025 (0901),SEX,1,SEX,Sex,select,False,,,,,,,"[{""value"": ""M"", ""label"": ""M""}, {""value"": ""F"", ""label"": ""F""}]","{""element"": ""select"", ""label"": ""Sex"", ""name"": ""SEX"", ""options"": [{""label"": ""M"", ""value"": ""M""}, {""label"": ""F"", ""value"": ""F""}], ""pattern"": null, ""placeholder"": null, ""required"": false, ""tooltip"": null, ""value"": null}"
WA_2025,Washington,Rev. 02/18/2025 (0901),DONOR,1,DONOR,Donor,select,False,,,,,,,"[{""value"": ""NO"", ""label"": ""No""}, {""value"": ""YES"", ""label"": ""Yes""}]","{""element"": ""select"", ""label"": ""Donor"", ""name"": ""DONOR"", ""options"": [{""label"": ""No"", ""value"": ""NO""}, {""label"": ""Yes"", ""value"": ""YES""}], ""pattern"": null, ""placeholder"": null, ""required"": false, ""tooltip"": null, ""value"": null}"
WA_2025,Washington,Rev. 02/18/2025 (0901),DOB,1,DOB,Birth date,input,True,01151970,((((0[13578]|1[02])(0[1-9]|[12][0-9]|3[01]))|((0[469]|11)(0[1-9]|[12][0-9]|30))|(02)(0[1-9]|[1][0-9]|2[0-8]))([0-9]{3}[1-9]|[0-9]{2}[1-9][0-9]{1}|[0-9]{1}[1-9][0-9]{2}|[1-9][0-9]{3}))|(0229(([0-9]{2})(0[48]|[2468][048]|[13579][26])|((0[48]|[2468][048]|[3579][26])00))),8,8,,You need input the date in MMDDYYYY format,[],"{""element"": ""input"", ""label"": ""Birth date"", ""maxlength"": 8, ""minlength"": 8, ""name"": ""DOB"", ""pattern"": ""((((0[13578]|1[02])(0[1-9]|[12][0-9]|3[01]))|((0[469]|11)(0[1-9]|[12][0-9]|30))|(02)(0[1-9]|[1][0-9]|2[0-8]))([0-9]{3}[1-9]|[0-9]{2}[1-9][0-9]{1}|[0-9]{1}[1-9][0-9]{2}|[1-9][0-9]{3}))|(0229(([0-9]{2})(0[48]|[2468][048]|[13579][26])|((0[48]|[2468][048]|[3579][26])00)))"", ""placeholder"": ""01151970"", ""required"": true, ""tooltip"": ""You need input the date in MMDDYYYY format"", ""value"": """"}"
WA_2025,Washington,Rev. 02/18/2025 (0901),DOI,1,DOI,Issue date,input,True,08262025,((((0[13578]|1[02])(0[1-9]|[12][0-9]|3[01]))|((0[469]|11)(0[1-9]|[12][0-9]|30))|(02)(0[1-9]|[1][0-9]|2[0-8]))([0-9]{3}[1-9]|[0-9]{2}[1-9][0-9]{1}|[0-9]{1}[1-9][0-9]{2}|[1-9][0-9]{3}))|(0229(([0-9]{2})(0[48]|[2468][048]|[13579][26])|((0[48]|[2468][048]|[3579][26])00))),8,8,,You need input the date in MMDDYYYY format,[],"{""element"": ""input"", ""label"": ""Issue date"", ""maxlength"": 8, ""minlength"": 8, ""name"": ""DOI"", ""pattern"": ""((((0[13578]|1[02])(0[1-9]|[12][0-9]|3[01]))|((0[469]|11)(0[1-9]|[12][0-9]|30))|(02)(0[1-9]|[1][0-9]|2[0-8]))([0-9]{3}[1-9]|[0-9]{2}[1-9][0-9]{1}|[0-9]{1}[1-9][0-9]{2}|[1-9][0-9]{3}))|(0229(([0-9]{2})(0[48]|[2468][048]|[13579][26])|((0[48]|[2468][048]|[3579][26])00)))"", ""placeholder"": ""08262025"", ""required"": true, ""tooltip"": ""You need input the date in MMDDYYYY format"", ""value"": """"}"
WA_2025,Washington,Rev. 02/18/2025 (0901),DOE,1,DOE,Expiry date,input,True,01152030,((((0[13578]|1[02])(0[1-9]|[12][0-9]|3[01]))|((0[469]|11)(0[1-9]|[12][0-9]|30))|(02)(0[1-9]|[1][0-9]|2[0-8]))([0-9]{3}[1-9]|[0-9]{2}[1-9][0-9]{1}|[0-9]{1}[1-9][0-9]{2}|[1-9][0-9]{3}))|(0229(([0-9]{2})(0[48]|[2468][048]|[13579][26])|((0[48]|[2468][048]|[3579][26])00))),8,8,,Same month and day as in birth date. 5 years after the year of issue,[],"{""element"": ""input"", ""label"": ""Expiry date"", ""maxlength"": 8, ""minlength"": 8, ""name"": ""DOE"", ""pattern"": ""((((0[13578]|1[02])(0[1-9]|[12][0-9]|3[01]))|((0[469]|11)(0[1-9]|[12][0-9]|30))|(02)(0[1-9]|[1][0-9]|2[0-8]))([0-9]{3}[1-9]|[0-9]{2}[1-9][0-9]{1}|[0-9]{1}[1-9][0-9]{2}|[1-9][0-9]{3}))|(0229(([0-9]{2})(0[48]|[2468][048]|[13579][26])|((0[48]|[2468][048]|[3579][26])00)))"", ""placeholder"": ""01152030"", ""required"": true, ""tooltip"": ""Same month and day as in birth date. 5 years after the year of issue"", ""value"": """"}"
WA_2025,Washington,Rev. 02/18/2025 (0901),AUDIT,1,AUDIT,Audit info,input,True,P082625148509,[a-zA-Z][0-9]{12},13,13,,'P'+ Date of issue (MMDDYY) + 6 random digits. You can click on the calculator icon to calculate data <b>automatically!</b>,[],"{""element"": ""input"", ""label"": ""Audit info"", ""maxlength"": 13, ""minlength"": 13, ""name"": ""AUDIT"", ""pattern"": ""[a-zA-Z][0-9]{12}"", ""placeholder"": ""P082625148509"", ""required"": true, ""tooltip"": ""'P'+ Date of issue (MMDDYY) + 6 random digits. You can click on the calculator icon to calculate data <b>automatically!</b>"", ""value"": null}"
WA_2025,Washington,Rev. 02/18/2025 (0901),DD,1,DD,DD,input,True,WDL5NHA2R3KBP082625148509,WDL[a-zA-Z0-9]{8}B[a-zA-Z][0-9]{12},25,25,,Document number + audit information <br> You can click on the calculator icon to calculate DD <b>automatically!</b>,[],"{""element"": ""input"", ""label"": ""DD"", ""maxlength"": 25, ""minlength"": 25, ""name"": ""DD"", ""pattern"": ""WDL[a-zA-Z0-9]{8}B[a-zA-Z][0-9]{12}"", ""placeholder"": ""WDL5NHA2R3KBP082625148509"", ""required"": true, ""tooltip"": ""Document number + audit information <br> You can click on the calculator icon to calculate DD <b>automatically!</b>"", ""value"": null}"
WA_2025,Washington,Rev. 02/18/2025 (0901),RESTRICTIONS,1,RESTRICTIONS,Restrictions,input,True,NONE,,,,NONE,,[],"{""element"": ""input"", ""label"": ""Restrictions"", ""name"": ""RESTRICTIONS"", ""pattern"": null, ""placeholder"": ""NONE"", ""required"": true, ""tooltip"": null, ""value"": ""NONE""}"
WA_2025,Washington,Rev. 02/18/2025 (0901),ENDORSEMENT,1,ENDORSEMENT,Endorsement,input,True,NONE,,,,NONE,,[],"{""element"": ""input"", ""label"": ""Endorsement"", ""name"": ""ENDORSEMENT"", ""pattern"": null, ""placeholder"": ""NONE"", ""required"": true, ""tooltip"": null, ""value"": ""NONE""}"
WA_2025,Washington,Rev. 02/18/2025 (0901),HEIGHT,1,HEIGHT,Height (in.),input,True,69,,,2,69,,[],"{""element"": ""input"", ""label"": ""Height (in.)"", ""maxlength"": 2, ""name"": ""HEIGHT"", ""pattern"": null, ""placeholder"": ""69"", ""required"": true, ""tooltip"": null, ""value"": ""69""}"
WA_2025,Washington,Rev. 02/18/2025 (0901),WEIGHT,1,WEIGHT,Weight (lb.),input,True,169,,,3,169,,[],"{""element"": ""input"", ""label"": ""Weight (lb.)"", ""maxlength"": 3, ""name"": ""WEIGHT"", ""pattern"": null, ""placeholder"": ""169"", ""required"": true, ""tooltip"": null, ""value"": ""169""}"
WA_2025,Washington,Rev. 02/18/2025 (0901),EYE,1,EYE,Eye (ANSI D-20),select,True,,,,,,,"[{""value"": """", ""label"": ""== Select ==""}, {""value"": ""BLK"", ""label"": ""BLK (Black)""}, {""value"": ""BLU"", ""label"": ""BLU (Blue)""}, {""value"": ""BRO"", ""label"": ""BRO (Brown)""}, {""value"": ""GRY"", ""label"": ""GRY (Gray)""}, {""value"": ""GRN"", ""label"": ""GRN (Green)""}, {""value"": ""HAZ"", ""label"": ""HAZ (Hazel)""}, {""value"": ""MAR"", ""label"": ""MAR (Maroon)""}, {""value"": ""PNK"", ""label"": ""PNK (Pink)""}, {""value"": ""DIC"", ""label"": ""DIC (Dichromatic)""}, {""value"": ""UNK"", ""label"": ""UNK (Unknown)""}]","{""element"": ""select"", ""label"": ""Eye (ANSI D-20)"", ""name"": ""EYE"", ""options"": [{""label"": ""== Select =="", ""value"": """"}, {""label"": ""BLK (Black)"", ""value"": ""BLK""}, {""label"": ""BLU (Blue)"", ""value"": ""BLU""}, {""label"": ""BRO (Brown)"", ""value"": ""BRO""}, {""label"": ""GRY (Gray)"", ""value"": ""GRY""}, {""label"": ""GRN (Green)"", ""value"": ""GRN""}, {""label"": ""HAZ (Hazel)"", ""value"": ""HAZ""}, {""label"": ""MAR (Maroon)"", ""value"": ""MAR""}, {""label"": ""PNK (Pink)"", ""value"": ""PNK""}, {""label"": ""DIC (Dichromatic)"", ""value"": ""DIC""}, {""label"": ""UNK (Unknown)"", ""value"": ""UNK""}], ""pattern"": null, ""placeholder"": null, ""required"": true, ""tooltip"": null, ""value"": null}"
WA_2025,Washington,Rev. 02/18/2025 (0901),SUFFIX,1,SUFFIX,Name Suffix,select,False,,,,,,"An optional part of a person’s legal name, such as JR, SR, or III, used to distinguish people with the same name. It is included only if it is part of the official name.","[{""value"": ""NONE"", ""label"": ""NONE""}, {""value"": ""JR"", ""label"": ""JR (Junior)""}, {""value"": ""SR"", ""label"": ""SR (Senior)""}, {""value"": ""I"", ""label"": ""1ST or I (First)""}, {""value"": ""II"", ""label"": ""2ND or II (Second)""}, {""value"": ""III"", ""label"": ""3RD or III (Third)""}, {""value"": ""IV"", ""label"": ""4TH or IV (Fourth)""}, {""value"": ""V"", ""label"": ""5TH or V (Fifth)""}, {""value"": ""VI"", ""label"": ""6TH or VI (Sixth)""}]","{""element"": ""select"", ""label"": ""Name Suffix"", ""name"": ""SUFFIX"", ""options"": [{""label"": ""NONE"", ""value"": ""NONE""}, {""label"": ""JR (Junior)"", ""value"": ""JR""}, {""label"": ""SR (Senior)"", ""value"": ""SR""}, {""label"": ""1ST or I (First)"", ""value"": ""I""}, {""label"": ""2ND or II (Second)"", ""value"": ""II""}, {""label"": ""3RD or III (Third)"", ""value"": ""III""}, {""label"": ""4TH or IV (Fourth)"", ""value"": ""IV""}, {""label"": ""5TH or V (Fifth)"", ""value"": ""V""}, {""label"": ""6TH or VI (Sixth)"", ""value"": ""VI""}], ""pattern"": null, ""placeholder"": null, ""required"": false, ""tooltip"": ""An optional part of a person’s legal name, such as JR, SR, or III, used to distinguish people with the same name. It is included only if it is part of the official name."", ""value"": null}"
WA_2025,Washington,Rev. 02/18/2025 (0901),VETERAN,1,VETERAN,Veteran,select,False,,,,,,,"[{""value"": ""NO"", ""label"": ""No""}, {""value"": ""YES"", ""label"": ""Yes""}]","{""element"": ""select"", ""label"": ""Veteran"", ""name"": ""VETERAN"", ""options"": [{""label"": ""No"", ""value"": ""NO""}, {""label"": ""Yes"", ""value"": ""YES""}], ""pattern"": null, ""placeholder"": null, ""required"": false, ""tooltip"": null, ""value"": null}"
DC,"Washington, District of Columbia",,NUMBER,1,NUMBER,DL Number,input,True,,[0-9]{7},7,7,1957275,7 digits. You can click on the calculator icon to calculate number <b>automatically!</b>,[],"{""element"": ""input"", ""label"": ""DL Number"", ""maxlength"": 7, ""minlength"": 7, ""name"": ""NUMBER"", ""pattern"": ""[0-9]{7}"", ""placeholder"": """", ""required"": true, ""tooltip"": ""7 digits. You can click on the calculator icon to calculate number <b>automatically!</b>"", ""value"": ""1957275""}"
DC,"Washington, District of Columbia",,LASTNAME,1,LASTNAME,Last name,input,True,Doe,[a-zA-Z\s]+,,,,,[],"{""element"": ""input"", ""label"": ""Last name"", ""name"": ""LASTNAME"", ""pattern"": ""[a-zA-Z\\s]+"", ""placeholder"": ""Doe"", ""required"": true, ""tooltip"": null, ""value"": """"}"
DC,"Washington, District of Columbia",,FIRSTNAME,1,FIRSTNAME,First name,input,True,John,[a-zA-Z\s]+,,,,,[],"{""element"": ""input"", ""label"": ""First name"", ""name"": ""FIRSTNAME"", ""pattern"": ""[a-zA-Z\\s]+"", ""placeholder"": ""John"", ""required"": true, ""tooltip"": null, ""value"": """"}"
DC,"Washington, District of Columbia",,MIDDLENAME,1,MIDDLENAME,Middle name,input,False,,,,,,This field is optional. You can click on the calculator icon to generate random name. Select gender in the field below to specify name gender.,[],"{""element"": ""input"", ""label"": ""Middle name"", ""name"": ""MIDDLENAME"", ""pattern"": null, ""placeholder"": """", ""required"": false, ""tooltip"": ""This field is optional. You can click on the calculator icon to generate random name. Select gender in the field below to specify name gender."", ""value"": """"}"
DC,"Washington, District of Columbia",,ADDRESS,1,ADDRESS,Address,input,True,1424 Carrollsburg Pl SW,,,,1424 Carrollsburg Pl SW,,[],"{""element"": ""input"", ""label"": ""Address"", ""name"": ""ADDRESS"", ""pattern"": null, ""placeholder"": ""1424 Carrollsburg Pl SW"", ""required"": true, ""tooltip"": null, ""value"": ""1424 Carrollsburg Pl SW""}"
DC,"Washington, District of Columbia",,CITY,1,CITY,City,input,True,Washington,,,,Washington,,[],"{""element"": ""input"", ""label"": ""City"", ""name"": ""CITY"", ""pattern"": null, ""placeholder"": ""Washington"", ""required"": true, ""tooltip"": null, ""value"": ""Washington""}"
DC,"Washington, District of Columbia",,ZIP,1,ZIP,Zip code,input,True,20024-4102,[0-9]{5}-[0-9]{4},10,10,20024-4102,,[],"{""element"": ""input"", ""label"": ""Zip code"", ""maxlength"": 10, ""minlength"": 10, ""name"": ""ZIP"", ""pattern"": ""[0-9]{5}-[0-9]{4}"", ""placeholder"": ""20024-4102"", ""required"": true, ""tooltip"": null, ""value"": ""20024-4102""}"
DC,"Washington, District of Columbia",,CLASS,1,CLASS,DL Class,input,True,D,[A-Z1-9]+,1,4,D,,[],"{""element"": ""input"", ""label"": ""DL Class"", ""maxlength"": 4, ""minlength"": 1, ""name"": ""CLASS"", ""pattern"": ""[A-Z1-9]+"", ""placeholder"": ""D"", ""required"": true, ""tooltip"": null, ""value"": ""D""}"
DC,"Washington, District of Columbia",,SEX,1,SEX,Sex,select,False,,,,,,,"[{""value"": ""M"", ""label"": ""M""}, {""value"": ""F"", ""label"": ""F""}]","{""element"": ""select"", ""label"": ""Sex"", ""name"": ""SEX"", ""options"": [{""label"": ""M"", ""value"": ""M""}, {""label"": ""F"", ""value"": ""F""}], ""pattern"": null, ""placeholder"": null, ""required"": false, ""tooltip"": null, ""value"": null}"
DC,"Washington, District of Columbia",,DONOR,1,DONOR,Donor,select,False,,,,,,,"[{""value"": ""NO"", ""label"": ""No""}, {""value"": ""YES"", ""label"": ""Yes""}]","{""element"": ""select"", ""label"": ""Donor"", ""name"": ""DONOR"", ""options"": [{""label"": ""No"", ""value"": ""NO""}, {""label"": ""Yes"", ""value"": ""YES""}], ""pattern"": null, ""placeholder"": null, ""required"": false, ""tooltip"": null, ""value"": null}"
DC,"Washington, District of Columbia",,DOB,1,DOB,Birth date,input,True,01151970,((((0[13578]|1[02])(0[1-9]|[12][0-9]|3[01]))|((0[469]|11)(0[1-9]|[12][0-9]|30))|(02)(0[1-9]|[1][0-9]|2[0-8]))([0-9]{3}[1-9]|[0-9]{2}[1-9][0-9]{1}|[0-9]{1}[1-9][0-9]{2}|[1-9][0-9]{3}))|(0229(([0-9]{2})(0[48]|[2468][048]|[13579][26])|((0[48]|[2468][048]|[3579][26])00))),8,8,,You need input the date in MMDDYYYY format,[],"{""element"": ""input"", ""label"": ""Birth date"", ""maxlength"": 8, ""minlength"": 8, ""name"": ""DOB"", ""pattern"": ""((((0[13578]|1[02])(0[1-9]|[12][0-9]|3[01]))|((0[469]|11)(0[1-9]|[12][0-9]|30))|(02)(0[1-9]|[1][0-9]|2[0-8]))([0-9]{3}[1-9]|[0-9]{2}[1-9][0-9]{1}|[0-9]{1}[1-9][0-9]{2}|[1-9][0-9]{3}))|(0229(([0-9]{2})(0[48]|[2468][048]|[13579][26])|((0[48]|[2468][048]|[3579][26])00)))"", ""placeholder"": ""01151970"", ""required"": true, ""tooltip"": ""You need input the date in MMDDYYYY format"", ""value"": """"}"
DC,"Washington, District of Columbia",,DOI,1,DOI,Issue date,input,True,08262020,((((0[13578]|1[02])(0[1-9]|[12][0-9]|3[01]))|((0[469]|11)(0[1-9]|[12][0-9]|30))|(02)(0[1-9]|[1][0-9]|2[0-8]))([0-9]{3}[1-9]|[0-9]{2}[1-9][0-9]{1}|[0-9]{1}[1-9][0-9]{2}|[1-9][0-9]{3}))|(0229(([0-9]{2})(0[48]|[2468][048]|[13579][26])|((0[48]|[2468][048]|[3579][26])00))),8,8,,You need input the date in MMDDYYYY format,[],"{""element"": ""input"", ""label"": ""Issue date"", ""maxlength"": 8, ""minlength"": 8, ""name"": ""DOI"", ""pattern"": ""((((0[13578]|1[02])(0[1-9]|[12][0-9]|3[01]))|((0[469]|11)(0[1-9]|[12][0-9]|30))|(02)(0[1-9]|[1][0-9]|2[0-8]))([0-9]{3}[1-9]|[0-9]{2}[1-9][0-9]{1}|[0-9]{1}[1-9][0-9]{2}|[1-9][0-9]{3}))|(0229(([0-9]{2})(0[48]|[2468][048]|[13579][26])|((0[48]|[2468][048]|[3579][26])00)))"", ""placeholder"": ""08262020"", ""required"": true, ""tooltip"": ""You need input the date in MMDDYYYY format"", ""value"": """"}"
DC,"Washington, District of Columbia",,DOE,1,DOE,Expiry date,input,True,01152028,((((0[13578]|1[02])(0[1-9]|[12][0-9]|3[01]))|((0[469]|11)(0[1-9]|[12][0-9]|30))|(02)(0[1-9]|[1][0-9]|2[0-8]))([0-9]{3}[1-9]|[0-9]{2}[1-9][0-9]{1}|[0-9]{1}[1-9][0-9]{2}|[1-9][0-9]{3}))|(0229(([0-9]{2})(0[48]|[2468][048]|[13579][26])|((0[48]|[2468][048]|[3579][26])00))),8,8,,Same month and day as in birth date. 8 years after the year of issue,[],"{""element"": ""input"", ""label"": ""Expiry date"", ""maxlength"": 8, ""minlength"": 8, ""name"": ""DOE"", ""pattern"": ""((((0[13578]|1[02])(0[1-9]|[12][0-9]|3[01]))|((0[469]|11)(0[1-9]|[12][0-9]|30))|(02)(0[1-9]|[1][0-9]|2[0-8]))([0-9]{3}[1-9]|[0-9]{2}[1-9][0-9]{1}|[0-9]{1}[1-9][0-9]{2}|[1-9][0-9]{3}))|(0229(([0-9]{2})(0[48]|[2468][048]|[13579][26])|((0[48]|[2468][048]|[3579][26])00)))"", ""placeholder"": ""01152028"", ""required"": true, ""tooltip"": ""Same month and day as in birth date. 8 years after the year of issue"", ""value"": """"}"
DC,"Washington, District of Columbia",,AUDIT,1,AUDIT,Audit info,input,True,08312020_949312_4_672,[0-9_]{21},21,21,,You can click on the calculator icon to calculate data <b>automatically!</b>,[],"{""element"": ""input"", ""label"": ""Audit info"", ""maxlength"": 21, ""minlength"": 21, ""name"": ""AUDIT"", ""pattern"": ""[0-9_]{21}"", ""placeholder"": ""08312020_949312_4_672"", ""required"": true, ""tooltip"": ""You can click on the calculator icon to calculate data <b>automatically!</b>"", ""value"": null}"
DC,"Washington, District of Columbia",,DD,1,DD,DD,input,True,99423549,[0-9]{8},8,8,,You can click on the calculator icon to calculate DD <b>automatically!</b>,[],"{""element"": ""input"", ""label"": ""DD"", ""maxlength"": 8, ""minlength"": 8, ""name"": ""DD"", ""pattern"": ""[0-9]{8}"", ""placeholder"": ""99423549"", ""required"": true, ""tooltip"": ""You can click on the calculator icon to calculate DD <b>automatically!</b>"", ""value"": null}"
DC,"Washington, District of Columbia",,RESTRICTIONS,1,RESTRICTIONS,Restrictions,input,True,0,,,,0,0 - None,[],"{""element"": ""input"", ""label"": ""Restrictions"", ""name"": ""RESTRICTIONS"", ""pattern"": null, ""placeholder"": ""0"", ""required"": true, ""tooltip"": ""0 - None"", ""value"": ""0""}"
DC,"Washington, District of Columbia",,ENDORSEMENT,1,ENDORSEMENT,Endorsement,input,True,O,,,,O,O - None,[],"{""element"": ""input"", ""label"": ""Endorsement"", ""name"": ""ENDORSEMENT"", ""pattern"": null, ""placeholder"": ""O"", ""required"": true, ""tooltip"": ""O - None"", ""value"": ""O""}"
DC,"Washington, District of Columbia",,HEIGHT,1,HEIGHT,Height (in.),input,True,69,,,2,69,,[],"{""element"": ""input"", ""label"": ""Height (in.)"", ""maxlength"": 2, ""name"": ""HEIGHT"", ""pattern"": null, ""placeholder"": ""69"", ""required"": true, ""tooltip"": null, ""value"": ""69""}"
DC,"Washington, District of Columbia",,EYE,1,EYE,Eye (ANSI D-20),select,True,,,,,,,"[{""value"": """", ""label"": ""== Select ==""}, {""value"": ""BLK"", ""label"": ""BLK (Black)""}, {""value"": ""BLU"", ""label"": ""BLU (Blue)""}, {""value"": ""BRO"", ""label"": ""BRO (Brown)""}, {""value"": ""GRY"", ""label"": ""GRY (Gray)""}, {""value"": ""GRN"", ""label"": ""GRN (Green)""}, {""value"": ""HAZ"", ""label"": ""HAZ (Hazel)""}, {""value"": ""MAR"", ""label"": ""MAR (Maroon)""}, {""value"": ""PNK"", ""label"": ""PNK (Pink)""}, {""value"": ""DIC"", ""label"": ""DIC (Dichromatic)""}, {""value"": ""UNK"", ""label"": ""UNK (Unknown)""}]","{""element"": ""select"", ""label"": ""Eye (ANSI D-20)"", ""name"": ""EYE"", ""options"": [{""label"": ""== Select =="", ""value"": """"}, {""label"": ""BLK (Black)"", ""value"": ""BLK""}, {""label"": ""BLU (Blue)"", ""value"": ""BLU""}, {""label"": ""BRO (Brown)"", ""value"": ""BRO""}, {""label"": ""GRY (Gray)"", ""value"": ""GRY""}, {""label"": ""GRN (Green)"", ""value"": ""GRN""}, {""label"": ""HAZ (Hazel)"", ""value"": ""HAZ""}, {""label"": ""MAR (Maroon)"", ""value"": ""MAR""}, {""label"": ""PNK (Pink)"", ""value"": ""PNK""}, {""label"": ""DIC (Dichromatic)"", ""value"": ""DIC""}, {""label"": ""UNK (Unknown)"", ""value"": ""UNK""}], ""pattern"": null, ""placeholder"": null, ""required"": true, ""tooltip"": null, ""value"": null}"
DC,"Washington, District of Columbia",,SUFFIX,1,SUFFIX,Name Suffix,select,False,,,,,,,"[{""value"": ""NULL"", ""label"": ""NONE""}, {""value"": ""JR"", ""label"": ""JR (Junior)""}, {""value"": ""SR"", ""label"": ""SR (Senior)""}, {""value"": ""I"", ""label"": ""1ST or I (First)""}, {""value"": ""II"", ""label"": ""2ND or II (Second)""}, {""value"": ""III"", ""label"": ""3RD or III (Third)""}, {""value"": ""IV"", ""label"": ""4TH or IV (Fourth)""}, {""value"": ""V"", ""label"": ""5TH or V (Fifth)""}, {""value"": ""VI"", ""label"": ""6TH or VI (Sixth)""}]","{""element"": ""select"", ""label"": ""Name Suffix"", ""name"": ""SUFFIX"", ""options"": [{""label"": ""NONE"", ""value"": ""NULL""}, {""label"": ""JR (Junior)"", ""value"": ""JR""}, {""label"": ""SR (Senior)"", ""value"": ""SR""}, {""label"": ""1ST or I (First)"", ""value"": ""I""}, {""label"": ""2ND or II (Second)"", ""value"": ""II""}, {""label"": ""3RD or III (Third)"", ""value"": ""III""}, {""label"": ""4TH or IV (Fourth)"", ""value"": ""IV""}, {""label"": ""5TH or V (Fifth)"", ""value"": ""V""}, {""label"": ""6TH or VI (Sixth)"", ""value"": ""VI""}], ""pattern"": null, ""placeholder"": null, ""required"": false, ""tooltip"": null, ""value"": null}"
WV,West Virginia,Rev. 06/04/2019 (0900),NUMBER,1,NUMBER,DL Number,input,True,F123785,[a-zA-Z0-9]{1}[0-9]{6},7,7,,You can click on the calculator icon to calculate number <b>automatically!</b>,[],"{""element"": ""input"", ""label"": ""DL Number"", ""maxlength"": 7, ""minlength"": 7, ""name"": ""NUMBER"", ""pattern"": ""[a-zA-Z0-9]{1}[0-9]{6}"", ""placeholder"": ""F123785"", ""required"": true, ""tooltip"": ""You can click on the calculator icon to calculate number <b>automatically!</b>"", ""value"": """"}"
WV,West Virginia,Rev. 06/04/2019 (0900),LASTNAME,1,LASTNAME,Last name,input,True,Doe,[a-zA-Z\s]+,,,,,[],"{""element"": ""input"", ""label"": ""Last name"", ""name"": ""LASTNAME"", ""pattern"": ""[a-zA-Z\\s]+"", ""placeholder"": ""Doe"", ""required"": true, ""tooltip"": null, ""value"": """"}"
WV,West Virginia,Rev. 06/04/2019 (0900),FIRSTNAME,1,FIRSTNAME,First name,input,True,John,[a-zA-Z\s]+,,,,,[],"{""element"": ""input"", ""label"": ""First name"", ""name"": ""FIRSTNAME"", ""pattern"": ""[a-zA-Z\\s]+"", ""placeholder"": ""John"", ""required"": true, ""tooltip"": null, ""value"": """"}"
WV,West Virginia,Rev. 06/04/2019 (0900),MIDDLENAME,1,MIDDLENAME,Middle name,input,True,Daniel,[a-zA-Z\s]+,,,,This field is optional. You can click on the calculator icon to generate random name. Select gender in the field below to specify name gender.,[],"{""element"": ""input"", ""label"": ""Middle name"", ""name"": ""MIDDLENAME"", ""pattern"": ""[a-zA-Z\\s]+"", ""placeholder"": ""Daniel"", ""required"": true, ""tooltip"": ""This field is optional. You can click on the calculator icon to generate random name. Select gender in the field below to specify name gender."", ""value"": """"}"
WV,West Virginia,Rev. 06/04/2019 (0900),ADDRESS,1,ADDRESS,Address,input,True,2402 9th Ave,,,,2402 9th Ave,,[],"{""element"": ""input"", ""label"": ""Address"", ""name"": ""ADDRESS"", ""pattern"": null, ""placeholder"": ""2402 9th Ave"", ""required"": true, ""tooltip"": null, ""value"": ""2402 9th Ave""}"
WV,West Virginia,Rev. 06/04/2019 (0900),CITY,1,CITY,City,input,True,Huntington,,,,Huntington,,[],"{""element"": ""input"", ""label"": ""City"", ""name"": ""CITY"", ""pattern"": null, ""placeholder"": ""Huntington"", ""required"": true, ""tooltip"": null, ""value"": ""Huntington""}"
WV,West Virginia,Rev. 06/04/2019 (0900),ZIP,1,ZIP,Zip code,input,True,25703,[0-9]{5},5,5,25703,,[],"{""element"": ""input"", ""label"": ""Zip code"", ""maxlength"": 5, ""minlength"": 5, ""name"": ""ZIP"", ""pattern"": ""[0-9]{5}"", ""placeholder"": ""25703"", ""required"": true, ""tooltip"": null, ""value"": ""25703""}"
WV,West Virginia,Rev. 06/04/2019 (0900),CLASS,1,CLASS,DL Class,input,True,E,[A-Z1-9]+,1,4,E,,[],"{""element"": ""input"", ""label"": ""DL Class"", ""maxlength"": 4, ""minlength"": 1, ""name"": ""CLASS"", ""pattern"": ""[A-Z1-9]+"", ""placeholder"": ""E"", ""required"": true, ""tooltip"": null, ""value"": ""E""}"
WV,West Virginia,Rev. 06/04/2019 (0900),SEX,1,SEX,Sex,select,False,,,,,,,"[{""value"": ""M"", ""label"": ""M""}, {""value"": ""F"", ""label"": ""F""}]","{""element"": ""select"", ""label"": ""Sex"", ""name"": ""SEX"", ""options"": [{""label"": ""M"", ""value"": ""M""}, {""label"": ""F"", ""value"": ""F""}], ""pattern"": null, ""placeholder"": null, ""required"": false, ""tooltip"": null, ""value"": null}"
WV,West Virginia,Rev. 06/04/2019 (0900),DONOR,1,DONOR,Donor,select,False,,,,,,,"[{""value"": ""NO"", ""label"": ""No""}, {""value"": ""YES"", ""label"": ""Yes""}]","{""element"": ""select"", ""label"": ""Donor"", ""name"": ""DONOR"", ""options"": [{""label"": ""No"", ""value"": ""NO""}, {""label"": ""Yes"", ""value"": ""YES""}], ""pattern"": null, ""placeholder"": null, ""required"": false, ""tooltip"": null, ""value"": null}"
WV,West Virginia,Rev. 06/04/2019 (0900),DOB,1,DOB,Birth date,input,True,01151970,((((0[13578]|1[02])(0[1-9]|[12][0-9]|3[01]))|((0[469]|11)(0[1-9]|[12][0-9]|30))|(02)(0[1-9]|[1][0-9]|2[0-8]))([0-9]{3}[1-9]|[0-9]{2}[1-9][0-9]{1}|[0-9]{1}[1-9][0-9]{2}|[1-9][0-9]{3}))|(0229(([0-9]{2})(0[48]|[2468][048]|[13579][26])|((0[48]|[2468][048]|[3579][26])00))),8,8,,You need input the date in MMDDYYYY format,[],"{""element"": ""input"", ""label"": ""Birth date"", ""maxlength"": 8, ""minlength"": 8, ""name"": ""DOB"", ""pattern"": ""((((0[13578]|1[02])(0[1-9]|[12][0-9]|3[01]))|((0[469]|11)(0[1-9]|[12][0-9]|30))|(02)(0[1-9]|[1][0-9]|2[0-8]))([0-9]{3}[1-9]|[0-9]{2}[1-9][0-9]{1}|[0-9]{1}[1-9][0-9]{2}|[1-9][0-9]{3}))|(0229(([0-9]{2})(0[48]|[2468][048]|[13579][26])|((0[48]|[2468][048]|[3579][26])00)))"", ""placeholder"": ""01151970"", ""required"": true, ""tooltip"": ""You need input the date in MMDDYYYY format"", ""value"": """"}"
WV,West Virginia,Rev. 06/04/2019 (0900),DOI,1,DOI,Issue date,input,True,08262020,((((0[13578]|1[02])(0[1-9]|[12][0-9]|3[01]))|((0[469]|11)(0[1-9]|[12][0-9]|30))|(02)(0[1-9]|[1][0-9]|2[0-8]))([0-9]{3}[1-9]|[0-9]{2}[1-9][0-9]{1}|[0-9]{1}[1-9][0-9]{2}|[1-9][0-9]{3}))|(0229(([0-9]{2})(0[48]|[2468][048]|[13579][26])|((0[48]|[2468][048]|[3579][26])00))),8,8,,You need input the date in MMDDYYYY format,[],"{""element"": ""input"", ""label"": ""Issue date"", ""maxlength"": 8, ""minlength"": 8, ""name"": ""DOI"", ""pattern"": ""((((0[13578]|1[02])(0[1-9]|[12][0-9]|3[01]))|((0[469]|11)(0[1-9]|[12][0-9]|30))|(02)(0[1-9]|[1][0-9]|2[0-8]))([0-9]{3}[1-9]|[0-9]{2}[1-9][0-9]{1}|[0-9]{1}[1-9][0-9]{2}|[1-9][0-9]{3}))|(0229(([0-9]{2})(0[48]|[2468][048]|[13579][26])|((0[48]|[2468][048]|[3579][26])00)))"", ""placeholder"": ""08262020"", ""required"": true, ""tooltip"": ""You need input the date in MMDDYYYY format"", ""value"": """"}"
WV,West Virginia,Rev. 06/04/2019 (0900),DOE,1,DOE,Expiry date,input,True,01152028,((((0[13578]|1[02])(0[1-9]|[12][0-9]|3[01]))|((0[469]|11)(0[1-9]|[12][0-9]|30))|(02)(0[1-9]|[1][0-9]|2[0-8]))([0-9]{3}[1-9]|[0-9]{2}[1-9][0-9]{1}|[0-9]{1}[1-9][0-9]{2}|[1-9][0-9]{3}))|(0229(([0-9]{2})(0[48]|[2468][048]|[13579][26])|((0[48]|[2468][048]|[3579][26])00))),8,8,,Same month and day as in birth date. 8 years after the year of issue,[],"{""element"": ""input"", ""label"": ""Expiry date"", ""maxlength"": 8, ""minlength"": 8, ""name"": ""DOE"", ""pattern"": ""((((0[13578]|1[02])(0[1-9]|[12][0-9]|3[01]))|((0[469]|11)(0[1-9]|[12][0-9]|30))|(02)(0[1-9]|[1][0-9]|2[0-8]))([0-9]{3}[1-9]|[0-9]{2}[1-9][0-9]{1}|[0-9]{1}[1-9][0-9]{2}|[1-9][0-9]{3}))|(0229(([0-9]{2})(0[48]|[2468][048]|[13579][26])|((0[48]|[2468][048]|[3579][26])00)))"", ""placeholder"": ""01152028"", ""required"": true, ""tooltip"": ""Same month and day as in birth date. 8 years after the year of issue"", ""value"": """"}"
WV,West Virginia,Rev. 06/04/2019 (0900),ICN,1,ICN,ICN,input,True,F123785WVFLOY01,[a-zA-Z0-9]{7}WV[a-zA-Z0-9]{6},15,15,,Document number + 'WV' + 4 letters + '01' You can click on the calculator icon to calculate ICN <b>automatically!</b>,[],"{""element"": ""input"", ""label"": ""ICN"", ""maxlength"": 15, ""minlength"": 15, ""name"": ""ICN"", ""pattern"": ""[a-zA-Z0-9]{7}WV[a-zA-Z0-9]{6}"", ""placeholder"": ""F123785WVFLOY01"", ""required"": true, ""tooltip"": ""Document number + 'WV' + 4 letters + '01' You can click on the calculator icon to calculate ICN <b>automatically!</b>"", ""value"": null}"
WV,West Virginia,Rev. 06/04/2019 (0900),DD,1,DD,DD,input,True,011570DJ2601,[0-9]{6}[a-zA-Z]{2}[0-9]{4},12,12,,Date of birth (MMDDYY) + First letter of last name + first letter of first name + expiry data (YYDD). You can click on the calculator icon to calculate DD <b>automatically!</b>,[],"{""element"": ""input"", ""label"": ""DD"", ""maxlength"": 12, ""minlength"": 12, ""name"": ""DD"", ""pattern"": ""[0-9]{6}[a-zA-Z]{2}[0-9]{4}"", ""placeholder"": ""011570DJ2601"", ""required"": true, ""tooltip"": ""Date of birth (MMDDYY) + First letter of last name + first letter of first name + expiry data (YYDD). You can click on the calculator icon to calculate DD <b>automatically!</b>"", ""value"": null}"
WV,West Virginia,Rev. 06/04/2019 (0900),RESTRICTIONS,1,RESTRICTIONS,Restrictions,input,True,NONE,,,,NONE,,[],"{""element"": ""input"", ""label"": ""Restrictions"", ""name"": ""RESTRICTIONS"", ""pattern"": null, ""placeholder"": ""NONE"", ""required"": true, ""tooltip"": null, ""value"": ""NONE""}"
WV,West Virginia,Rev. 06/04/2019 (0900),ENDORSEMENT,1,ENDORSEMENT,Endorsement,input,True,NONE,,,,NONE,,[],"{""element"": ""input"", ""label"": ""Endorsement"", ""name"": ""ENDORSEMENT"", ""pattern"": null, ""placeholder"": ""NONE"", ""required"": true, ""tooltip"": null, ""value"": ""NONE""}"
WV,West Virginia,Rev. 06/04/2019 (0900),HEIGHT,1,HEIGHT,Height (in.),input,True,69,,,2,69,,[],"{""element"": ""input"", ""label"": ""Height (in.)"", ""maxlength"": 2, ""name"": ""HEIGHT"", ""pattern"": null, ""placeholder"": ""69"", ""required"": true, ""tooltip"": null, ""value"": ""69""}"
WV,West Virginia,Rev. 06/04/2019 (0900),WEIGHT,1,WEIGHT,Weight (lb.),input,True,169,,,3,169,,[],"{""element"": ""input"", ""label"": ""Weight (lb.)"", ""maxlength"": 3, ""name"": ""WEIGHT"", ""pattern"": null, ""placeholder"": ""169"", ""required"": true, ""tooltip"": null, ""value"": ""169""}"
WV,West Virginia,Rev. 06/04/2019 (0900),EYE,1,EYE,Eye (ANSI D-20),select,True,,,,,,,"[{""value"": """", ""label"": ""== Select ==""}, {""value"": ""BLK"", ""label"": ""BLK (Black)""}, {""value"": ""BLU"", ""label"": ""BLU (Blue)""}, {""value"": ""BRO"", ""label"": ""BRO (Brown)""}, {""value"": ""GRY"", ""label"": ""GRY (Gray)""}, {""value"": ""GRN"", ""label"": ""GRN (Green)""}, {""value"": ""HAZ"", ""label"": ""HAZ (Hazel)""}, {""value"": ""MAR"", ""label"": ""MAR (Maroon)""}, {""value"": ""PNK"", ""label"": ""PNK (Pink)""}, {""value"": ""DIC"", ""label"": ""DIC (Dichromatic)""}, {""value"": ""UNK"", ""label"": ""UNK (Unknown)""}]","{""element"": ""select"", ""label"": ""Eye (ANSI D-20)"", ""name"": ""EYE"", ""options"": [{""label"": ""== Select =="", ""value"": """"}, {""label"": ""BLK (Black)"", ""value"": ""BLK""}, {""label"": ""BLU (Blue)"", ""value"": ""BLU""}, {""label"": ""BRO (Brown)"", ""value"": ""BRO""}, {""label"": ""GRY (Gray)"", ""value"": ""GRY""}, {""label"": ""GRN (Green)"", ""value"": ""GRN""}, {""label"": ""HAZ (Hazel)"", ""value"": ""HAZ""}, {""label"": ""MAR (Maroon)"", ""value"": ""MAR""}, {""label"": ""PNK (Pink)"", ""value"": ""PNK""}, {""label"": ""DIC (Dichromatic)"", ""value"": ""DIC""}, {""label"": ""UNK (Unknown)"", ""value"": ""UNK""}], ""pattern"": null, ""placeholder"": null, ""required"": true, ""tooltip"": null, ""value"": null}"
WI,Wisconsin,Rev. 09/01/2015 (0801),NUMBER,1,NUMBER,DL Number,input,True,D000-4607-0015-00,[a-zA-Z][0-9]{3}-[0-9]{4}-[0-9]{4}-[0-9]{2},17,17,, You can click on the calculator icon to calculate number <b>automatically!</b>,[],"{""element"": ""input"", ""label"": ""DL Number"", ""maxlength"": 17, ""minlength"": 17, ""name"": ""NUMBER"", ""pattern"": ""[a-zA-Z][0-9]{3}-[0-9]{4}-[0-9]{4}-[0-9]{2}"", ""placeholder"": ""D000-4607-0015-00"", ""required"": true, ""tooltip"": "" You can click on the calculator icon to calculate number <b>automatically!</b>"", ""value"": """"}"
WI,Wisconsin,Rev. 09/01/2015 (0801),LASTNAME,1,LASTNAME,Last name,input,True,Doe,[a-zA-Z\s]+,,,,,[],"{""element"": ""input"", ""label"": ""Last name"", ""name"": ""LASTNAME"", ""pattern"": ""[a-zA-Z\\s]+"", ""placeholder"": ""Doe"", ""required"": true, ""tooltip"": null, ""value"": """"}"
WI,Wisconsin,Rev. 09/01/2015 (0801),FIRSTNAME,1,FIRSTNAME,First name,input,True,John,[a-zA-Z\s]+,,,,,[],"{""element"": ""input"", ""label"": ""First name"", ""name"": ""FIRSTNAME"", ""pattern"": ""[a-zA-Z\\s]+"", ""placeholder"": ""John"", ""required"": true, ""tooltip"": null, ""value"": """"}"
WI,Wisconsin,Rev. 09/01/2015 (0801),MIDDLENAME,1,MIDDLENAME,Middle name,input,False,,,,,,This field is optional. You can click on the calculator icon to generate random name. Select gender in the field below to specify name gender.,[],"{""element"": ""input"", ""label"": ""Middle name"", ""name"": ""MIDDLENAME"", ""pattern"": null, ""placeholder"": """", ""required"": false, ""tooltip"": ""This field is optional. You can click on the calculator icon to generate random name. Select gender in the field below to specify name gender."", ""value"": """"}"
WI,Wisconsin,Rev. 09/01/2015 (0801),ADDRESS,1,ADDRESS,Address,input,True,W169N10741 Redwood Ln,,,,W169N10741 Redwood Ln,,[],"{""element"": ""input"", ""label"": ""Address"", ""name"": ""ADDRESS"", ""pattern"": null, ""placeholder"": ""W169N10741 Redwood Ln"", ""required"": true, ""tooltip"": null, ""value"": ""W169N10741 Redwood Ln""}"
WI,Wisconsin,Rev. 09/01/2015 (0801),CITY,1,CITY,City,input,True,Germantown,,,,Germantown,,[],"{""element"": ""input"", ""label"": ""City"", ""name"": ""CITY"", ""pattern"": null, ""placeholder"": ""Germantown"", ""required"": true, ""tooltip"": null, ""value"": ""Germantown""}"
WI,Wisconsin,Rev. 09/01/2015 (0801),ZIP,1,ZIP,Zip code,input,True,530223971,[0-9]{9},9,9,530223971,,[],"{""element"": ""input"", ""label"": ""Zip code"", ""maxlength"": 9, ""minlength"": 9, ""name"": ""ZIP"", ""pattern"": ""[0-9]{9}"", ""placeholder"": ""530223971"", ""required"": true, ""tooltip"": null, ""value"": ""530223971""}"
WI,Wisconsin,Rev. 09/01/2015 (0801),CLASS,1,CLASS,DL Class,input,True,D,[A-Z1-9]+,1,4,D,,[],"{""element"": ""input"", ""label"": ""DL Class"", ""maxlength"": 4, ""minlength"": 1, ""name"": ""CLASS"", ""pattern"": ""[A-Z1-9]+"", ""placeholder"": ""D"", ""required"": true, ""tooltip"": null, ""value"": ""D""}"
WI,Wisconsin,Rev. 09/01/2015 (0801),SEX,1,SEX,Sex,select,False,,,,,,,"[{""value"": ""M"", ""label"": ""M""}, {""value"": ""F"", ""label"": ""F""}]","{""element"": ""select"", ""label"": ""Sex"", ""name"": ""SEX"", ""options"": [{""label"": ""M"", ""value"": ""M""}, {""label"": ""F"", ""value"": ""F""}], ""pattern"": null, ""placeholder"": null, ""required"": false, ""tooltip"": null, ""value"": null}"
WI,Wisconsin,Rev. 09/01/2015 (0801),DONOR,1,DONOR,Donor,select,False,,,,,,,"[{""value"": ""NO"", ""label"": ""No""}, {""value"": ""YES"", ""label"": ""Yes""}]","{""element"": ""select"", ""label"": ""Donor"", ""name"": ""DONOR"", ""options"": [{""label"": ""No"", ""value"": ""NO""}, {""label"": ""Yes"", ""value"": ""YES""}], ""pattern"": null, ""placeholder"": null, ""required"": false, ""tooltip"": null, ""value"": null}"
WI,Wisconsin,Rev. 09/01/2015 (0801),DOB,1,DOB,Birth date,input,True,01151970,((((0[13578]|1[02])(0[1-9]|[12][0-9]|3[01]))|((0[469]|11)(0[1-9]|[12][0-9]|30))|(02)(0[1-9]|[1][0-9]|2[0-8]))([0-9]{3}[1-9]|[0-9]{2}[1-9][0-9]{1}|[0-9]{1}[1-9][0-9]{2}|[1-9][0-9]{3}))|(0229(([0-9]{2})(0[48]|[2468][048]|[13579][26])|((0[48]|[2468][048]|[3579][26])00))),8,8,,You need input the date in MMDDYYYY format,[],"{""element"": ""input"", ""label"": ""Birth date"", ""maxlength"": 8, ""minlength"": 8, ""name"": ""DOB"", ""pattern"": ""((((0[13578]|1[02])(0[1-9]|[12][0-9]|3[01]))|((0[469]|11)(0[1-9]|[12][0-9]|30))|(02)(0[1-9]|[1][0-9]|2[0-8]))([0-9]{3}[1-9]|[0-9]{2}[1-9][0-9]{1}|[0-9]{1}[1-9][0-9]{2}|[1-9][0-9]{3}))|(0229(([0-9]{2})(0[48]|[2468][048]|[13579][26])|((0[48]|[2468][048]|[3579][26])00)))"", ""placeholder"": ""01151970"", ""required"": true, ""tooltip"": ""You need input the date in MMDDYYYY format"", ""value"": """"}"
WI,Wisconsin,Rev. 09/01/2015 (0801),DOI,1,DOI,Issue date,input,True,08262020,((((0[13578]|1[02])(0[1-9]|[12][0-9]|3[01]))|((0[469]|11)(0[1-9]|[12][0-9]|30))|(02)(0[1-9]|[1][0-9]|2[0-8]))([0-9]{3}[1-9]|[0-9]{2}[1-9][0-9]{1}|[0-9]{1}[1-9][0-9]{2}|[1-9][0-9]{3}))|(0229(([0-9]{2})(0[48]|[2468][048]|[13579][26])|((0[48]|[2468][048]|[3579][26])00))),8,8,,You need input the date in MMDDYYYY format,[],"{""element"": ""input"", ""label"": ""Issue date"", ""maxlength"": 8, ""minlength"": 8, ""name"": ""DOI"", ""pattern"": ""((((0[13578]|1[02])(0[1-9]|[12][0-9]|3[01]))|((0[469]|11)(0[1-9]|[12][0-9]|30))|(02)(0[1-9]|[1][0-9]|2[0-8]))([0-9]{3}[1-9]|[0-9]{2}[1-9][0-9]{1}|[0-9]{1}[1-9][0-9]{2}|[1-9][0-9]{3}))|(0229(([0-9]{2})(0[48]|[2468][048]|[13579][26])|((0[48]|[2468][048]|[3579][26])00)))"", ""placeholder"": ""08262020"", ""required"": true, ""tooltip"": ""You need input the date in MMDDYYYY format"", ""value"": """"}"
WI,Wisconsin,Rev. 09/01/2015 (0801),DOE,1,DOE,Expiry date,input,True,01152028,((((0[13578]|1[02])(0[1-9]|[12][0-9]|3[01]))|((0[469]|11)(0[1-9]|[12][0-9]|30))|(02)(0[1-9]|[1][0-9]|2[0-8]))([0-9]{3}[1-9]|[0-9]{2}[1-9][0-9]{1}|[0-9]{1}[1-9][0-9]{2}|[1-9][0-9]{3}))|(0229(([0-9]{2})(0[48]|[2468][048]|[13579][26])|((0[48]|[2468][048]|[3579][26])00))),8,8,,Same month and day as in birth date. 8 years after the year of issue,[],"{""element"": ""input"", ""label"": ""Expiry date"", ""maxlength"": 8, ""minlength"": 8, ""name"": ""DOE"", ""pattern"": ""((((0[13578]|1[02])(0[1-9]|[12][0-9]|3[01]))|((0[469]|11)(0[1-9]|[12][0-9]|30))|(02)(0[1-9]|[1][0-9]|2[0-8]))([0-9]{3}[1-9]|[0-9]{2}[1-9][0-9]{1}|[0-9]{1}[1-9][0-9]{2}|[1-9][0-9]{3}))|(0229(([0-9]{2})(0[48]|[2468][048]|[13579][26])|((0[48]|[2468][048]|[3579][26])00)))"", ""placeholder"": ""01152028"", ""required"": true, ""tooltip"": ""Same month and day as in birth date. 8 years after the year of issue"", ""value"": """"}"
WI,Wisconsin,Rev. 09/01/2015 (0801),ICN,1,ICN,ICN,input,True,0130100816849209,0130[0-9]{12},16,16,,'0130100' + 9 digits. You can click on the calculator icon to calculate ICN <b>automatically!</b>,[],"{""element"": ""input"", ""label"": ""ICN"", ""maxlength"": 16, ""minlength"": 16, ""name"": ""ICN"", ""pattern"": ""0130[0-9]{12}"", ""placeholder"": ""0130100816849209"", ""required"": true, ""tooltip"": ""'0130100' + 9 digits. You can click on the calculator icon to calculate ICN <b>automatically!</b>"", ""value"": null}"
WI,Wisconsin,Rev. 09/01/2015 (0801),DD,1,DD,DD,input,True,OTDKF2020082610924996,OT[a-zA-Z]{3}[0-9]{16},21,21,,'OT' + first letter of Last name + issue date (YYYYMMDD) + 8 digits. You can click on the calculator icon to calculate DD <b>automatically!</b>,[],"{""element"": ""input"", ""label"": ""DD"", ""maxlength"": 21, ""minlength"": 21, ""name"": ""DD"", ""pattern"": ""OT[a-zA-Z]{3}[0-9]{16}"", ""placeholder"": ""OTDKF2020082610924996"", ""required"": true, ""tooltip"": ""'OT' + first letter of Last name + issue date (YYYYMMDD) + 8 digits. You can click on the calculator icon to calculate DD <b>automatically!</b>"", ""value"": null}"
WI,Wisconsin,Rev. 09/01/2015 (0801),RESTRICTIONS,1,RESTRICTIONS,Restrictions,input,True,NONE,,,,NONE,,[],"{""element"": ""input"", ""label"": ""Restrictions"", ""name"": ""RESTRICTIONS"", ""pattern"": null, ""placeholder"": ""NONE"", ""required"": true, ""tooltip"": null, ""value"": ""NONE""}"
WI,Wisconsin,Rev. 09/01/2015 (0801),ENDORSEMENT,1,ENDORSEMENT,Endorsement,input,True,NONE,,,,NONE,,[],"{""element"": ""input"", ""label"": ""Endorsement"", ""name"": ""ENDORSEMENT"", ""pattern"": null, ""placeholder"": ""NONE"", ""required"": true, ""tooltip"": null, ""value"": ""NONE""}"
WI,Wisconsin,Rev. 09/01/2015 (0801),HEIGHT,1,HEIGHT,Height (in.),input,True,69,,,2,69,,[],"{""element"": ""input"", ""label"": ""Height (in.)"", ""maxlength"": 2, ""name"": ""HEIGHT"", ""pattern"": null, ""placeholder"": ""69"", ""required"": true, ""tooltip"": null, ""value"": ""69""}"
WI,Wisconsin,Rev. 09/01/2015 (0801),EYE,1,EYE,Eye (ANSI D-20),select,True,,,,,,,"[{""value"": """", ""label"": ""== Select ==""}, {""value"": ""BLK"", ""label"": ""BLK (Black)""}, {""value"": ""BLU"", ""label"": ""BLU (Blue)""}, {""value"": ""BRO"", ""label"": ""BRO (Brown)""}, {""value"": ""GRY"", ""label"": ""GRY (Gray)""}, {""value"": ""GRN"", ""label"": ""GRN (Green)""}, {""value"": ""HAZ"", ""label"": ""HAZ (Hazel)""}, {""value"": ""MAR"", ""label"": ""MAR (Maroon)""}, {""value"": ""PNK"", ""label"": ""PNK (Pink)""}, {""value"": ""DIC"", ""label"": ""DIC (Dichromatic)""}, {""value"": ""UNK"", ""label"": ""UNK (Unknown)""}]","{""element"": ""select"", ""label"": ""Eye (ANSI D-20)"", ""name"": ""EYE"", ""options"": [{""label"": ""== Select =="", ""value"": """"}, {""label"": ""BLK (Black)"", ""value"": ""BLK""}, {""label"": ""BLU (Blue)"", ""value"": ""BLU""}, {""label"": ""BRO (Brown)"", ""value"": ""BRO""}, {""label"": ""GRY (Gray)"", ""value"": ""GRY""}, {""label"": ""GRN (Green)"", ""value"": ""GRN""}, {""label"": ""HAZ (Hazel)"", ""value"": ""HAZ""}, {""label"": ""MAR (Maroon)"", ""value"": ""MAR""}, {""label"": ""PNK (Pink)"", ""value"": ""PNK""}, {""label"": ""DIC (Dichromatic)"", ""value"": ""DIC""}, {""label"": ""UNK (Unknown)"", ""value"": ""UNK""}], ""pattern"": null, ""placeholder"": null, ""required"": true, ""tooltip"": null, ""value"": null}"
WI_2023,Wisconsin,Rev. 06/01/2023 (1002),NUMBER,1,NUMBER,DL Number,input,True,D000-4607-0015-00,[a-zA-Z][0-9]{3}-[0-9]{4}-[0-9]{4}-[0-9]{2},17,17,, You can click on the calculator icon to calculate number <b>automatically!</b>,[],"{""element"": ""input"", ""label"": ""DL Number"", ""maxlength"": 17, ""minlength"": 17, ""name"": ""NUMBER"", ""pattern"": ""[a-zA-Z][0-9]{3}-[0-9]{4}-[0-9]{4}-[0-9]{2}"", ""placeholder"": ""D000-4607-0015-00"", ""required"": true, ""tooltip"": "" You can click on the calculator icon to calculate number <b>automatically!</b>"", ""value"": """"}"
WI_2023,Wisconsin,Rev. 06/01/2023 (1002),LASTNAME,1,LASTNAME,Last name,input,True,Doe,[a-zA-Z\s]+,,,,,[],"{""element"": ""input"", ""label"": ""Last name"", ""name"": ""LASTNAME"", ""pattern"": ""[a-zA-Z\\s]+"", ""placeholder"": ""Doe"", ""required"": true, ""tooltip"": null, ""value"": """"}"
WI_2023,Wisconsin,Rev. 06/01/2023 (1002),FIRSTNAME,1,FIRSTNAME,First name,input,True,John,[a-zA-Z\s]+,,,,,[],"{""element"": ""input"", ""label"": ""First name"", ""name"": ""FIRSTNAME"", ""pattern"": ""[a-zA-Z\\s]+"", ""placeholder"": ""John"", ""required"": true, ""tooltip"": null, ""value"": """"}"
WI_2023,Wisconsin,Rev. 06/01/2023 (1002),MIDDLENAME,1,MIDDLENAME,Middle name,input,False,,,,,,This field is optional. You can click on the calculator icon to generate random name. Select gender in the field below to specify name gender.,[],"{""element"": ""input"", ""label"": ""Middle name"", ""name"": ""MIDDLENAME"", ""pattern"": null, ""placeholder"": """", ""required"": false, ""tooltip"": ""This field is optional. You can click on the calculator icon to generate random name. Select gender in the field below to specify name gender."", ""value"": """"}"
WI_2023,Wisconsin,Rev. 06/01/2023 (1002),ADDRESS,1,ADDRESS,Address,input,True,W169N10741 Redwood Ln,,,,W169N10741 Redwood Ln,,[],"{""element"": ""input"", ""label"": ""Address"", ""name"": ""ADDRESS"", ""pattern"": null, ""placeholder"": ""W169N10741 Redwood Ln"", ""required"": true, ""tooltip"": null, ""value"": ""W169N10741 Redwood Ln""}"
WI_2023,Wisconsin,Rev. 06/01/2023 (1002),CITY,1,CITY,City,input,True,Germantown,,,,Germantown,,[],"{""element"": ""input"", ""label"": ""City"", ""name"": ""CITY"", ""pattern"": null, ""placeholder"": ""Germantown"", ""required"": true, ""tooltip"": null, ""value"": ""Germantown""}"
WI_2023,Wisconsin,Rev. 06/01/2023 (1002),ZIP,1,ZIP,Zip code,input,True,530223971,[0-9]{9},9,9,530223971,,[],"{""element"": ""input"", ""label"": ""Zip code"", ""maxlength"": 9, ""minlength"": 9, ""name"": ""ZIP"", ""pattern"": ""[0-9]{9}"", ""placeholder"": ""530223971"", ""required"": true, ""tooltip"": null, ""value"": ""530223971""}"
WI_2023,Wisconsin,Rev. 06/01/2023 (1002),CLASS,1,CLASS,DL Class,input,True,D,[A-Z1-9]+,1,4,D,,[],"{""element"": ""input"", ""label"": ""DL Class"", ""maxlength"": 4, ""minlength"": 1, ""name"": ""CLASS"", ""pattern"": ""[A-Z1-9]+"", ""placeholder"": ""D"", ""required"": true, ""tooltip"": null, ""value"": ""D""}"
WI_2023,Wisconsin,Rev. 06/01/2023 (1002),SEX,1,SEX,Sex,select,False,,,,,,,"[{""value"": ""M"", ""label"": ""M""}, {""value"": ""F"", ""label"": ""F""}]","{""element"": ""select"", ""label"": ""Sex"", ""name"": ""SEX"", ""options"": [{""label"": ""M"", ""value"": ""M""}, {""label"": ""F"", ""value"": ""F""}], ""pattern"": null, ""placeholder"": null, ""required"": false, ""tooltip"": null, ""value"": null}"
WI_2023,Wisconsin,Rev. 06/01/2023 (1002),DONOR,1,DONOR,Donor,select,False,,,,,,,"[{""value"": ""NO"", ""label"": ""No""}, {""value"": ""YES"", ""label"": ""Yes""}]","{""element"": ""select"", ""label"": ""Donor"", ""name"": ""DONOR"", ""options"": [{""label"": ""No"", ""value"": ""NO""}, {""label"": ""Yes"", ""value"": ""YES""}], ""pattern"": null, ""placeholder"": null, ""required"": false, ""tooltip"": null, ""value"": null}"
WI_2023,Wisconsin,Rev. 06/01/2023 (1002),DOB,1,DOB,Birth date,input,True,01151970,((((0[13578]|1[02])(0[1-9]|[12][0-9]|3[01]))|((0[469]|11)(0[1-9]|[12][0-9]|30))|(02)(0[1-9]|[1][0-9]|2[0-8]))([0-9]{3}[1-9]|[0-9]{2}[1-9][0-9]{1}|[0-9]{1}[1-9][0-9]{2}|[1-9][0-9]{3}))|(0229(([0-9]{2})(0[48]|[2468][048]|[13579][26])|((0[48]|[2468][048]|[3579][26])00))),8,8,,You need input the date in MMDDYYYY format,[],"{""element"": ""input"", ""label"": ""Birth date"", ""maxlength"": 8, ""minlength"": 8, ""name"": ""DOB"", ""pattern"": ""((((0[13578]|1[02])(0[1-9]|[12][0-9]|3[01]))|((0[469]|11)(0[1-9]|[12][0-9]|30))|(02)(0[1-9]|[1][0-9]|2[0-8]))([0-9]{3}[1-9]|[0-9]{2}[1-9][0-9]{1}|[0-9]{1}[1-9][0-9]{2}|[1-9][0-9]{3}))|(0229(([0-9]{2})(0[48]|[2468][048]|[13579][26])|((0[48]|[2468][048]|[3579][26])00)))"", ""placeholder"": ""01151970"", ""required"": true, ""tooltip"": ""You need input the date in MMDDYYYY format"", ""value"": """"}"
WI_2023,Wisconsin,Rev. 06/01/2023 (1002),DOI,1,DOI,Issue date,input,True,08262020,((((0[13578]|1[02])(0[1-9]|[12][0-9]|3[01]))|((0[469]|11)(0[1-9]|[12][0-9]|30))|(02)(0[1-9]|[1][0-9]|2[0-8]))([0-9]{3}[1-9]|[0-9]{2}[1-9][0-9]{1}|[0-9]{1}[1-9][0-9]{2}|[1-9][0-9]{3}))|(0229(([0-9]{2})(0[48]|[2468][048]|[13579][26])|((0[48]|[2468][048]|[3579][26])00))),8,8,,You need input the date in MMDDYYYY format,[],"{""element"": ""input"", ""label"": ""Issue date"", ""maxlength"": 8, ""minlength"": 8, ""name"": ""DOI"", ""pattern"": ""((((0[13578]|1[02])(0[1-9]|[12][0-9]|3[01]))|((0[469]|11)(0[1-9]|[12][0-9]|30))|(02)(0[1-9]|[1][0-9]|2[0-8]))([0-9]{3}[1-9]|[0-9]{2}[1-9][0-9]{1}|[0-9]{1}[1-9][0-9]{2}|[1-9][0-9]{3}))|(0229(([0-9]{2})(0[48]|[2468][048]|[13579][26])|((0[48]|[2468][048]|[3579][26])00)))"", ""placeholder"": ""08262020"", ""required"": true, ""tooltip"": ""You need input the date in MMDDYYYY format"", ""value"": """"}"
WI_2023,Wisconsin,Rev. 06/01/2023 (1002),DOE,1,DOE,Expiry date,input,True,01152028,((((0[13578]|1[02])(0[1-9]|[12][0-9]|3[01]))|((0[469]|11)(0[1-9]|[12][0-9]|30))|(02)(0[1-9]|[1][0-9]|2[0-8]))([0-9]{3}[1-9]|[0-9]{2}[1-9][0-9]{1}|[0-9]{1}[1-9][0-9]{2}|[1-9][0-9]{3}))|(0229(([0-9]{2})(0[48]|[2468][048]|[13579][26])|((0[48]|[2468][048]|[3579][26])00))),8,8,,Same month and day as in birth date. 8 years after the year of issue,[],"{""element"": ""input"", ""label"": ""Expiry date"", ""maxlength"": 8, ""minlength"": 8, ""name"": ""DOE"", ""pattern"": ""((((0[13578]|1[02])(0[1-9]|[12][0-9]|3[01]))|((0[469]|11)(0[1-9]|[12][0-9]|30))|(02)(0[1-9]|[1][0-9]|2[0-8]))([0-9]{3}[1-9]|[0-9]{2}[1-9][0-9]{1}|[0-9]{1}[1-9][0-9]{2}|[1-9][0-9]{3}))|(0229(([0-9]{2})(0[48]|[2468][048]|[13579][26])|((0[48]|[2468][048]|[3579][26])00)))"", ""placeholder"": ""01152028"", ""required"": true, ""tooltip"": ""Same month and day as in birth date. 8 years after the year of issue"", ""value"": """"}"
WI_2023,Wisconsin,Rev. 06/01/2023 (1002),ICN,1,ICN,ICN,input,True,0130100816849209,0130[0-9]{12},16,16,,'0130100' + 9 digits. You can click on the calculator icon to calculate ICN <b>automatically!</b>,[],"{""element"": ""input"", ""label"": ""ICN"", ""maxlength"": 16, ""minlength"": 16, ""name"": ""ICN"", ""pattern"": ""0130[0-9]{12}"", ""placeholder"": ""0130100816849209"", ""required"": true, ""tooltip"": ""'0130100' + 9 digits. You can click on the calculator icon to calculate ICN <b>automatically!</b>"", ""value"": null}"
WI_2023,Wisconsin,Rev. 06/01/2023 (1002),DD,1,DD,DD,input,True,OTDKF2020082610924996,OT[a-zA-Z]{3}[0-9]{16},21,21,,'OT' + first letter of Last name + issue date (YYYYMMDD) + 8 digits. You can click on the calculator icon to calculate DD <b>automatically!</b>,[],"{""element"": ""input"", ""label"": ""DD"", ""maxlength"": 21, ""minlength"": 21, ""name"": ""DD"", ""pattern"": ""OT[a-zA-Z]{3}[0-9]{16}"", ""placeholder"": ""OTDKF2020082610924996"", ""required"": true, ""tooltip"": ""'OT' + first letter of Last name + issue date (YYYYMMDD) + 8 digits. You can click on the calculator icon to calculate DD <b>automatically!</b>"", ""value"": null}"
WI_2023,Wisconsin,Rev. 06/01/2023 (1002),RESTRICTIONS,1,RESTRICTIONS,Restrictions,input,True,NONE,,,,NONE,,[],"{""element"": ""input"", ""label"": ""Restrictions"", ""name"": ""RESTRICTIONS"", ""pattern"": null, ""placeholder"": ""NONE"", ""required"": true, ""tooltip"": null, ""value"": ""NONE""}"
WI_2023,Wisconsin,Rev. 06/01/2023 (1002),ENDORSEMENT,1,ENDORSEMENT,Endorsement,input,True,NONE,,,,NONE,,[],"{""element"": ""input"", ""label"": ""Endorsement"", ""name"": ""ENDORSEMENT"", ""pattern"": null, ""placeholder"": ""NONE"", ""required"": true, ""tooltip"": null, ""value"": ""NONE""}"
WI_2023,Wisconsin,Rev. 06/01/2023 (1002),HEIGHT,1,HEIGHT,Height (in.),input,True,69,,,2,69,,[],"{""element"": ""input"", ""label"": ""Height (in.)"", ""maxlength"": 2, ""name"": ""HEIGHT"", ""pattern"": null, ""placeholder"": ""69"", ""required"": true, ""tooltip"": null, ""value"": ""69""}"
WI_2023,Wisconsin,Rev. 06/01/2023 (1002),EYE,1,EYE,Eye (ANSI D-20),select,True,,,,,,,"[{""value"": """", ""label"": ""== Select ==""}, {""value"": ""BLK"", ""label"": ""BLK (Black)""}, {""value"": ""BLU"", ""label"": ""BLU (Blue)""}, {""value"": ""BRO"", ""label"": ""BRO (Brown)""}, {""value"": ""GRY"", ""label"": ""GRY (Gray)""}, {""value"": ""GRN"", ""label"": ""GRN (Green)""}, {""value"": ""HAZ"", ""label"": ""HAZ (Hazel)""}, {""value"": ""MAR"", ""label"": ""MAR (Maroon)""}, {""value"": ""PNK"", ""label"": ""PNK (Pink)""}, {""value"": ""DIC"", ""label"": ""DIC (Dichromatic)""}, {""value"": ""UNK"", ""label"": ""UNK (Unknown)""}]","{""element"": ""select"", ""label"": ""Eye (ANSI D-20)"", ""name"": ""EYE"", ""options"": [{""label"": ""== Select =="", ""value"": """"}, {""label"": ""BLK (Black)"", ""value"": ""BLK""}, {""label"": ""BLU (Blue)"", ""value"": ""BLU""}, {""label"": ""BRO (Brown)"", ""value"": ""BRO""}, {""label"": ""GRY (Gray)"", ""value"": ""GRY""}, {""label"": ""GRN (Green)"", ""value"": ""GRN""}, {""label"": ""HAZ (Hazel)"", ""value"": ""HAZ""}, {""label"": ""MAR (Maroon)"", ""value"": ""MAR""}, {""label"": ""PNK (Pink)"", ""value"": ""PNK""}, {""label"": ""DIC (Dichromatic)"", ""value"": ""DIC""}, {""label"": ""UNK (Unknown)"", ""value"": ""UNK""}], ""pattern"": null, ""placeholder"": null, ""required"": true, ""tooltip"": null, ""value"": null}"
WY,Wyoming,Rev. 11/14/2018 (0900),NUMBER,1,NUMBER,DL Number,input,True,115919618,[0-9]{9},9,9,, You can click on the calculator icon to calculate number <b>automatically!</b>,[],"{""element"": ""input"", ""label"": ""DL Number"", ""maxlength"": 9, ""minlength"": 9, ""name"": ""NUMBER"", ""pattern"": ""[0-9]{9}"", ""placeholder"": ""115919618"", ""required"": true, ""tooltip"": "" You can click on the calculator icon to calculate number <b>automatically!</b>"", ""value"": """"}"
WY,Wyoming,Rev. 11/14/2018 (0900),LASTNAME,1,LASTNAME,Last name,input,True,Doe,[a-zA-Z\s]+,,,,,[],"{""element"": ""input"", ""label"": ""Last name"", ""name"": ""LASTNAME"", ""pattern"": ""[a-zA-Z\\s]+"", ""placeholder"": ""Doe"", ""required"": true, ""tooltip"": null, ""value"": """"}"
WY,Wyoming,Rev. 11/14/2018 (0900),FIRSTNAME,1,FIRSTNAME,First name,input,True,John,[a-zA-Z\s]+,,,,,[],"{""element"": ""input"", ""label"": ""First name"", ""name"": ""FIRSTNAME"", ""pattern"": ""[a-zA-Z\\s]+"", ""placeholder"": ""John"", ""required"": true, ""tooltip"": null, ""value"": """"}"
WY,Wyoming,Rev. 11/14/2018 (0900),MIDDLENAME,1,MIDDLENAME,Middle name,input,False,,,,,,This field is optional. You can click on the calculator icon to generate random name. Select gender in the field below to specify name gender.,[],"{""element"": ""input"", ""label"": ""Middle name"", ""name"": ""MIDDLENAME"", ""pattern"": null, ""placeholder"": """", ""required"": false, ""tooltip"": ""This field is optional. You can click on the calculator icon to generate random name. Select gender in the field below to specify name gender."", ""value"": """"}"
WY,Wyoming,Rev. 11/14/2018 (0900),ADDRESS,1,ADDRESS,Address,input,True,2412 E 12th St,,,,2412 E 12th St,,[],"{""element"": ""input"", ""label"": ""Address"", ""name"": ""ADDRESS"", ""pattern"": null, ""placeholder"": ""2412 E 12th St"", ""required"": true, ""tooltip"": null, ""value"": ""2412 E 12th St""}"
WY,Wyoming,Rev. 11/14/2018 (0900),CITY,1,CITY,City,input,True,Cheyenne,,,,Cheyenne,,[],"{""element"": ""input"", ""label"": ""City"", ""name"": ""CITY"", ""pattern"": null, ""placeholder"": ""Cheyenne"", ""required"": true, ""tooltip"": null, ""value"": ""Cheyenne""}"
WY,Wyoming,Rev. 11/14/2018 (0900),ZIP,1,ZIP,Zip code,input,True,82001,[0-9]{5},5,5,82001,,[],"{""element"": ""input"", ""label"": ""Zip code"", ""maxlength"": 5, ""minlength"": 5, ""name"": ""ZIP"", ""pattern"": ""[0-9]{5}"", ""placeholder"": ""82001"", ""required"": true, ""tooltip"": null, ""value"": ""82001""}"
WY,Wyoming,Rev. 11/14/2018 (0900),CLASS,1,CLASS,DL Class,input,True,NONE,[A-Z1-9]+,1,4,NONE,,[],"{""element"": ""input"", ""label"": ""DL Class"", ""maxlength"": 4, ""minlength"": 1, ""name"": ""CLASS"", ""pattern"": ""[A-Z1-9]+"", ""placeholder"": ""NONE"", ""required"": true, ""tooltip"": null, ""value"": ""NONE""}"
WY,Wyoming,Rev. 11/14/2018 (0900),SEX,1,SEX,Sex,select,False,,,,,,,"[{""value"": ""M"", ""label"": ""M""}, {""value"": ""F"", ""label"": ""F""}]","{""element"": ""select"", ""label"": ""Sex"", ""name"": ""SEX"", ""options"": [{""label"": ""M"", ""value"": ""M""}, {""label"": ""F"", ""value"": ""F""}], ""pattern"": null, ""placeholder"": null, ""required"": false, ""tooltip"": null, ""value"": null}"
WY,Wyoming,Rev. 11/14/2018 (0900),DONOR,1,DONOR,Donor,select,False,,,,,,,"[{""value"": ""NO"", ""label"": ""No""}, {""value"": ""YES"", ""label"": ""Yes""}]","{""element"": ""select"", ""label"": ""Donor"", ""name"": ""DONOR"", ""options"": [{""label"": ""No"", ""value"": ""NO""}, {""label"": ""Yes"", ""value"": ""YES""}], ""pattern"": null, ""placeholder"": null, ""required"": false, ""tooltip"": null, ""value"": null}"
WY,Wyoming,Rev. 11/14/2018 (0900),DOB,1,DOB,Birth date,input,True,01151970,((((0[13578]|1[02])(0[1-9]|[12][0-9]|3[01]))|((0[469]|11)(0[1-9]|[12][0-9]|30))|(02)(0[1-9]|[1][0-9]|2[0-8]))([0-9]{3}[1-9]|[0-9]{2}[1-9][0-9]{1}|[0-9]{1}[1-9][0-9]{2}|[1-9][0-9]{3}))|(0229(([0-9]{2})(0[48]|[2468][048]|[13579][26])|((0[48]|[2468][048]|[3579][26])00))),8,8,,You need input the date in MMDDYYYY format,[],"{""element"": ""input"", ""label"": ""Birth date"", ""maxlength"": 8, ""minlength"": 8, ""name"": ""DOB"", ""pattern"": ""((((0[13578]|1[02])(0[1-9]|[12][0-9]|3[01]))|((0[469]|11)(0[1-9]|[12][0-9]|30))|(02)(0[1-9]|[1][0-9]|2[0-8]))([0-9]{3}[1-9]|[0-9]{2}[1-9][0-9]{1}|[0-9]{1}[1-9][0-9]{2}|[1-9][0-9]{3}))|(0229(([0-9]{2})(0[48]|[2468][048]|[13579][26])|((0[48]|[2468][048]|[3579][26])00)))"", ""placeholder"": ""01151970"", ""required"": true, ""tooltip"": ""You need input the date in MMDDYYYY format"", ""value"": """"}"
WY,Wyoming,Rev. 11/14/2018 (0900),DOI,1,DOI,Issue date,input,True,08262020,((((0[13578]|1[02])(0[1-9]|[12][0-9]|3[01]))|((0[469]|11)(0[1-9]|[12][0-9]|30))|(02)(0[1-9]|[1][0-9]|2[0-8]))([0-9]{3}[1-9]|[0-9]{2}[1-9][0-9]{1}|[0-9]{1}[1-9][0-9]{2}|[1-9][0-9]{3}))|(0229(([0-9]{2})(0[48]|[2468][048]|[13579][26])|((0[48]|[2468][048]|[3579][26])00))),8,8,,You need input the date in MMDDYYYY format,[],"{""element"": ""input"", ""label"": ""Issue date"", ""maxlength"": 8, ""minlength"": 8, ""name"": ""DOI"", ""pattern"": ""((((0[13578]|1[02])(0[1-9]|[12][0-9]|3[01]))|((0[469]|11)(0[1-9]|[12][0-9]|30))|(02)(0[1-9]|[1][0-9]|2[0-8]))([0-9]{3}[1-9]|[0-9]{2}[1-9][0-9]{1}|[0-9]{1}[1-9][0-9]{2}|[1-9][0-9]{3}))|(0229(([0-9]{2})(0[48]|[2468][048]|[13579][26])|((0[48]|[2468][048]|[3579][26])00)))"", ""placeholder"": ""08262020"", ""required"": true, ""tooltip"": ""You need input the date in MMDDYYYY format"", ""value"": """"}"
WY,Wyoming,Rev. 11/14/2018 (0900),DOE,1,DOE,Expiry date,input,True,01152025,((((0[13578]|1[02])(0[1-9]|[12][0-9]|3[01]))|((0[469]|11)(0[1-9]|[12][0-9]|30))|(02)(0[1-9]|[1][0-9]|2[0-8]))([0-9]{3}[1-9]|[0-9]{2}[1-9][0-9]{1}|[0-9]{1}[1-9][0-9]{2}|[1-9][0-9]{3}))|(0229(([0-9]{2})(0[48]|[2468][048]|[13579][26])|((0[48]|[2468][048]|[3579][26])00))),8,8,,"Same month and day as in birth date. After July 2019 5 years, before that 4 years after the year of issue",[],"{""element"": ""input"", ""label"": ""Expiry date"", ""maxlength"": 8, ""minlength"": 8, ""name"": ""DOE"", ""pattern"": ""((((0[13578]|1[02])(0[1-9]|[12][0-9]|3[01]))|((0[469]|11)(0[1-9]|[12][0-9]|30))|(02)(0[1-9]|[1][0-9]|2[0-8]))([0-9]{3}[1-9]|[0-9]{2}[1-9][0-9]{1}|[0-9]{1}[1-9][0-9]{2}|[1-9][0-9]{3}))|(0229(([0-9]{2})(0[48]|[2468][048]|[13579][26])|((0[48]|[2468][048]|[3579][26])00)))"", ""placeholder"": ""01152025"", ""required"": true, ""tooltip"": ""Same month and day as in birth date. After July 2019 5 years, before that 4 years after the year of issue"", ""value"": """"}"
WY,Wyoming,Rev. 11/14/2018 (0900),ICN,1,ICN,ICN,input,True,1000038857,10000[0-9]{5},10,10,,10000 + 5 digits. You can click on the calculator icon to calculate ICN <b>automatically!</b>,[],"{""element"": ""input"", ""label"": ""ICN"", ""maxlength"": 10, ""minlength"": 10, ""name"": ""ICN"", ""pattern"": ""10000[0-9]{5}"", ""placeholder"": ""1000038857"", ""required"": true, ""tooltip"": ""10000 + 5 digits. You can click on the calculator icon to calculate ICN <b>automatically!</b>"", ""value"": null}"
WY,Wyoming,Rev. 11/14/2018 (0900),DD,1,DD,DD,input,True,1000038857,10000[0-9]{5},10,10,,10000 + 5 digits. Same as ICN. You can click on the calculator icon to calculate DD <b>automatically!</b>,[],"{""element"": ""input"", ""label"": ""DD"", ""maxlength"": 10, ""minlength"": 10, ""name"": ""DD"", ""pattern"": ""10000[0-9]{5}"", ""placeholder"": ""1000038857"", ""required"": true, ""tooltip"": ""10000 + 5 digits. Same as ICN. You can click on the calculator icon to calculate DD <b>automatically!</b>"", ""value"": null}"
WY,Wyoming,Rev. 11/14/2018 (0900),RESTRICTIONS,1,RESTRICTIONS,Restrictions,input,True,NONE,,,,NONE,,[],"{""element"": ""input"", ""label"": ""Restrictions"", ""name"": ""RESTRICTIONS"", ""pattern"": null, ""placeholder"": ""NONE"", ""required"": true, ""tooltip"": null, ""value"": ""NONE""}"
WY,Wyoming,Rev. 11/14/2018 (0900),ENDORSEMENT,1,ENDORSEMENT,Endorsement,input,True,NONE,,,,NONE,,[],"{""element"": ""input"", ""label"": ""Endorsement"", ""name"": ""ENDORSEMENT"", ""pattern"": null, ""placeholder"": ""NONE"", ""required"": true, ""tooltip"": null, ""value"": ""NONE""}"
WY,Wyoming,Rev. 11/14/2018 (0900),HEIGHT,1,HEIGHT,Height (in.),input,True,69,,,2,69,,[],"{""element"": ""input"", ""label"": ""Height (in.)"", ""maxlength"": 2, ""name"": ""HEIGHT"", ""pattern"": null, ""placeholder"": ""69"", ""required"": true, ""tooltip"": null, ""value"": ""69""}"
WY,Wyoming,Rev. 11/14/2018 (0900),WEIGHT,1,WEIGHT,Weight (lb.),input,True,169,,,3,169,,[],"{""element"": ""input"", ""label"": ""Weight (lb.)"", ""maxlength"": 3, ""name"": ""WEIGHT"", ""pattern"": null, ""placeholder"": ""169"", ""required"": true, ""tooltip"": null, ""value"": ""169""}"
WY,Wyoming,Rev. 11/14/2018 (0900),EYE,1,EYE,Eye (ANSI D-20),select,True,,,,,,,"[{""value"": """", ""label"": ""== Select ==""}, {""value"": ""BLK"", ""label"": ""BLK (Black)""}, {""value"": ""BLU"", ""label"": ""BLU (Blue)""}, {""value"": ""BRO"", ""label"": ""BRO (Brown)""}, {""value"": ""GRY"", ""label"": ""GRY (Gray)""}, {""value"": ""GRN"", ""label"": ""GRN (Green)""}, {""value"": ""HAZ"", ""label"": ""HAZ (Hazel)""}, {""value"": ""MAR"", ""label"": ""MAR (Maroon)""}, {""value"": ""PNK"", ""label"": ""PNK (Pink)""}, {""value"": ""DIC"", ""label"": ""DIC (Dichromatic)""}, {""value"": ""UNK"", ""label"": ""UNK (Unknown)""}]","{""element"": ""select"", ""label"": ""Eye (ANSI D-20)"", ""name"": ""EYE"", ""options"": [{""label"": ""== Select =="", ""value"": """"}, {""label"": ""BLK (Black)"", ""value"": ""BLK""}, {""label"": ""BLU (Blue)"", ""value"": ""BLU""}, {""label"": ""BRO (Brown)"", ""value"": ""BRO""}, {""label"": ""GRY (Gray)"", ""value"": ""GRY""}, {""label"": ""GRN (Green)"", ""value"": ""GRN""}, {""label"": ""HAZ (Hazel)"", ""value"": ""HAZ""}, {""label"": ""MAR (Maroon)"", ""value"": ""MAR""}, {""label"": ""PNK (Pink)"", ""value"": ""PNK""}, {""label"": ""DIC (Dichromatic)"", ""value"": ""DIC""}, {""label"": ""UNK (Unknown)"", ""value"": ""UNK""}], ""pattern"": null, ""placeholder"": null, ""required"": true, ""tooltip"": null, ""value"": null}"
WY,Wyoming,Rev. 11/14/2018 (0900),HAIR,1,HAIR,Hair (ANSI D-20),select,True,,,,,,,"[{""value"": """", ""label"": ""== Select ==""}, {""value"": ""BLK"", ""label"": ""BLK (Black)""}, {""value"": ""BLN"", ""label"": ""BLN (Blond)""}, {""value"": ""BRO"", ""label"": ""BRO (Brown)""}, {""value"": ""GRY"", ""label"": ""GRY (Grey)""}, {""value"": ""RED"", ""label"": ""RED (Red/Auburn)""}, {""value"": ""SDY"", ""label"": ""SDY (Sandy)""}, {""value"": ""WHI"", ""label"": ""WHI (White)""}, {""value"": ""UNK"", ""label"": ""UNK (Unknown)""}, {""value"": ""BAL"", ""label"": ""BAL (Bald)""}]","{""element"": ""select"", ""label"": ""Hair (ANSI D-20)"", ""name"": ""HAIR"", ""options"": [{""label"": ""== Select =="", ""value"": """"}, {""label"": ""BLK (Black)"", ""value"": ""BLK""}, {""label"": ""BLN (Blond)"", ""value"": ""BLN""}, {""label"": ""BRO (Brown)"", ""value"": ""BRO""}, {""label"": ""GRY (Grey)"", ""value"": ""GRY""}, {""label"": ""RED (Red/Auburn)"", ""value"": ""RED""}, {""label"": ""SDY (Sandy)"", ""value"": ""SDY""}, {""label"": ""WHI (White)"", ""value"": ""WHI""}, {""label"": ""UNK (Unknown)"", ""value"": ""UNK""}, {""label"": ""BAL (Bald)"", ""value"": ""BAL""}], ""pattern"": null, ""placeholder"": null, ""required"": true, ""tooltip"": null, ""value"": null}"
AB,Alberta,,NUMBER,1,NUMBER,DL Number,input,True,153574-564,[0-9]{6}-[0-9]{3},10,10,,You can click on the calculator icon to calculate number <b>automatically!</b>,[],"{""element"": ""input"", ""label"": ""DL Number"", ""maxlength"": 10, ""minlength"": 10, ""name"": ""NUMBER"", ""pattern"": ""[0-9]{6}-[0-9]{3}"", ""placeholder"": ""153574-564"", ""required"": true, ""tooltip"": ""You can click on the calculator icon to calculate number <b>automatically!</b>"", ""value"": """"}"
AB,Alberta,,FIRSTNAME,1,FIRSTNAME,First name,input,True,John,[a-zA-Z\s]+,,,,,[],"{""element"": ""input"", ""label"": ""First name"", ""name"": ""FIRSTNAME"", ""pattern"": ""[a-zA-Z\\s]+"", ""placeholder"": ""John"", ""required"": true, ""tooltip"": null, ""value"": """"}"
AB,Alberta,,LASTNAME,1,LASTNAME,Last name,input,True,Doe,[a-zA-Z\s]+,,,,,[],"{""element"": ""input"", ""label"": ""Last name"", ""name"": ""LASTNAME"", ""pattern"": ""[a-zA-Z\\s]+"", ""placeholder"": ""Doe"", ""required"": true, ""tooltip"": null, ""value"": """"}"
AB,Alberta,,MIDDLENAME,1,MIDDLENAME,Middle name,input,False,Daniel,[a-zA-Z\s]+,,,NONE,This field is optional. You can click on the calculator icon to generate random name. Select gender in the field below to specify name gender.,[],"{""element"": ""input"", ""label"": ""Middle name"", ""name"": ""MIDDLENAME"", ""pattern"": ""[a-zA-Z\\s]+"", ""placeholder"": ""Daniel"", ""required"": false, ""tooltip"": ""This field is optional. You can click on the calculator icon to generate random name. Select gender in the field below to specify name gender."", ""value"": ""NONE""}"
AB,Alberta,,ADDRESS,1,ADDRESS,Address,input,True,452 Scimitar Bay NW,,,,452 Scimitar Bay NW,,[],"{""element"": ""input"", ""label"": ""Address"", ""name"": ""ADDRESS"", ""pattern"": null, ""placeholder"": ""452 Scimitar Bay NW"", ""required"": true, ""tooltip"": null, ""value"": ""452 Scimitar Bay NW""}"
AB,Alberta,,CITY,1,CITY,City,input,True,Calgary,,,,Calgary,,[],"{""element"": ""input"", ""label"": ""City"", ""name"": ""CITY"", ""pattern"": null, ""placeholder"": ""Calgary"", ""required"": true, ""tooltip"": null, ""value"": ""Calgary""}"
AB,Alberta,,ZIP,1,ZIP,Zip code,input,True,T3L 1S7,[a-zA-Z0-9]{3} [a-zA-Z0-9]{3},7,7,T3L 1S7,,[],"{""element"": ""input"", ""label"": ""Zip code"", ""maxlength"": 7, ""minlength"": 7, ""name"": ""ZIP"", ""pattern"": ""[a-zA-Z0-9]{3} [a-zA-Z0-9]{3}"", ""placeholder"": ""T3L 1S7"", ""required"": true, ""tooltip"": null, ""value"": ""T3L 1S7""}"
AB,Alberta,,CLASS,1,CLASS,DL Class,input,True,5,[A-Z1-9]+,1,4,5,,[],"{""element"": ""input"", ""label"": ""DL Class"", ""maxlength"": 4, ""minlength"": 1, ""name"": ""CLASS"", ""pattern"": ""[A-Z1-9]+"", ""placeholder"": ""5"", ""required"": true, ""tooltip"": null, ""value"": ""5""}"
AB,Alberta,,SEX,1,SEX,Sex,select,False,,,,,,,"[{""value"": ""M"", ""label"": ""M""}, {""value"": ""F"", ""label"": ""F""}]","{""element"": ""select"", ""label"": ""Sex"", ""name"": ""SEX"", ""options"": [{""label"": ""M"", ""value"": ""M""}, {""label"": ""F"", ""value"": ""F""}], ""pattern"": null, ""placeholder"": null, ""required"": false, ""tooltip"": null, ""value"": null}"
AB,Alberta,,DOB,1,DOB,Birth date,input,True,19701125,(([0-9]{3}[1-9]|[0-9]{2}[1-9][0-9]{1}|[0-9]{1}[1-9][0-9]{2}|[1-9][0-9]{3})(((0[13578]|1[02])(0[1-9]|[12][0-9]|3[01]))|((0[469]|11)(0[1-9]|[12][0-9]|30))|(02(0[1-9]|[1][0-9]|2[0-8]))))|((([0-9]{2})(0[48]|[2468][048]|[13579][26])|((0[48]|[2468][048]|[3579][26])00))0229),8,8,,You need input the date in YYYYMMDD format,[],"{""element"": ""input"", ""label"": ""Birth date"", ""maxlength"": 8, ""minlength"": 8, ""name"": ""DOB"", ""pattern"": ""(([0-9]{3}[1-9]|[0-9]{2}[1-9][0-9]{1}|[0-9]{1}[1-9][0-9]{2}|[1-9][0-9]{3})(((0[13578]|1[02])(0[1-9]|[12][0-9]|3[01]))|((0[469]|11)(0[1-9]|[12][0-9]|30))|(02(0[1-9]|[1][0-9]|2[0-8]))))|((([0-9]{2})(0[48]|[2468][048]|[13579][26])|((0[48]|[2468][048]|[3579][26])00))0229)"", ""placeholder"": ""19701125"", ""required"": true, ""tooltip"": ""You need input the date in YYYYMMDD format"", ""value"": """"}"
AB,Alberta,,DOI,1,DOI,Issue date,input,True,20201120,(([0-9]{3}[1-9]|[0-9]{2}[1-9][0-9]{1}|[0-9]{1}[1-9][0-9]{2}|[1-9][0-9]{3})(((0[13578]|1[02])(0[1-9]|[12][0-9]|3[01]))|((0[469]|11)(0[1-9]|[12][0-9]|30))|(02(0[1-9]|[1][0-9]|2[0-8]))))|((([0-9]{2})(0[48]|[2468][048]|[13579][26])|((0[48]|[2468][048]|[3579][26])00))0229),8,8,,You need input the date in YYYYMMDD format,[],"{""element"": ""input"", ""label"": ""Issue date"", ""maxlength"": 8, ""minlength"": 8, ""name"": ""DOI"", ""pattern"": ""(([0-9]{3}[1-9]|[0-9]{2}[1-9][0-9]{1}|[0-9]{1}[1-9][0-9]{2}|[1-9][0-9]{3})(((0[13578]|1[02])(0[1-9]|[12][0-9]|3[01]))|((0[469]|11)(0[1-9]|[12][0-9]|30))|(02(0[1-9]|[1][0-9]|2[0-8]))))|((([0-9]{2})(0[48]|[2468][048]|[13579][26])|((0[48]|[2468][048]|[3579][26])00))0229)"", ""placeholder"": ""20201120"", ""required"": true, ""tooltip"": ""You need input the date in YYYYMMDD format"", ""value"": """"}"
AB,Alberta,,DOE,1,DOE,Expiry date,input,True,20251125,(([0-9]{3}[1-9]|[0-9]{2}[1-9][0-9]{1}|[0-9]{1}[1-9][0-9]{2}|[1-9][0-9]{3})(((0[13578]|1[02])(0[1-9]|[12][0-9]|3[01]))|((0[469]|11)(0[1-9]|[12][0-9]|30))|(02(0[1-9]|[1][0-9]|2[0-8]))))|((([0-9]{2})(0[48]|[2468][048]|[13579][26])|((0[48]|[2468][048]|[3579][26])00))0229),8,8,,You need input the date in YYYYMMDD format,[],"{""element"": ""input"", ""label"": ""Expiry date"", ""maxlength"": 8, ""minlength"": 8, ""name"": ""DOE"", ""pattern"": ""(([0-9]{3}[1-9]|[0-9]{2}[1-9][0-9]{1}|[0-9]{1}[1-9][0-9]{2}|[1-9][0-9]{3})(((0[13578]|1[02])(0[1-9]|[12][0-9]|3[01]))|((0[469]|11)(0[1-9]|[12][0-9]|30))|(02(0[1-9]|[1][0-9]|2[0-8]))))|((([0-9]{2})(0[48]|[2468][048]|[13579][26])|((0[48]|[2468][048]|[3579][26])00))0229)"", ""placeholder"": ""20251125"", ""required"": true, ""tooltip"": ""You need input the date in YYYYMMDD format"", ""value"": """"}"
AB,Alberta,,DD,1,DD,DD,input,True,0571-54946,[0-9]{4}-[0-9]{5},10,10,,2 letters and 7 digits. You can click on the calculator icon to calculate DD <b>automatically!</b>,[],"{""element"": ""input"", ""label"": ""DD"", ""maxlength"": 10, ""minlength"": 10, ""name"": ""DD"", ""pattern"": ""[0-9]{4}-[0-9]{5}"", ""placeholder"": ""0571-54946"", ""required"": true, ""tooltip"": ""2 letters and 7 digits. You can click on the calculator icon to calculate DD <b>automatically!</b>"", ""value"": null}"
AB,Alberta,,RESTRICTIONS,1,RESTRICTIONS,Restrictions,input,True,NONE,,,,NONE,,[],"{""element"": ""input"", ""label"": ""Restrictions"", ""name"": ""RESTRICTIONS"", ""pattern"": null, ""placeholder"": ""NONE"", ""required"": true, ""tooltip"": null, ""value"": ""NONE""}"
AB,Alberta,,ENDORSEMENT,1,ENDORSEMENT,Endorsement,input,True,NONE,,,,NONE,,[],"{""element"": ""input"", ""label"": ""Endorsement"", ""name"": ""ENDORSEMENT"", ""pattern"": null, ""placeholder"": ""NONE"", ""required"": true, ""tooltip"": null, ""value"": ""NONE""}"
AB,Alberta,,HEIGHT,1,HEIGHT_CM,Height (cm),input,True,175,,,3,175,,[],"{""element"": ""input"", ""label"": ""Height (cm)"", ""maxlength"": 3, ""name"": ""HEIGHT_CM"", ""pattern"": null, ""placeholder"": ""175"", ""required"": true, ""tooltip"": null, ""value"": ""175""}"
AB,Alberta,,WEIGHT,1,WEIGHT,Weight (lb.),input,True,169,,,3,169,,[],"{""element"": ""input"", ""label"": ""Weight (lb.)"", ""maxlength"": 3, ""name"": ""WEIGHT"", ""pattern"": null, ""placeholder"": ""169"", ""required"": true, ""tooltip"": null, ""value"": ""169""}"
AB,Alberta,,EYE,1,EYE,Eye (ANSI D-20),select,True,,,,,,,"[{""value"": """", ""label"": ""== Select ==""}, {""value"": ""BLK"", ""label"": ""BLK (Black)""}, {""value"": ""BLU"", ""label"": ""BLU (Blue)""}, {""value"": ""BRO"", ""label"": ""BRO (Brown)""}, {""value"": ""GRY"", ""label"": ""GRY (Gray)""}, {""value"": ""GRN"", ""label"": ""GRN (Green)""}, {""value"": ""HAZ"", ""label"": ""HAZ (Hazel)""}, {""value"": ""MAR"", ""label"": ""MAR (Maroon)""}, {""value"": ""PNK"", ""label"": ""PNK (Pink)""}, {""value"": ""DIC"", ""label"": ""DIC (Dichromatic)""}, {""value"": ""UNK"", ""label"": ""UNK (Unknown)""}]","{""element"": ""select"", ""label"": ""Eye (ANSI D-20)"", ""name"": ""EYE"", ""options"": [{""label"": ""== Select =="", ""value"": """"}, {""label"": ""BLK (Black)"", ""value"": ""BLK""}, {""label"": ""BLU (Blue)"", ""value"": ""BLU""}, {""label"": ""BRO (Brown)"", ""value"": ""BRO""}, {""label"": ""GRY (Gray)"", ""value"": ""GRY""}, {""label"": ""GRN (Green)"", ""value"": ""GRN""}, {""label"": ""HAZ (Hazel)"", ""value"": ""HAZ""}, {""label"": ""MAR (Maroon)"", ""value"": ""MAR""}, {""label"": ""PNK (Pink)"", ""value"": ""PNK""}, {""label"": ""DIC (Dichromatic)"", ""value"": ""DIC""}, {""label"": ""UNK (Unknown)"", ""value"": ""UNK""}], ""pattern"": null, ""placeholder"": null, ""required"": true, ""tooltip"": null, ""value"": null}"
AB,Alberta,,HAIR,1,HAIR,Hair (ANSI D-20),select,True,,,,,,,"[{""value"": """", ""label"": ""== Select ==""}, {""value"": ""BLK"", ""label"": ""BLK (Black)""}, {""value"": ""BLN"", ""label"": ""BLN (Blond)""}, {""value"": ""BRO"", ""label"": ""BRO (Brown)""}, {""value"": ""GRY"", ""label"": ""GRY (Grey)""}, {""value"": ""RED"", ""label"": ""RED (Red/Auburn)""}, {""value"": ""SDY"", ""label"": ""SDY (Sandy)""}, {""value"": ""WHI"", ""label"": ""WHI (White)""}, {""value"": ""UNK"", ""label"": ""UNK (Unknown)""}, {""value"": ""BAL"", ""label"": ""BAL (Bald)""}]","{""element"": ""select"", ""label"": ""Hair (ANSI D-20)"", ""name"": ""HAIR"", ""options"": [{""label"": ""== Select =="", ""value"": """"}, {""label"": ""BLK (Black)"", ""value"": ""BLK""}, {""label"": ""BLN (Blond)"", ""value"": ""BLN""}, {""label"": ""BRO (Brown)"", ""value"": ""BRO""}, {""label"": ""GRY (Grey)"", ""value"": ""GRY""}, {""label"": ""RED (Red/Auburn)"", ""value"": ""RED""}, {""label"": ""SDY (Sandy)"", ""value"": ""SDY""}, {""label"": ""WHI (White)"", ""value"": ""WHI""}, {""label"": ""UNK (Unknown)"", ""value"": ""UNK""}, {""label"": ""BAL (Bald)"", ""value"": ""BAL""}], ""pattern"": null, ""placeholder"": null, ""required"": true, ""tooltip"": null, ""value"": null}"
AB,Alberta,,ADDRESS2,1,ADDRESS2,Address (2nd line),input,False,,,,,,,[],"{""element"": ""input"", ""label"": ""Address (2nd line)"", ""name"": ""ADDRESS2"", ""pattern"": null, ""placeholder"": """", ""required"": false, ""tooltip"": null, ""value"": """"}"
MB,Manitoba,,NUMBER,1,NUMBER,DL Number,input,True,BA-NL-ES-L200NA,[a-zA-Z]{2}\-[a-zA-Z]{2}\-[a-zA-Z]{2}\-[a-zA-Z0-9]{6},15,15,,You can click on the calculator icon to calculate number <b>automatically!</b>,[],"{""element"": ""input"", ""label"": ""DL Number"", ""maxlength"": 15, ""minlength"": 15, ""name"": ""NUMBER"", ""pattern"": ""[a-zA-Z]{2}\\-[a-zA-Z]{2}\\-[a-zA-Z]{2}\\-[a-zA-Z0-9]{6}"", ""placeholder"": ""BA-NL-ES-L200NA"", ""required"": true, ""tooltip"": ""You can click on the calculator icon to calculate number <b>automatically!</b>"", ""value"": """"}"
MB,Manitoba,,FIRSTNAME,1,FIRSTNAME,First name,input,True,John,[a-zA-Z\s]+,,,,,[],"{""element"": ""input"", ""label"": ""First name"", ""name"": ""FIRSTNAME"", ""pattern"": ""[a-zA-Z\\s]+"", ""placeholder"": ""John"", ""required"": true, ""tooltip"": null, ""value"": """"}"
MB,Manitoba,,LASTNAME,1,LASTNAME,Last name,input,True,Doe,[a-zA-Z\s]+,,,,,[],"{""element"": ""input"", ""label"": ""Last name"", ""name"": ""LASTNAME"", ""pattern"": ""[a-zA-Z\\s]+"", ""placeholder"": ""Doe"", ""required"": true, ""tooltip"": null, ""value"": """"}"
MB,Manitoba,,MIDDLENAME,1,MIDDLENAME,Middle name,input,False,,,,,,This field is optional. You can click on the calculator icon to generate random name. Select gender in the field below to specify name gender.,[],"{""element"": ""input"", ""label"": ""Middle name"", ""name"": ""MIDDLENAME"", ""pattern"": null, ""placeholder"": """", ""required"": false, ""tooltip"": ""This field is optional. You can click on the calculator icon to generate random name. Select gender in the field below to specify name gender."", ""value"": """"}"
MB,Manitoba,,ADDRESS,1,ADDRESS,Address,input,True,708 Alfred Ave,,,,708 Alfred Ave,,[],"{""element"": ""input"", ""label"": ""Address"", ""name"": ""ADDRESS"", ""pattern"": null, ""placeholder"": ""708 Alfred Ave"", ""required"": true, ""tooltip"": null, ""value"": ""708 Alfred Ave""}"
MB,Manitoba,,CITY,1,CITY,City,input,True,Winnipeg,,,,Winnipeg,,[],"{""element"": ""input"", ""label"": ""City"", ""name"": ""CITY"", ""pattern"": null, ""placeholder"": ""Winnipeg"", ""required"": true, ""tooltip"": null, ""value"": ""Winnipeg""}"
MB,Manitoba,,ZIP,1,ZIP,Zip code,input,True,R2W 1Y8,[a-zA-Z0-9]{3} [a-zA-Z0-9]{3},7,7,R2W 1Y8,,[],"{""element"": ""input"", ""label"": ""Zip code"", ""maxlength"": 7, ""minlength"": 7, ""name"": ""ZIP"", ""pattern"": ""[a-zA-Z0-9]{3} [a-zA-Z0-9]{3}"", ""placeholder"": ""R2W 1Y8"", ""required"": true, ""tooltip"": null, ""value"": ""R2W 1Y8""}"
MB,Manitoba,,CLASS,1,CLASS,DL Class,input,True,5F,[A-Z1-9]+,1,4,5F,,[],"{""element"": ""input"", ""label"": ""DL Class"", ""maxlength"": 4, ""minlength"": 1, ""name"": ""CLASS"", ""pattern"": ""[A-Z1-9]+"", ""placeholder"": ""5F"", ""required"": true, ""tooltip"": null, ""value"": ""5F""}"
MB,Manitoba,,SEX,1,SEX,Sex,select,False,,,,,,,"[{""value"": ""M"", ""label"": ""M""}, {""value"": ""F"", ""label"": ""F""}]","{""element"": ""select"", ""label"": ""Sex"", ""name"": ""SEX"", ""options"": [{""label"": ""M"", ""value"": ""M""}, {""label"": ""F"", ""value"": ""F""}], ""pattern"": null, ""placeholder"": null, ""required"": false, ""tooltip"": null, ""value"": null}"
MB,Manitoba,,DOB,1,DOB,Birth date,input,True,19700115,(([0-9]{3}[1-9]|[0-9]{2}[1-9][0-9]{1}|[0-9]{1}[1-9][0-9]{2}|[1-9][0-9]{3})(((0[13578]|1[02])(0[1-9]|[12][0-9]|3[01]))|((0[469]|11)(0[1-9]|[12][0-9]|30))|(02(0[1-9]|[1][0-9]|2[0-8]))))|((([0-9]{2})(0[48]|[2468][048]|[13579][26])|((0[48]|[2468][048]|[3579][26])00))0229),8,8,,You need input the date in YYYYMMDD format,[],"{""element"": ""input"", ""label"": ""Birth date"", ""maxlength"": 8, ""minlength"": 8, ""name"": ""DOB"", ""pattern"": ""(([0-9]{3}[1-9]|[0-9]{2}[1-9][0-9]{1}|[0-9]{1}[1-9][0-9]{2}|[1-9][0-9]{3})(((0[13578]|1[02])(0[1-9]|[12][0-9]|3[01]))|((0[469]|11)(0[1-9]|[12][0-9]|30))|(02(0[1-9]|[1][0-9]|2[0-8]))))|((([0-9]{2})(0[48]|[2468][048]|[13579][26])|((0[48]|[2468][048]|[3579][26])00))0229)"", ""placeholder"": ""19700115"", ""required"": true, ""tooltip"": ""You need input the date in YYYYMMDD format"", ""value"": """"}"
MB,Manitoba,,DOI,1,DOI,Issue date,input,True,20220821,(([0-9]{3}[1-9]|[0-9]{2}[1-9][0-9]{1}|[0-9]{1}[1-9][0-9]{2}|[1-9][0-9]{3})(((0[13578]|1[02])(0[1-9]|[12][0-9]|3[01]))|((0[469]|11)(0[1-9]|[12][0-9]|30))|(02(0[1-9]|[1][0-9]|2[0-8]))))|((([0-9]{2})(0[48]|[2468][048]|[13579][26])|((0[48]|[2468][048]|[3579][26])00))0229),8,8,,You need input the date in YYYYMMDD format,[],"{""element"": ""input"", ""label"": ""Issue date"", ""maxlength"": 8, ""minlength"": 8, ""name"": ""DOI"", ""pattern"": ""(([0-9]{3}[1-9]|[0-9]{2}[1-9][0-9]{1}|[0-9]{1}[1-9][0-9]{2}|[1-9][0-9]{3})(((0[13578]|1[02])(0[1-9]|[12][0-9]|3[01]))|((0[469]|11)(0[1-9]|[12][0-9]|30))|(02(0[1-9]|[1][0-9]|2[0-8]))))|((([0-9]{2})(0[48]|[2468][048]|[13579][26])|((0[48]|[2468][048]|[3579][26])00))0229)"", ""placeholder"": ""20220821"", ""required"": true, ""tooltip"": ""You need input the date in YYYYMMDD format"", ""value"": """"}"
MB,Manitoba,,DOE,1,DOE,Expiry date,input,True,20251021,(([0-9]{3}[1-9]|[0-9]{2}[1-9][0-9]{1}|[0-9]{1}[1-9][0-9]{2}|[1-9][0-9]{3})(((0[13578]|1[02])(0[1-9]|[12][0-9]|3[01]))|((0[469]|11)(0[1-9]|[12][0-9]|30))|(02(0[1-9]|[1][0-9]|2[0-8]))))|((([0-9]{2})(0[48]|[2468][048]|[13579][26])|((0[48]|[2468][048]|[3579][26])00))0229),8,8,,You need input the date in YYYYMMDD format,[],"{""element"": ""input"", ""label"": ""Expiry date"", ""maxlength"": 8, ""minlength"": 8, ""name"": ""DOE"", ""pattern"": ""(([0-9]{3}[1-9]|[0-9]{2}[1-9][0-9]{1}|[0-9]{1}[1-9][0-9]{2}|[1-9][0-9]{3})(((0[13578]|1[02])(0[1-9]|[12][0-9]|3[01]))|((0[469]|11)(0[1-9]|[12][0-9]|30))|(02(0[1-9]|[1][0-9]|2[0-8]))))|((([0-9]{2})(0[48]|[2468][048]|[13579][26])|((0[48]|[2468][048]|[3579][26])00))0229)"", ""placeholder"": ""20251021"", ""required"": true, ""tooltip"": ""You need input the date in YYYYMMDD format"", ""value"": """"}"
MB,Manitoba,,ICN,1,ICN,ICN,input,True,519426452,[0-9]{9},9,9,,9 digits. You can click on the calculator icon to calculate ICN <b>automatically!</b>,[],"{""element"": ""input"", ""label"": ""ICN"", ""maxlength"": 9, ""minlength"": 9, ""name"": ""ICN"", ""pattern"": ""[0-9]{9}"", ""placeholder"": ""519426452"", ""required"": true, ""tooltip"": ""9 digits. You can click on the calculator icon to calculate ICN <b>automatically!</b>"", ""value"": null}"
MB,Manitoba,,DD,1,DD,DD,input,True,823164527,[a-zA-Z0-9]{9},9,9,,9 digits. You can click on the calculator icon to calculate DD <b>automatically!</b>,[],"{""element"": ""input"", ""label"": ""DD"", ""maxlength"": 9, ""minlength"": 9, ""name"": ""DD"", ""pattern"": ""[a-zA-Z0-9]{9}"", ""placeholder"": ""823164527"", ""required"": true, ""tooltip"": ""9 digits. You can click on the calculator icon to calculate DD <b>automatically!</b>"", ""value"": null}"
MB,Manitoba,,RESTRICTIONS,1,RESTRICTIONS,Restrictions,input,True,NONE,,,,NONE,,[],"{""element"": ""input"", ""label"": ""Restrictions"", ""name"": ""RESTRICTIONS"", ""pattern"": null, ""placeholder"": ""NONE"", ""required"": true, ""tooltip"": null, ""value"": ""NONE""}"
MB,Manitoba,,ENDORSEMENT,1,ENDORSEMENT,Endorsement,input,True,NONE,,,,NONE,,[],"{""element"": ""input"", ""label"": ""Endorsement"", ""name"": ""ENDORSEMENT"", ""pattern"": null, ""placeholder"": ""NONE"", ""required"": true, ""tooltip"": null, ""value"": ""NONE""}"
MB,Manitoba,,HEIGHT,1,HEIGHT_CM,Height (cm),input,True,175,,,3,175,,[],"{""element"": ""input"", ""label"": ""Height (cm)"", ""maxlength"": 3, ""name"": ""HEIGHT_CM"", ""pattern"": null, ""placeholder"": ""175"", ""required"": true, ""tooltip"": null, ""value"": ""175""}"
MB,Manitoba,,EYE,1,EYE,Eye (ANSI D-20),select,True,,,,,,,"[{""value"": """", ""label"": ""== Select ==""}, {""value"": ""BLK"", ""label"": ""BLK (Black)""}, {""value"": ""BLU"", ""label"": ""BLU (Blue)""}, {""value"": ""BRO"", ""label"": ""BRO (Brown)""}, {""value"": ""GRY"", ""label"": ""GRY (Gray)""}, {""value"": ""GRN"", ""label"": ""GRN (Green)""}, {""value"": ""HAZ"", ""label"": ""HAZ (Hazel)""}, {""value"": ""MAR"", ""label"": ""MAR (Maroon)""}, {""value"": ""PNK"", ""label"": ""PNK (Pink)""}, {""value"": ""DIC"", ""label"": ""DIC (Dichromatic)""}, {""value"": ""UNK"", ""label"": ""UNK (Unknown)""}]","{""element"": ""select"", ""label"": ""Eye (ANSI D-20)"", ""name"": ""EYE"", ""options"": [{""label"": ""== Select =="", ""value"": """"}, {""label"": ""BLK (Black)"", ""value"": ""BLK""}, {""label"": ""BLU (Blue)"", ""value"": ""BLU""}, {""label"": ""BRO (Brown)"", ""value"": ""BRO""}, {""label"": ""GRY (Gray)"", ""value"": ""GRY""}, {""label"": ""GRN (Green)"", ""value"": ""GRN""}, {""label"": ""HAZ (Hazel)"", ""value"": ""HAZ""}, {""label"": ""MAR (Maroon)"", ""value"": ""MAR""}, {""label"": ""PNK (Pink)"", ""value"": ""PNK""}, {""label"": ""DIC (Dichromatic)"", ""value"": ""DIC""}, {""label"": ""UNK (Unknown)"", ""value"": ""UNK""}], ""pattern"": null, ""placeholder"": null, ""required"": true, ""tooltip"": null, ""value"": null}"
ON,Ontario,,NUMBER,1,NUMBER,DL Number,input,True,P5718-37583-29384,[a-zA-Z][0-9]{4}-[0-9]{5}-[0-9]{5},17,17,,You can click on the calculator icon to calculate number <b>automatically!</b>,[],"{""element"": ""input"", ""label"": ""DL Number"", ""maxlength"": 17, ""minlength"": 17, ""name"": ""NUMBER"", ""pattern"": ""[a-zA-Z][0-9]{4}-[0-9]{5}-[0-9]{5}"", ""placeholder"": ""P5718-37583-29384"", ""required"": true, ""tooltip"": ""You can click on the calculator icon to calculate number <b>automatically!</b>"", ""value"": """"}"
ON,Ontario,,LASTNAME,1,LASTNAME,Last name,input,True,Doe,[a-zA-Z\s]+,,,,,[],"{""element"": ""input"", ""label"": ""Last name"", ""name"": ""LASTNAME"", ""pattern"": ""[a-zA-Z\\s]+"", ""placeholder"": ""Doe"", ""required"": true, ""tooltip"": null, ""value"": """"}"
ON,Ontario,,FIRSTNAME,1,FIRSTNAME,First & Middle name,input,True,"Donald,James","[a-zA-Z\s,]+",,,,Enter First name or First + Middle separated by commas.,[],"{""element"": ""input"", ""label"": ""First & Middle name"", ""name"": ""FIRSTNAME"", ""pattern"": ""[a-zA-Z\\s,]+"", ""placeholder"": ""Donald,James"", ""required"": true, ""tooltip"": ""Enter First name or First + Middle separated by commas."", ""value"": """"}"
ON,Ontario,,ADDRESS,1,ADDRESS,Address,input,True,482 Thorndale Dr,,,,482 Thorndale Dr,,[],"{""element"": ""input"", ""label"": ""Address"", ""name"": ""ADDRESS"", ""pattern"": null, ""placeholder"": ""482 Thorndale Dr"", ""required"": true, ""tooltip"": null, ""value"": ""482 Thorndale Dr""}"
ON,Ontario,,CITY,1,CITY,City,input,True,Waterloo,,,,Waterloo,,[],"{""element"": ""input"", ""label"": ""City"", ""name"": ""CITY"", ""pattern"": null, ""placeholder"": ""Waterloo"", ""required"": true, ""tooltip"": null, ""value"": ""Waterloo""}"
ON,Ontario,,ZIP,1,ZIP,Zip code,input,True,N2T 1W5,[a-zA-Z0-9]{3} [a-zA-Z0-9]{3},7,7,N2T 1W5,,[],"{""element"": ""input"", ""label"": ""Zip code"", ""maxlength"": 7, ""minlength"": 7, ""name"": ""ZIP"", ""pattern"": ""[a-zA-Z0-9]{3} [a-zA-Z0-9]{3}"", ""placeholder"": ""N2T 1W5"", ""required"": true, ""tooltip"": null, ""value"": ""N2T 1W5""}"
ON,Ontario,,CLASS,1,CLASS,DL Class,input,True,G,[A-Z1-9]+,1,4,G,,[],"{""element"": ""input"", ""label"": ""DL Class"", ""maxlength"": 4, ""minlength"": 1, ""name"": ""CLASS"", ""pattern"": ""[A-Z1-9]+"", ""placeholder"": ""G"", ""required"": true, ""tooltip"": null, ""value"": ""G""}"
ON,Ontario,,SEX,1,SEX,Sex,select,False,,,,,,,"[{""value"": ""M"", ""label"": ""M""}, {""value"": ""F"", ""label"": ""F""}]","{""element"": ""select"", ""label"": ""Sex"", ""name"": ""SEX"", ""options"": [{""label"": ""M"", ""value"": ""M""}, {""label"": ""F"", ""value"": ""F""}], ""pattern"": null, ""placeholder"": null, ""required"": false, ""tooltip"": null, ""value"": null}"
ON,Ontario,,DOB,1,DOB,Birth date,input,True,19701125,(([0-9]{3}[1-9]|[0-9]{2}[1-9][0-9]{1}|[0-9]{1}[1-9][0-9]{2}|[1-9][0-9]{3})(((0[13578]|1[02])(0[1-9]|[12][0-9]|3[01]))|((0[469]|11)(0[1-9]|[12][0-9]|30))|(02(0[1-9]|[1][0-9]|2[0-8]))))|((([0-9]{2})(0[48]|[2468][048]|[13579][26])|((0[48]|[2468][048]|[3579][26])00))0229),8,8,,You need input the date in YYYYMMDD format,[],"{""element"": ""input"", ""label"": ""Birth date"", ""maxlength"": 8, ""minlength"": 8, ""name"": ""DOB"", ""pattern"": ""(([0-9]{3}[1-9]|[0-9]{2}[1-9][0-9]{1}|[0-9]{1}[1-9][0-9]{2}|[1-9][0-9]{3})(((0[13578]|1[02])(0[1-9]|[12][0-9]|3[01]))|((0[469]|11)(0[1-9]|[12][0-9]|30))|(02(0[1-9]|[1][0-9]|2[0-8]))))|((([0-9]{2})(0[48]|[2468][048]|[13579][26])|((0[48]|[2468][048]|[3579][26])00))0229)"", ""placeholder"": ""19701125"", ""required"": true, ""tooltip"": ""You need input the date in YYYYMMDD format"", ""value"": """"}"
ON,Ontario,,DOI,1,DOI,Issue date,input,True,20201120,(([0-9]{3}[1-9]|[0-9]{2}[1-9][0-9]{1}|[0-9]{1}[1-9][0-9]{2}|[1-9][0-9]{3})(((0[13578]|1[02])(0[1-9]|[12][0-9]|3[01]))|((0[469]|11)(0[1-9]|[12][0-9]|30))|(02(0[1-9]|[1][0-9]|2[0-8]))))|((([0-9]{2})(0[48]|[2468][048]|[13579][26])|((0[48]|[2468][048]|[3579][26])00))0229),8,8,,You need input the date in YYYYMMDD format,[],"{""element"": ""input"", ""label"": ""Issue date"", ""maxlength"": 8, ""minlength"": 8, ""name"": ""DOI"", ""pattern"": ""(([0-9]{3}[1-9]|[0-9]{2}[1-9][0-9]{1}|[0-9]{1}[1-9][0-9]{2}|[1-9][0-9]{3})(((0[13578]|1[02])(0[1-9]|[12][0-9]|3[01]))|((0[469]|11)(0[1-9]|[12][0-9]|30))|(02(0[1-9]|[1][0-9]|2[0-8]))))|((([0-9]{2})(0[48]|[2468][048]|[13579][26])|((0[48]|[2468][048]|[3579][26])00))0229)"", ""placeholder"": ""20201120"", ""required"": true, ""tooltip"": ""You need input the date in YYYYMMDD format"", ""value"": """"}"
ON,Ontario,,DOE,1,DOE,Expiry date,input,True,20251125,(([0-9]{3}[1-9]|[0-9]{2}[1-9][0-9]{1}|[0-9]{1}[1-9][0-9]{2}|[1-9][0-9]{3})(((0[13578]|1[02])(0[1-9]|[12][0-9]|3[01]))|((0[469]|11)(0[1-9]|[12][0-9]|30))|(02(0[1-9]|[1][0-9]|2[0-8]))))|((([0-9]{2})(0[48]|[2468][048]|[13579][26])|((0[48]|[2468][048]|[3579][26])00))0229),8,8,,You need input the date in YYYYMMDD format,[],"{""element"": ""input"", ""label"": ""Expiry date"", ""maxlength"": 8, ""minlength"": 8, ""name"": ""DOE"", ""pattern"": ""(([0-9]{3}[1-9]|[0-9]{2}[1-9][0-9]{1}|[0-9]{1}[1-9][0-9]{2}|[1-9][0-9]{3})(((0[13578]|1[02])(0[1-9]|[12][0-9]|3[01]))|((0[469]|11)(0[1-9]|[12][0-9]|30))|(02(0[1-9]|[1][0-9]|2[0-8]))))|((([0-9]{2})(0[48]|[2468][048]|[13579][26])|((0[48]|[2468][048]|[3579][26])00))0229)"", ""placeholder"": ""20251125"", ""required"": true, ""tooltip"": ""You need input the date in YYYYMMDD format"", ""value"": """"}"
ON,Ontario,,ICN,1,ICN,ICN,input,True,3724285,[0-9]{7},7,79,,7 digits. You can click on the calculator icon to calculate ICN <b>automatically!</b>,[],"{""element"": ""input"", ""label"": ""ICN"", ""maxlength"": 79, ""minlength"": 7, ""name"": ""ICN"", ""pattern"": ""[0-9]{7}"", ""placeholder"": ""3724285"", ""required"": true, ""tooltip"": ""7 digits. You can click on the calculator icon to calculate ICN <b>automatically!</b>"", ""value"": null}"
ON,Ontario,,DD,1,DD,DD,input,True,GC7295472,[a-zA-Z]{2}[0-9]{7},9,9,,2 letters and 7 digits. You can click on the calculator icon to calculate DD <b>automatically!</b>,[],"{""element"": ""input"", ""label"": ""DD"", ""maxlength"": 9, ""minlength"": 9, ""name"": ""DD"", ""pattern"": ""[a-zA-Z]{2}[0-9]{7}"", ""placeholder"": ""GC7295472"", ""required"": true, ""tooltip"": ""2 letters and 7 digits. You can click on the calculator icon to calculate DD <b>automatically!</b>"", ""value"": null}"
ON,Ontario,,RESTRICTIONS,1,RESTRICTIONS,Restrictions,input,True,NONE,,,,NONE,,[],"{""element"": ""input"", ""label"": ""Restrictions"", ""name"": ""RESTRICTIONS"", ""pattern"": null, ""placeholder"": ""NONE"", ""required"": true, ""tooltip"": null, ""value"": ""NONE""}"
ON,Ontario,,ENDORSEMENT,1,ENDORSEMENT,Endorsement,input,True,NONE,,,,NONE,,[],"{""element"": ""input"", ""label"": ""Endorsement"", ""name"": ""ENDORSEMENT"", ""pattern"": null, ""placeholder"": ""NONE"", ""required"": true, ""tooltip"": null, ""value"": ""NONE""}"
ON,Ontario,,HEIGHT,1,HEIGHT_CM,Height (cm),input,True,175,,,3,175,,[],"{""element"": ""input"", ""label"": ""Height (cm)"", ""maxlength"": 3, ""name"": ""HEIGHT_CM"", ""pattern"": null, ""placeholder"": ""175"", ""required"": true, ""tooltip"": null, ""value"": ""175""}"
ON,Ontario,,EYE,1,EYE,Eye (ANSI D-20),select,True,,,,,,,"[{""value"": """", ""label"": ""== Select ==""}, {""value"": ""BLK"", ""label"": ""BLK (Black)""}, {""value"": ""BLU"", ""label"": ""BLU (Blue)""}, {""value"": ""BRO"", ""label"": ""BRO (Brown)""}, {""value"": ""GRY"", ""label"": ""GRY (Gray)""}, {""value"": ""GRN"", ""label"": ""GRN (Green)""}, {""value"": ""HAZ"", ""label"": ""HAZ (Hazel)""}, {""value"": ""MAR"", ""label"": ""MAR (Maroon)""}, {""value"": ""PNK"", ""label"": ""PNK (Pink)""}, {""value"": ""DIC"", ""label"": ""DIC (Dichromatic)""}, {""value"": ""UNK"", ""label"": ""UNK (Unknown)""}]","{""element"": ""select"", ""label"": ""Eye (ANSI D-20)"", ""name"": ""EYE"", ""options"": [{""label"": ""== Select =="", ""value"": """"}, {""label"": ""BLK (Black)"", ""value"": ""BLK""}, {""label"": ""BLU (Blue)"", ""value"": ""BLU""}, {""label"": ""BRO (Brown)"", ""value"": ""BRO""}, {""label"": ""GRY (Gray)"", ""value"": ""GRY""}, {""label"": ""GRN (Green)"", ""value"": ""GRN""}, {""label"": ""HAZ (Hazel)"", ""value"": ""HAZ""}, {""label"": ""MAR (Maroon)"", ""value"": ""MAR""}, {""label"": ""PNK (Pink)"", ""value"": ""PNK""}, {""label"": ""DIC (Dichromatic)"", ""value"": ""DIC""}, {""label"": ""UNK (Unknown)"", ""value"": ""UNK""}], ""pattern"": null, ""placeholder"": null, ""required"": true, ""tooltip"": null, ""value"": null}"
PE,Prince Edward Island,(Rev. ???),NUMBER,1,NUMBER,DL Number,input,True,123456,[0-9]{6},6,6,,6 digits. You can click on the calculator icon to calculate number <b>automatically!</b>,[],"{""element"": ""input"", ""label"": ""DL Number"", ""maxlength"": 6, ""minlength"": 6, ""name"": ""NUMBER"", ""pattern"": ""[0-9]{6}"", ""placeholder"": ""123456"", ""required"": true, ""tooltip"": ""6 digits. You can click on the calculator icon to calculate number <b>automatically!</b>"", ""value"": """"}"
PE,Prince Edward Island,(Rev. ???),LASTNAME,1,LASTNAME,Last name,input,True,Doe,[a-zA-Z\s]+,,,,,[],"{""element"": ""input"", ""label"": ""Last name"", ""name"": ""LASTNAME"", ""pattern"": ""[a-zA-Z\\s]+"", ""placeholder"": ""Doe"", ""required"": true, ""tooltip"": null, ""value"": """"}"
PE,Prince Edward Island,(Rev. ???),FIRSTNAME,1,FIRSTNAME,First name,input,True,John,[a-zA-Z\s]+,,,,,[],"{""element"": ""input"", ""label"": ""First name"", ""name"": ""FIRSTNAME"", ""pattern"": ""[a-zA-Z\\s]+"", ""placeholder"": ""John"", ""required"": true, ""tooltip"": null, ""value"": """"}"
PE,Prince Edward Island,(Rev. ???),MIDDLENAME,1,MIDDLENAME,Middle name,input,False,,,,,,This field is optional. You can click on the calculator icon to generate random name. Select gender in the field below to specify name gender.,[],"{""element"": ""input"", ""label"": ""Middle name"", ""name"": ""MIDDLENAME"", ""pattern"": null, ""placeholder"": """", ""required"": false, ""tooltip"": ""This field is optional. You can click on the calculator icon to generate random name. Select gender in the field below to specify name gender."", ""value"": """"}"
PE,Prince Edward Island,(Rev. ???),ADDRESS,1,ADDRESS,Address,input,True,374 Queen St,,,,374 Queen St,,[],"{""element"": ""input"", ""label"": ""Address"", ""name"": ""ADDRESS"", ""pattern"": null, ""placeholder"": ""374 Queen St"", ""required"": true, ""tooltip"": null, ""value"": ""374 Queen St""}"
PE,Prince Edward Island,(Rev. ???),CITY,1,CITY,City,input,True,Charlottetown,,,,Charlottetown,,[],"{""element"": ""input"", ""label"": ""City"", ""name"": ""CITY"", ""pattern"": null, ""placeholder"": ""Charlottetown"", ""required"": true, ""tooltip"": null, ""value"": ""Charlottetown""}"
PE,Prince Edward Island,(Rev. ???),ZIP,1,ZIP,Zip code,input,True,C1A 4C8,[0-9a-zA-Z]{3} [0-9a-zA-Z]{3},7,7,C1A 4C8,,[],"{""element"": ""input"", ""label"": ""Zip code"", ""maxlength"": 7, ""minlength"": 7, ""name"": ""ZIP"", ""pattern"": ""[0-9a-zA-Z]{3} [0-9a-zA-Z]{3}"", ""placeholder"": ""C1A 4C8"", ""required"": true, ""tooltip"": null, ""value"": ""C1A 4C8""}"
PE,Prince Edward Island,(Rev. ???),CLASS,1,CLASS,DL Class,input,True,5,[A-Z1-9]+,1,4,5,,[],"{""element"": ""input"", ""label"": ""DL Class"", ""maxlength"": 4, ""minlength"": 1, ""name"": ""CLASS"", ""pattern"": ""[A-Z1-9]+"", ""placeholder"": ""5"", ""required"": true, ""tooltip"": null, ""value"": ""5""}"
PE,Prince Edward Island,(Rev. ???),SEX,1,SEX,Sex,select,False,,,,,,,"[{""value"": ""M"", ""label"": ""M""}, {""value"": ""F"", ""label"": ""F""}]","{""element"": ""select"", ""label"": ""Sex"", ""name"": ""SEX"", ""options"": [{""label"": ""M"", ""value"": ""M""}, {""label"": ""F"", ""value"": ""F""}], ""pattern"": null, ""placeholder"": null, ""required"": false, ""tooltip"": null, ""value"": null}"
PE,Prince Edward Island,(Rev. ???),DONOR,1,DONOR,Donor,select,False,,,,,,,"[{""value"": ""NO"", ""label"": ""No""}, {""value"": ""YES"", ""label"": ""Yes""}]","{""element"": ""select"", ""label"": ""Donor"", ""name"": ""DONOR"", ""options"": [{""label"": ""No"", ""value"": ""NO""}, {""label"": ""Yes"", ""value"": ""YES""}], ""pattern"": null, ""placeholder"": null, ""required"": false, ""tooltip"": null, ""value"": null}"
PE,Prince Edward Island,(Rev. ???),DOB,1,DOB,Birth date,input,True,01151970,((((0[13578]|1[02])(0[1-9]|[12][0-9]|3[01]))|((0[469]|11)(0[1-9]|[12][0-9]|30))|(02)(0[1-9]|[1][0-9]|2[0-8]))([0-9]{3}[1-9]|[0-9]{2}[1-9][0-9]{1}|[0-9]{1}[1-9][0-9]{2}|[1-9][0-9]{3}))|(0229(([0-9]{2})(0[48]|[2468][048]|[13579][26])|((0[48]|[2468][048]|[3579][26])00))),8,8,,You need input the date in MMDDYYYY format,[],"{""element"": ""input"", ""label"": ""Birth date"", ""maxlength"": 8, ""minlength"": 8, ""name"": ""DOB"", ""pattern"": ""((((0[13578]|1[02])(0[1-9]|[12][0-9]|3[01]))|((0[469]|11)(0[1-9]|[12][0-9]|30))|(02)(0[1-9]|[1][0-9]|2[0-8]))([0-9]{3}[1-9]|[0-9]{2}[1-9][0-9]{1}|[0-9]{1}[1-9][0-9]{2}|[1-9][0-9]{3}))|(0229(([0-9]{2})(0[48]|[2468][048]|[13579][26])|((0[48]|[2468][048]|[3579][26])00)))"", ""placeholder"": ""01151970"", ""required"": true, ""tooltip"": ""You need input the date in MMDDYYYY format"", ""value"": """"}"
PE,Prince Edward Island,(Rev. ???),DOI,1,DOI,Issue date,input,True,08262022,((((0[13578]|1[02])(0[1-9]|[12][0-9]|3[01]))|((0[469]|11)(0[1-9]|[12][0-9]|30))|(02)(0[1-9]|[1][0-9]|2[0-8]))([0-9]{3}[1-9]|[0-9]{2}[1-9][0-9]{1}|[0-9]{1}[1-9][0-9]{2}|[1-9][0-9]{3}))|(0229(([0-9]{2})(0[48]|[2468][048]|[13579][26])|((0[48]|[2468][048]|[3579][26])00))),8,8,,You need input the date in MMDDYYYY format,[],"{""element"": ""input"", ""label"": ""Issue date"", ""maxlength"": 8, ""minlength"": 8, ""name"": ""DOI"", ""pattern"": ""((((0[13578]|1[02])(0[1-9]|[12][0-9]|3[01]))|((0[469]|11)(0[1-9]|[12][0-9]|30))|(02)(0[1-9]|[1][0-9]|2[0-8]))([0-9]{3}[1-9]|[0-9]{2}[1-9][0-9]{1}|[0-9]{1}[1-9][0-9]{2}|[1-9][0-9]{3}))|(0229(([0-9]{2})(0[48]|[2468][048]|[13579][26])|((0[48]|[2468][048]|[3579][26])00)))"", ""placeholder"": ""08262022"", ""required"": true, ""tooltip"": ""You need input the date in MMDDYYYY format"", ""value"": """"}"
PE,Prince Edward Island,(Rev. ???),DOE,1,DOE,Expiry date,input,True,01152025,((((0[13578]|1[02])(0[1-9]|[12][0-9]|3[01]))|((0[469]|11)(0[1-9]|[12][0-9]|30))|(02)(0[1-9]|[1][0-9]|2[0-8]))([0-9]{3}[1-9]|[0-9]{2}[1-9][0-9]{1}|[0-9]{1}[1-9][0-9]{2}|[1-9][0-9]{3}))|(0229(([0-9]{2})(0[48]|[2468][048]|[13579][26])|((0[48]|[2468][048]|[3579][26])00))),8,8,,Same month and day as in birth date. 6 years after the year of issue,[],"{""element"": ""input"", ""label"": ""Expiry date"", ""maxlength"": 8, ""minlength"": 8, ""name"": ""DOE"", ""pattern"": ""((((0[13578]|1[02])(0[1-9]|[12][0-9]|3[01]))|((0[469]|11)(0[1-9]|[12][0-9]|30))|(02)(0[1-9]|[1][0-9]|2[0-8]))([0-9]{3}[1-9]|[0-9]{2}[1-9][0-9]{1}|[0-9]{1}[1-9][0-9]{2}|[1-9][0-9]{3}))|(0229(([0-9]{2})(0[48]|[2468][048]|[13579][26])|((0[48]|[2468][048]|[3579][26])00)))"", ""placeholder"": ""01152025"", ""required"": true, ""tooltip"": ""Same month and day as in birth date. 6 years after the year of issue"", ""value"": """"}"
PE,Prince Edward Island,(Rev. ???),RESTRICTIONS,1,RESTRICTIONS,Restrictions,input,True,NONE,,,,NONE,,[],"{""element"": ""input"", ""label"": ""Restrictions"", ""name"": ""RESTRICTIONS"", ""pattern"": null, ""placeholder"": ""NONE"", ""required"": true, ""tooltip"": null, ""value"": ""NONE""}"
PE,Prince Edward Island,(Rev. ???),ENDORSEMENT,1,ENDORSEMENT,Endorsement,input,True,NONE,,,,NONE,,[],"{""element"": ""input"", ""label"": ""Endorsement"", ""name"": ""ENDORSEMENT"", ""pattern"": null, ""placeholder"": ""NONE"", ""required"": true, ""tooltip"": null, ""value"": ""NONE""}"
PE,Prince Edward Island,(Rev. ???),HEIGHT,1,HEIGHT,Height (in.),input,True,69,,,2,69,,[],"{""element"": ""input"", ""label"": ""Height (in.)"", ""maxlength"": 2, ""name"": ""HEIGHT"", ""pattern"": null, ""placeholder"": ""69"", ""required"": true, ""tooltip"": null, ""value"": ""69""}"
PE,Prince Edward Island,(Rev. ???),WEIGHT,1,WEIGHT,Weight (lb.),input,True,169,,,3,169,,[],"{""element"": ""input"", ""label"": ""Weight (lb.)"", ""maxlength"": 3, ""name"": ""WEIGHT"", ""pattern"": null, ""placeholder"": ""169"", ""required"": true, ""tooltip"": null, ""value"": ""169""}"
PE,Prince Edward Island,(Rev. ???),EYE,1,EYE,Eye (ANSI D-20),select,True,,,,,,,"[{""value"": """", ""label"": ""== Select ==""}, {""value"": ""BLK"", ""label"": ""BLK (Black)""}, {""value"": ""BLU"", ""label"": ""BLU (Blue)""}, {""value"": ""BRO"", ""label"": ""BRO (Brown)""}, {""value"": ""GRY"", ""label"": ""GRY (Gray)""}, {""value"": ""GRN"", ""label"": ""GRN (Green)""}, {""value"": ""HAZ"", ""label"": ""HAZ (Hazel)""}, {""value"": ""MAR"", ""label"": ""MAR (Maroon)""}, {""value"": ""PNK"", ""label"": ""PNK (Pink)""}, {""value"": ""DIC"", ""label"": ""DIC (Dichromatic)""}, {""value"": ""UNK"", ""label"": ""UNK (Unknown)""}]","{""element"": ""select"", ""label"": ""Eye (ANSI D-20)"", ""name"": ""EYE"", ""options"": [{""label"": ""== Select =="", ""value"": """"}, {""label"": ""BLK (Black)"", ""value"": ""BLK""}, {""label"": ""BLU (Blue)"", ""value"": ""BLU""}, {""label"": ""BRO (Brown)"", ""value"": ""BRO""}, {""label"": ""GRY (Gray)"", ""value"": ""GRY""}, {""label"": ""GRN (Green)"", ""value"": ""GRN""}, {""label"": ""HAZ (Hazel)"", ""value"": ""HAZ""}, {""label"": ""MAR (Maroon)"", ""value"": ""MAR""}, {""label"": ""PNK (Pink)"", ""value"": ""PNK""}, {""label"": ""DIC (Dichromatic)"", ""value"": ""DIC""}, {""label"": ""UNK (Unknown)"", ""value"": ""UNK""}], ""pattern"": null, ""placeholder"": null, ""required"": true, ""tooltip"": null, ""value"": null}"
PE,Prince Edward Island,(Rev. ???),HAIR,1,HAIR,Hair (ANSI D-20),select,True,,,,,,,"[{""value"": """", ""label"": ""== Select ==""}, {""value"": ""BLK"", ""label"": ""BLK (Black)""}, {""value"": ""BLN"", ""label"": ""BLN (Blond)""}, {""value"": ""BRO"", ""label"": ""BRO (Brown)""}, {""value"": ""GRY"", ""label"": ""GRY (Grey)""}, {""value"": ""RED"", ""label"": ""RED (Red/Auburn)""}, {""value"": ""SDY"", ""label"": ""SDY (Sandy)""}, {""value"": ""WHI"", ""label"": ""WHI (White)""}, {""value"": ""UNK"", ""label"": ""UNK (Unknown)""}, {""value"": ""BAL"", ""label"": ""BAL (Bald)""}]","{""element"": ""select"", ""label"": ""Hair (ANSI D-20)"", ""name"": ""HAIR"", ""options"": [{""label"": ""== Select =="", ""value"": """"}, {""label"": ""BLK (Black)"", ""value"": ""BLK""}, {""label"": ""BLN (Blond)"", ""value"": ""BLN""}, {""label"": ""BRO (Brown)"", ""value"": ""BRO""}, {""label"": ""GRY (Grey)"", ""value"": ""GRY""}, {""label"": ""RED (Red/Auburn)"", ""value"": ""RED""}, {""label"": ""SDY (Sandy)"", ""value"": ""SDY""}, {""label"": ""WHI (White)"", ""value"": ""WHI""}, {""label"": ""UNK (Unknown)"", ""value"": ""UNK""}, {""label"": ""BAL (Bald)"", ""value"": ""BAL""}], ""pattern"": null, ""placeholder"": null, ""required"": true, ""tooltip"": null, ""value"": null}"
QC,Quebec,Rev. 2015-08-01 (0401),NUMBER,1,NUMBER,DL Number,input,True,D5006-285648-00,[a-zA-Z][0-9]{4}-[0-9]{6}-[0-9]{2},15,15,,Letter + 12 digits. You can click on the calculator icon to calculate number <b>automatically!</b>,[],"{""element"": ""input"", ""label"": ""DL Number"", ""maxlength"": 15, ""minlength"": 15, ""name"": ""NUMBER"", ""pattern"": ""[a-zA-Z][0-9]{4}-[0-9]{6}-[0-9]{2}"", ""placeholder"": ""D5006-285648-00"", ""required"": true, ""tooltip"": ""Letter + 12 digits. You can click on the calculator icon to calculate number <b>automatically!</b>"", ""value"": """"}"
QC,Quebec,Rev. 2015-08-01 (0401),FIRSTNAME,1,FIRSTNAME,First name,input,True,John,[a-zA-Z\s]+,,,,,[],"{""element"": ""input"", ""label"": ""First name"", ""name"": ""FIRSTNAME"", ""pattern"": ""[a-zA-Z\\s]+"", ""placeholder"": ""John"", ""required"": true, ""tooltip"": null, ""value"": """"}"
QC,Quebec,Rev. 2015-08-01 (0401),LASTNAME,1,LASTNAME,Last name,input,False,Doe,[a-zA-Z\s]+,,,,,[],"{""element"": ""input"", ""label"": ""Last name"", ""name"": ""LASTNAME"", ""pattern"": ""[a-zA-Z\\s]+"", ""placeholder"": ""Doe"", ""required"": false, ""tooltip"": null, ""value"": """"}"
QC,Quebec,Rev. 2015-08-01 (0401),MIDDLENAME,1,MIDDLENAME,Middle name,input,True,Daniel,[a-zA-Z\s]+,,,,This field is optional. You can click on the calculator icon to generate random name. Select gender in the field below to specify name gender.,[],"{""element"": ""input"", ""label"": ""Middle name"", ""name"": ""MIDDLENAME"", ""pattern"": ""[a-zA-Z\\s]+"", ""placeholder"": ""Daniel"", ""required"": true, ""tooltip"": ""This field is optional. You can click on the calculator icon to generate random name. Select gender in the field below to specify name gender."", ""value"": """"}"
QC,Quebec,Rev. 2015-08-01 (0401),ADDRESS,1,ADDRESS,Address,input,True,251 Rue St Paul,,,,251 Rue St Paul,,[],"{""element"": ""input"", ""label"": ""Address"", ""name"": ""ADDRESS"", ""pattern"": null, ""placeholder"": ""251 Rue St Paul"", ""required"": true, ""tooltip"": null, ""value"": ""251 Rue St Paul""}"
QC,Quebec,Rev. 2015-08-01 (0401),CITY,1,CITY,City,input,True,Saint-Tite,,,,Saint-Tite,,[],"{""element"": ""input"", ""label"": ""City"", ""name"": ""CITY"", ""pattern"": null, ""placeholder"": ""Saint-Tite"", ""required"": true, ""tooltip"": null, ""value"": ""Saint-Tite""}"
QC,Quebec,Rev. 2015-08-01 (0401),ZIP,1,ZIP,Zip code,input,True,G0X 3H0,[a-zA-Z0-9]{3} [a-zA-Z0-9]{3},7,7,G0X 3H0,,[],"{""element"": ""input"", ""label"": ""Zip code"", ""maxlength"": 7, ""minlength"": 7, ""name"": ""ZIP"", ""pattern"": ""[a-zA-Z0-9]{3} [a-zA-Z0-9]{3}"", ""placeholder"": ""G0X 3H0"", ""required"": true, ""tooltip"": null, ""value"": ""G0X 3H0""}"
QC,Quebec,Rev. 2015-08-01 (0401),CLASS,1,CLASS,DL Class,input,True,5 6A,[A-Z1-9 ]+,1,4,5 6A,,[],"{""element"": ""input"", ""label"": ""DL Class"", ""maxlength"": 4, ""minlength"": 1, ""name"": ""CLASS"", ""pattern"": ""[A-Z1-9 ]+"", ""placeholder"": ""5 6A"", ""required"": true, ""tooltip"": null, ""value"": ""5 6A""}"
QC,Quebec,Rev. 2015-08-01 (0401),SEX,1,SEX,Sex,select,False,,,,,,,"[{""value"": ""M"", ""label"": ""M""}, {""value"": ""F"", ""label"": ""F""}]","{""element"": ""select"", ""label"": ""Sex"", ""name"": ""SEX"", ""options"": [{""label"": ""M"", ""value"": ""M""}, {""label"": ""F"", ""value"": ""F""}], ""pattern"": null, ""placeholder"": null, ""required"": false, ""tooltip"": null, ""value"": null}"
QC,Quebec,Rev. 2015-08-01 (0401),DOB,1,DOB,Birth date,input,True,19701125,(([0-9]{3}[1-9]|[0-9]{2}[1-9][0-9]{1}|[0-9]{1}[1-9][0-9]{2}|[1-9][0-9]{3})(((0[13578]|1[02])(0[1-9]|[12][0-9]|3[01]))|((0[469]|11)(0[1-9]|[12][0-9]|30))|(02(0[1-9]|[1][0-9]|2[0-8]))))|((([0-9]{2})(0[48]|[2468][048]|[13579][26])|((0[48]|[2468][048]|[3579][26])00))0229),8,8,,You need input the date in YYYYMMDD format,[],"{""element"": ""input"", ""label"": ""Birth date"", ""maxlength"": 8, ""minlength"": 8, ""name"": ""DOB"", ""pattern"": ""(([0-9]{3}[1-9]|[0-9]{2}[1-9][0-9]{1}|[0-9]{1}[1-9][0-9]{2}|[1-9][0-9]{3})(((0[13578]|1[02])(0[1-9]|[12][0-9]|3[01]))|((0[469]|11)(0[1-9]|[12][0-9]|30))|(02(0[1-9]|[1][0-9]|2[0-8]))))|((([0-9]{2})(0[48]|[2468][048]|[13579][26])|((0[48]|[2468][048]|[3579][26])00))0229)"", ""placeholder"": ""19701125"", ""required"": true, ""tooltip"": ""You need input the date in YYYYMMDD format"", ""value"": """"}"
QC,Quebec,Rev. 2015-08-01 (0401),DOI,1,DOI,Issue date,input,True,20201120,(([0-9]{3}[1-9]|[0-9]{2}[1-9][0-9]{1}|[0-9]{1}[1-9][0-9]{2}|[1-9][0-9]{3})(((0[13578]|1[02])(0[1-9]|[12][0-9]|3[01]))|((0[469]|11)(0[1-9]|[12][0-9]|30))|(02(0[1-9]|[1][0-9]|2[0-8]))))|((([0-9]{2})(0[48]|[2468][048]|[13579][26])|((0[48]|[2468][048]|[3579][26])00))0229),8,8,,You need input the date in YYYYMMDD format,[],"{""element"": ""input"", ""label"": ""Issue date"", ""maxlength"": 8, ""minlength"": 8, ""name"": ""DOI"", ""pattern"": ""(([0-9]{3}[1-9]|[0-9]{2}[1-9][0-9]{1}|[0-9]{1}[1-9][0-9]{2}|[1-9][0-9]{3})(((0[13578]|1[02])(0[1-9]|[12][0-9]|3[01]))|((0[469]|11)(0[1-9]|[12][0-9]|30))|(02(0[1-9]|[1][0-9]|2[0-8]))))|((([0-9]{2})(0[48]|[2468][048]|[13579][26])|((0[48]|[2468][048]|[3579][26])00))0229)"", ""placeholder"": ""20201120"", ""required"": true, ""tooltip"": ""You need input the date in YYYYMMDD format"", ""value"": """"}"
QC,Quebec,Rev. 2015-08-01 (0401),DOE,1,DOE,Expiry date,input,True,20251125,(([0-9]{3}[1-9]|[0-9]{2}[1-9][0-9]{1}|[0-9]{1}[1-9][0-9]{2}|[1-9][0-9]{3})(((0[13578]|1[02])(0[1-9]|[12][0-9]|3[01]))|((0[469]|11)(0[1-9]|[12][0-9]|30))|(02(0[1-9]|[1][0-9]|2[0-8]))))|((([0-9]{2})(0[48]|[2468][048]|[13579][26])|((0[48]|[2468][048]|[3579][26])00))0229),8,8,,You need input the date in YYYYMMDD format,[],"{""element"": ""input"", ""label"": ""Expiry date"", ""maxlength"": 8, ""minlength"": 8, ""name"": ""DOE"", ""pattern"": ""(([0-9]{3}[1-9]|[0-9]{2}[1-9][0-9]{1}|[0-9]{1}[1-9][0-9]{2}|[1-9][0-9]{3})(((0[13578]|1[02])(0[1-9]|[12][0-9]|3[01]))|((0[469]|11)(0[1-9]|[12][0-9]|30))|(02(0[1-9]|[1][0-9]|2[0-8]))))|((([0-9]{2})(0[48]|[2468][048]|[13579][26])|((0[48]|[2468][048]|[3579][26])00))0229)"", ""placeholder"": ""20251125"", ""required"": true, ""tooltip"": ""You need input the date in YYYYMMDD format"", ""value"": """"}"
QC,Quebec,Rev. 2015-08-01 (0401),ICN,1,ICN,ICN,input,True,3724285,[0-9]{7},7,79,,7 digits. You can click on the calculator icon to calculate ICN <b>automatically!</b>,[],"{""element"": ""input"", ""label"": ""ICN"", ""maxlength"": 79, ""minlength"": 7, ""name"": ""ICN"", ""pattern"": ""[0-9]{7}"", ""placeholder"": ""3724285"", ""required"": true, ""tooltip"": ""7 digits. You can click on the calculator icon to calculate ICN <b>automatically!</b>"", ""value"": null}"
QC,Quebec,Rev. 2015-08-01 (0401),DD,1,DD,DD,input,True,PENX36RBU,[a-zA-Z0-9]{9},9,9,,(No de référence). You can click on the calculator icon to calculate DD <b>automatically!</b>,[],"{""element"": ""input"", ""label"": ""DD"", ""maxlength"": 9, ""minlength"": 9, ""name"": ""DD"", ""pattern"": ""[a-zA-Z0-9]{9}"", ""placeholder"": ""PENX36RBU"", ""required"": true, ""tooltip"": ""(No de référence). You can click on the calculator icon to calculate DD <b>automatically!</b>"", ""value"": null}"
QC,Quebec,Rev. 2015-08-01 (0401),RESTRICTIONS,1,RESTRICTIONS,Restrictions,input,True,NONE,,,,NONE,,[],"{""element"": ""input"", ""label"": ""Restrictions"", ""name"": ""RESTRICTIONS"", ""pattern"": null, ""placeholder"": ""NONE"", ""required"": true, ""tooltip"": null, ""value"": ""NONE""}"
QC,Quebec,Rev. 2015-08-01 (0401),ENDORSEMENT,1,ENDORSEMENT,Endorsement,input,True,NONE,,,,NONE,,[],"{""element"": ""input"", ""label"": ""Endorsement"", ""name"": ""ENDORSEMENT"", ""pattern"": null, ""placeholder"": ""NONE"", ""required"": true, ""tooltip"": null, ""value"": ""NONE""}"
QC,Quebec,Rev. 2015-08-01 (0401),HEIGHT,1,HEIGHT_CM,Height (cm),input,True,175,,,3,175,,[],"{""element"": ""input"", ""label"": ""Height (cm)"", ""maxlength"": 3, ""name"": ""HEIGHT_CM"", ""pattern"": null, ""placeholder"": ""175"", ""required"": true, ""tooltip"": null, ""value"": ""175""}"
QC,Quebec,Rev. 2015-08-01 (0401),EYE,1,EYE,Eye (ANSI D-20),select,True,,,,,,,"[{""value"": """", ""label"": ""== Select ==""}, {""value"": ""BLK"", ""label"": ""BLK (Black)""}, {""value"": ""BLU"", ""label"": ""BLU (Blue)""}, {""value"": ""BRO"", ""label"": ""BRO (Brown)""}, {""value"": ""GRY"", ""label"": ""GRY (Gray)""}, {""value"": ""GRN"", ""label"": ""GRN (Green)""}, {""value"": ""HAZ"", ""label"": ""HAZ (Hazel)""}, {""value"": ""MAR"", ""label"": ""MAR (Maroon)""}, {""value"": ""PNK"", ""label"": ""PNK (Pink)""}, {""value"": ""DIC"", ""label"": ""DIC (Dichromatic)""}, {""value"": ""UNK"", ""label"": ""UNK (Unknown)""}]","{""element"": ""select"", ""label"": ""Eye (ANSI D-20)"", ""name"": ""EYE"", ""options"": [{""label"": ""== Select =="", ""value"": """"}, {""label"": ""BLK (Black)"", ""value"": ""BLK""}, {""label"": ""BLU (Blue)"", ""value"": ""BLU""}, {""label"": ""BRO (Brown)"", ""value"": ""BRO""}, {""label"": ""GRY (Gray)"", ""value"": ""GRY""}, {""label"": ""GRN (Green)"", ""value"": ""GRN""}, {""label"": ""HAZ (Hazel)"", ""value"": ""HAZ""}, {""label"": ""MAR (Maroon)"", ""value"": ""MAR""}, {""label"": ""PNK (Pink)"", ""value"": ""PNK""}, {""label"": ""DIC (Dichromatic)"", ""value"": ""DIC""}, {""label"": ""UNK (Unknown)"", ""value"": ""UNK""}], ""pattern"": null, ""placeholder"": null, ""required"": true, ""tooltip"": null, ""value"": null}"
SK,Saskatchewan,,NUMBER,1,NUMBER,DL Number,input,True,32257271,[0-9]{8},8,8,,You can click on the calculator icon to calculate number <b>automatically!</b>,[],"{""element"": ""input"", ""label"": ""DL Number"", ""maxlength"": 8, ""minlength"": 8, ""name"": ""NUMBER"", ""pattern"": ""[0-9]{8}"", ""placeholder"": ""32257271"", ""required"": true, ""tooltip"": ""You can click on the calculator icon to calculate number <b>automatically!</b>"", ""value"": """"}"
SK,Saskatchewan,,FIRSTNAME,1,FIRSTNAME,First name,input,True,John,[a-zA-Z\s]+,,,,,[],"{""element"": ""input"", ""label"": ""First name"", ""name"": ""FIRSTNAME"", ""pattern"": ""[a-zA-Z\\s]+"", ""placeholder"": ""John"", ""required"": true, ""tooltip"": null, ""value"": """"}"
SK,Saskatchewan,,LASTNAME,1,LASTNAME,Last name,input,True,Doe,[a-zA-Z\s]+,,,,,[],"{""element"": ""input"", ""label"": ""Last name"", ""name"": ""LASTNAME"", ""pattern"": ""[a-zA-Z\\s]+"", ""placeholder"": ""Doe"", ""required"": true, ""tooltip"": null, ""value"": """"}"
SK,Saskatchewan,,MIDDLENAME,1,MIDDLENAME,Middle name,input,False,,,,,,This field is optional. You can click on the calculator icon to generate random name. Select gender in the field below to specify name gender.,[],"{""element"": ""input"", ""label"": ""Middle name"", ""name"": ""MIDDLENAME"", ""pattern"": null, ""placeholder"": """", ""required"": false, ""tooltip"": ""This field is optional. You can click on the calculator icon to generate random name. Select gender in the field below to specify name gender."", ""value"": """"}"
SK,Saskatchewan,,ADDRESS,1,ADDRESS,Address,input,True,28 Morris Dr,,,,28 Morris Dr,,[],"{""element"": ""input"", ""label"": ""Address"", ""name"": ""ADDRESS"", ""pattern"": null, ""placeholder"": ""28 Morris Dr"", ""required"": true, ""tooltip"": null, ""value"": ""28 Morris Dr""}"
SK,Saskatchewan,,CITY,1,CITY,City,input,True,Saskatoon,,,,Saskatoon,,[],"{""element"": ""input"", ""label"": ""City"", ""name"": ""CITY"", ""pattern"": null, ""placeholder"": ""Saskatoon"", ""required"": true, ""tooltip"": null, ""value"": ""Saskatoon""}"
SK,Saskatchewan,,ZIP,1,ZIP,Zip code,input,True,S7L 3T9,[a-zA-Z0-9]{3} [a-zA-Z0-9]{3},7,7,S7L 3T9,,[],"{""element"": ""input"", ""label"": ""Zip code"", ""maxlength"": 7, ""minlength"": 7, ""name"": ""ZIP"", ""pattern"": ""[a-zA-Z0-9]{3} [a-zA-Z0-9]{3}"", ""placeholder"": ""S7L 3T9"", ""required"": true, ""tooltip"": null, ""value"": ""S7L 3T9""}"
SK,Saskatchewan,,CLASS,1,CLASS,DL Class,input,True,5,[A-Z1-9]+,1,4,5,,[],"{""element"": ""input"", ""label"": ""DL Class"", ""maxlength"": 4, ""minlength"": 1, ""name"": ""CLASS"", ""pattern"": ""[A-Z1-9]+"", ""placeholder"": ""5"", ""required"": true, ""tooltip"": null, ""value"": ""5""}"
SK,Saskatchewan,,SEX,1,SEX,Sex,select,False,,,,,,,"[{""value"": ""M"", ""label"": ""M""}, {""value"": ""F"", ""label"": ""F""}]","{""element"": ""select"", ""label"": ""Sex"", ""name"": ""SEX"", ""options"": [{""label"": ""M"", ""value"": ""M""}, {""label"": ""F"", ""value"": ""F""}], ""pattern"": null, ""placeholder"": null, ""required"": false, ""tooltip"": null, ""value"": null}"
SK,Saskatchewan,,DOB,1,DOB,Birth date,input,True,19701115,(([0-9]{3}[1-9]|[0-9]{2}[1-9][0-9]{1}|[0-9]{1}[1-9][0-9]{2}|[1-9][0-9]{3})(((0[13578]|1[02])(0[1-9]|[12][0-9]|3[01]))|((0[469]|11)(0[1-9]|[12][0-9]|30))|(02(0[1-9]|[1][0-9]|2[0-8]))))|((([0-9]{2})(0[48]|[2468][048]|[13579][26])|((0[48]|[2468][048]|[3579][26])00))0229),8,8,,You need input the date in YYYYMMDD format,[],"{""element"": ""input"", ""label"": ""Birth date"", ""maxlength"": 8, ""minlength"": 8, ""name"": ""DOB"", ""pattern"": ""(([0-9]{3}[1-9]|[0-9]{2}[1-9][0-9]{1}|[0-9]{1}[1-9][0-9]{2}|[1-9][0-9]{3})(((0[13578]|1[02])(0[1-9]|[12][0-9]|3[01]))|((0[469]|11)(0[1-9]|[12][0-9]|30))|(02(0[1-9]|[1][0-9]|2[0-8]))))|((([0-9]{2})(0[48]|[2468][048]|[13579][26])|((0[48]|[2468][048]|[3579][26])00))0229)"", ""placeholder"": ""19701115"", ""required"": true, ""tooltip"": ""You need input the date in YYYYMMDD format"", ""value"": """"}"
SK,Saskatchewan,,DOI,1,DOI,Issue date,input,True,20201127,(([0-9]{3}[1-9]|[0-9]{2}[1-9][0-9]{1}|[0-9]{1}[1-9][0-9]{2}|[1-9][0-9]{3})(((0[13578]|1[02])(0[1-9]|[12][0-9]|3[01]))|((0[469]|11)(0[1-9]|[12][0-9]|30))|(02(0[1-9]|[1][0-9]|2[0-8]))))|((([0-9]{2})(0[48]|[2468][048]|[13579][26])|((0[48]|[2468][048]|[3579][26])00))0229),8,8,,You need input the date in YYYYMMDD format,[],"{""element"": ""input"", ""label"": ""Issue date"", ""maxlength"": 8, ""minlength"": 8, ""name"": ""DOI"", ""pattern"": ""(([0-9]{3}[1-9]|[0-9]{2}[1-9][0-9]{1}|[0-9]{1}[1-9][0-9]{2}|[1-9][0-9]{3})(((0[13578]|1[02])(0[1-9]|[12][0-9]|3[01]))|((0[469]|11)(0[1-9]|[12][0-9]|30))|(02(0[1-9]|[1][0-9]|2[0-8]))))|((([0-9]{2})(0[48]|[2468][048]|[13579][26])|((0[48]|[2468][048]|[3579][26])00))0229)"", ""placeholder"": ""20201127"", ""required"": true, ""tooltip"": ""You need input the date in YYYYMMDD format"", ""value"": """"}"
SK,Saskatchewan,,DOE,1,DOE,Expiry date,input,True,20251130,(([0-9]{3}[1-9]|[0-9]{2}[1-9][0-9]{1}|[0-9]{1}[1-9][0-9]{2}|[1-9][0-9]{3})(((0[13578]|1[02])(0[1-9]|[12][0-9]|3[01]))|((0[469]|11)(0[1-9]|[12][0-9]|30))|(02(0[1-9]|[1][0-9]|2[0-8]))))|((([0-9]{2})(0[48]|[2468][048]|[13579][26])|((0[48]|[2468][048]|[3579][26])00))0229),8,8,,You need input the date in YYYYMMDD format,[],"{""element"": ""input"", ""label"": ""Expiry date"", ""maxlength"": 8, ""minlength"": 8, ""name"": ""DOE"", ""pattern"": ""(([0-9]{3}[1-9]|[0-9]{2}[1-9][0-9]{1}|[0-9]{1}[1-9][0-9]{2}|[1-9][0-9]{3})(((0[13578]|1[02])(0[1-9]|[12][0-9]|3[01]))|((0[469]|11)(0[1-9]|[12][0-9]|30))|(02(0[1-9]|[1][0-9]|2[0-8]))))|((([0-9]{2})(0[48]|[2468][048]|[13579][26])|((0[48]|[2468][048]|[3579][26])00))0229)"", ""placeholder"": ""20251130"", ""required"": true, ""tooltip"": ""You need input the date in YYYYMMDD format"", ""value"": """"}"
SK,Saskatchewan,,ICN,1,ICN,ICN,input,True,F51537835,[a-zA-Z][0-9]{8},9,9,,letter + 8 digits. You can click on the calculator icon to calculate ICN <b>automatically!</b>,[],"{""element"": ""input"", ""label"": ""ICN"", ""maxlength"": 9, ""minlength"": 9, ""name"": ""ICN"", ""pattern"": ""[a-zA-Z][0-9]{8}"", ""placeholder"": ""F51537835"", ""required"": true, ""tooltip"": ""letter + 8 digits. You can click on the calculator icon to calculate ICN <b>automatically!</b>"", ""value"": null}"
SK,Saskatchewan,,DD,1,DD,DD,input,True,7496716472,[a-zA-Z0-9]{10},10,10,,10 digits. You can click on the calculator icon to calculate DD <b>automatically!</b>,[],"{""element"": ""input"", ""label"": ""DD"", ""maxlength"": 10, ""minlength"": 10, ""name"": ""DD"", ""pattern"": ""[a-zA-Z0-9]{10}"", ""placeholder"": ""7496716472"", ""required"": true, ""tooltip"": ""10 digits. You can click on the calculator icon to calculate DD <b>automatically!</b>"", ""value"": null}"
SK,Saskatchewan,,RESTRICTIONS,1,RESTRICTIONS,Restrictions,input,True,NONE,,,,NONE,,[],"{""element"": ""input"", ""label"": ""Restrictions"", ""name"": ""RESTRICTIONS"", ""pattern"": null, ""placeholder"": ""NONE"", ""required"": true, ""tooltip"": null, ""value"": ""NONE""}"
SK,Saskatchewan,,ENDORSEMENT,1,ENDORSEMENT,Endorsement,input,True,NONE,,,,NONE,,[],"{""element"": ""input"", ""label"": ""Endorsement"", ""name"": ""ENDORSEMENT"", ""pattern"": null, ""placeholder"": ""NONE"", ""required"": true, ""tooltip"": null, ""value"": ""NONE""}"
SK,Saskatchewan,,HEIGHT,1,HEIGHT_CM,Height (cm),input,True,175,,,3,175,,[],"{""element"": ""input"", ""label"": ""Height (cm)"", ""maxlength"": 3, ""name"": ""HEIGHT_CM"", ""pattern"": null, ""placeholder"": ""175"", ""required"": true, ""tooltip"": null, ""value"": ""175""}"
SK,Saskatchewan,,EYE,1,EYE,Eye (ANSI D-20),select,True,,,,,,,"[{""value"": """", ""label"": ""== Select ==""}, {""value"": ""BLK"", ""label"": ""BLK (Black)""}, {""value"": ""BLU"", ""label"": ""BLU (Blue)""}, {""value"": ""BRO"", ""label"": ""BRO (Brown)""}, {""value"": ""GRY"", ""label"": ""GRY (Gray)""}, {""value"": ""GRN"", ""label"": ""GRN (Green)""}, {""value"": ""HAZ"", ""label"": ""HAZ (Hazel)""}, {""value"": ""MAR"", ""label"": ""MAR (Maroon)""}, {""value"": ""PNK"", ""label"": ""PNK (Pink)""}, {""value"": ""DIC"", ""label"": ""DIC (Dichromatic)""}, {""value"": ""UNK"", ""label"": ""UNK (Unknown)""}]","{""element"": ""select"", ""label"": ""Eye (ANSI D-20)"", ""name"": ""EYE"", ""options"": [{""label"": ""== Select =="", ""value"": """"}, {""label"": ""BLK (Black)"", ""value"": ""BLK""}, {""label"": ""BLU (Blue)"", ""value"": ""BLU""}, {""label"": ""BRO (Brown)"", ""value"": ""BRO""}, {""label"": ""GRY (Gray)"", ""value"": ""GRY""}, {""label"": ""GRN (Green)"", ""value"": ""GRN""}, {""label"": ""HAZ (Hazel)"", ""value"": ""HAZ""}, {""label"": ""MAR (Maroon)"", ""value"": ""MAR""}, {""label"": ""PNK (Pink)"", ""value"": ""PNK""}, {""label"": ""DIC (Dichromatic)"", ""value"": ""DIC""}, {""label"": ""UNK (Unknown)"", ""value"": ""UNK""}], ""pattern"": null, ""placeholder"": null, ""required"": true, ""tooltip"": null, ""value"": null}"
YT,Yukon,,NUMBER,1,NUMBER,DL Number,input,True,157379,[0-9]{6},6,6,,You can click on the calculator icon to calculate number <b>automatically!</b>,[],"{""element"": ""input"", ""label"": ""DL Number"", ""maxlength"": 6, ""minlength"": 6, ""name"": ""NUMBER"", ""pattern"": ""[0-9]{6}"", ""placeholder"": ""157379"", ""required"": true, ""tooltip"": ""You can click on the calculator icon to calculate number <b>automatically!</b>"", ""value"": """"}"
YT,Yukon,,FIRSTNAME,1,FIRSTNAME,First name,input,True,John,[a-zA-Z\s]+,,,,,[],"{""element"": ""input"", ""label"": ""First name"", ""name"": ""FIRSTNAME"", ""pattern"": ""[a-zA-Z\\s]+"", ""placeholder"": ""John"", ""required"": true, ""tooltip"": null, ""value"": """"}"
YT,Yukon,,LASTNAME,1,LASTNAME,Last name,input,True,Doe,[a-zA-Z\s]+,,,,,[],"{""element"": ""input"", ""label"": ""Last name"", ""name"": ""LASTNAME"", ""pattern"": ""[a-zA-Z\\s]+"", ""placeholder"": ""Doe"", ""required"": true, ""tooltip"": null, ""value"": """"}"
YT,Yukon,,MIDDLENAME,1,MIDDLENAME,Middle name,input,False,Daniel,[a-zA-Z\s]+,,,NONE,This field is optional. You can click on the calculator icon to generate random name. Select gender in the field below to specify name gender.,[],"{""element"": ""input"", ""label"": ""Middle name"", ""name"": ""MIDDLENAME"", ""pattern"": ""[a-zA-Z\\s]+"", ""placeholder"": ""Daniel"", ""required"": false, ""tooltip"": ""This field is optional. You can click on the calculator icon to generate random name. Select gender in the field below to specify name gender."", ""value"": ""NONE""}"
YT,Yukon,,ADDRESS,1,ADDRESS,Address,input,True,10 Hanna Crescent,,,,10 Hanna Crescent,,[],"{""element"": ""input"", ""label"": ""Address"", ""name"": ""ADDRESS"", ""pattern"": null, ""placeholder"": ""10 Hanna Crescent"", ""required"": true, ""tooltip"": null, ""value"": ""10 Hanna Crescent""}"
YT,Yukon,,CITY,1,CITY,City,input,True,Whitehorse,,,,Whitehorse,,[],"{""element"": ""input"", ""label"": ""City"", ""name"": ""CITY"", ""pattern"": null, ""placeholder"": ""Whitehorse"", ""required"": true, ""tooltip"": null, ""value"": ""Whitehorse""}"
YT,Yukon,,ZIP,1,ZIP,Zip code,input,True,Y1A 6H9,[a-zA-Z0-9]{3} [a-zA-Z0-9]{3},7,7,Y1A 6H9,,[],"{""element"": ""input"", ""label"": ""Zip code"", ""maxlength"": 7, ""minlength"": 7, ""name"": ""ZIP"", ""pattern"": ""[a-zA-Z0-9]{3} [a-zA-Z0-9]{3}"", ""placeholder"": ""Y1A 6H9"", ""required"": true, ""tooltip"": null, ""value"": ""Y1A 6H9""}"
YT,Yukon,,CLASS,1,CLASS,DL Class,input,True,7,[A-Z1-9]+,1,4,7,,[],"{""element"": ""input"", ""label"": ""DL Class"", ""maxlength"": 4, ""minlength"": 1, ""name"": ""CLASS"", ""pattern"": ""[A-Z1-9]+"", ""placeholder"": ""7"", ""required"": true, ""tooltip"": null, ""value"": ""7""}"
YT,Yukon,,SEX,1,SEX,Sex,select,False,,,,,,,"[{""value"": ""M"", ""label"": ""M""}, {""value"": ""F"", ""label"": ""F""}]","{""element"": ""select"", ""label"": ""Sex"", ""name"": ""SEX"", ""options"": [{""label"": ""M"", ""value"": ""M""}, {""label"": ""F"", ""value"": ""F""}], ""pattern"": null, ""placeholder"": null, ""required"": false, ""tooltip"": null, ""value"": null}"
YT,Yukon,,DOB,1,DOB,Birth date,input,True,19701125,(([0-9]{3}[1-9]|[0-9]{2}[1-9][0-9]{1}|[0-9]{1}[1-9][0-9]{2}|[1-9][0-9]{3})(((0[13578]|1[02])(0[1-9]|[12][0-9]|3[01]))|((0[469]|11)(0[1-9]|[12][0-9]|30))|(02(0[1-9]|[1][0-9]|2[0-8]))))|((([0-9]{2})(0[48]|[2468][048]|[13579][26])|((0[48]|[2468][048]|[3579][26])00))0229),8,8,,You need input the date in YYYYMMDD format,[],"{""element"": ""input"", ""label"": ""Birth date"", ""maxlength"": 8, ""minlength"": 8, ""name"": ""DOB"", ""pattern"": ""(([0-9]{3}[1-9]|[0-9]{2}[1-9][0-9]{1}|[0-9]{1}[1-9][0-9]{2}|[1-9][0-9]{3})(((0[13578]|1[02])(0[1-9]|[12][0-9]|3[01]))|((0[469]|11)(0[1-9]|[12][0-9]|30))|(02(0[1-9]|[1][0-9]|2[0-8]))))|((([0-9]{2})(0[48]|[2468][048]|[13579][26])|((0[48]|[2468][048]|[3579][26])00))0229)"", ""placeholder"": ""19701125"", ""required"": true, ""tooltip"": ""You need input the date in YYYYMMDD format"", ""value"": """"}"
YT,Yukon,,DOI,1,DOI,Issue date,input,True,20201120,(([0-9]{3}[1-9]|[0-9]{2}[1-9][0-9]{1}|[0-9]{1}[1-9][0-9]{2}|[1-9][0-9]{3})(((0[13578]|1[02])(0[1-9]|[12][0-9]|3[01]))|((0[469]|11)(0[1-9]|[12][0-9]|30))|(02(0[1-9]|[1][0-9]|2[0-8]))))|((([0-9]{2})(0[48]|[2468][048]|[13579][26])|((0[48]|[2468][048]|[3579][26])00))0229),8,8,,You need input the date in YYYYMMDD format,[],"{""element"": ""input"", ""label"": ""Issue date"", ""maxlength"": 8, ""minlength"": 8, ""name"": ""DOI"", ""pattern"": ""(([0-9]{3}[1-9]|[0-9]{2}[1-9][0-9]{1}|[0-9]{1}[1-9][0-9]{2}|[1-9][0-9]{3})(((0[13578]|1[02])(0[1-9]|[12][0-9]|3[01]))|((0[469]|11)(0[1-9]|[12][0-9]|30))|(02(0[1-9]|[1][0-9]|2[0-8]))))|((([0-9]{2})(0[48]|[2468][048]|[13579][26])|((0[48]|[2468][048]|[3579][26])00))0229)"", ""placeholder"": ""20201120"", ""required"": true, ""tooltip"": ""You need input the date in YYYYMMDD format"", ""value"": """"}"
YT,Yukon,,DOE,1,DOE,Expiry date,input,True,20251125,(([0-9]{3}[1-9]|[0-9]{2}[1-9][0-9]{1}|[0-9]{1}[1-9][0-9]{2}|[1-9][0-9]{3})(((0[13578]|1[02])(0[1-9]|[12][0-9]|3[01]))|((0[469]|11)(0[1-9]|[12][0-9]|30))|(02(0[1-9]|[1][0-9]|2[0-8]))))|((([0-9]{2})(0[48]|[2468][048]|[13579][26])|((0[48]|[2468][048]|[3579][26])00))0229),8,8,,You need input the date in YYYYMMDD format,[],"{""element"": ""input"", ""label"": ""Expiry date"", ""maxlength"": 8, ""minlength"": 8, ""name"": ""DOE"", ""pattern"": ""(([0-9]{3}[1-9]|[0-9]{2}[1-9][0-9]{1}|[0-9]{1}[1-9][0-9]{2}|[1-9][0-9]{3})(((0[13578]|1[02])(0[1-9]|[12][0-9]|3[01]))|((0[469]|11)(0[1-9]|[12][0-9]|30))|(02(0[1-9]|[1][0-9]|2[0-8]))))|((([0-9]{2})(0[48]|[2468][048]|[13579][26])|((0[48]|[2468][048]|[3579][26])00))0229)"", ""placeholder"": ""20251125"", ""required"": true, ""tooltip"": ""You need input the date in YYYYMMDD format"", ""value"": """"}"
YT,Yukon,,DD,1,DD,DD,input,True,157359R0,[a-zA-Z0-9]{8},8,8,,2 letters and 7 digits. You can click on the calculator icon to calculate DD <b>automatically!</b>,[],"{""element"": ""input"", ""label"": ""DD"", ""maxlength"": 8, ""minlength"": 8, ""name"": ""DD"", ""pattern"": ""[a-zA-Z0-9]{8}"", ""placeholder"": ""157359R0"", ""required"": true, ""tooltip"": ""2 letters and 7 digits. You can click on the calculator icon to calculate DD <b>automatically!</b>"", ""value"": null}"
YT,Yukon,,RESTRICTIONS,1,RESTRICTIONS,Restrictions,input,True,NONE,,,,NONE,,[],"{""element"": ""input"", ""label"": ""Restrictions"", ""name"": ""RESTRICTIONS"", ""pattern"": null, ""placeholder"": ""NONE"", ""required"": true, ""tooltip"": null, ""value"": ""NONE""}"
YT,Yukon,,ENDORSEMENT,1,ENDORSEMENT,Endorsement,input,True,NONE,,,,NONE,,[],"{""element"": ""input"", ""label"": ""Endorsement"", ""name"": ""ENDORSEMENT"", ""pattern"": null, ""placeholder"": ""NONE"", ""required"": true, ""tooltip"": null, ""value"": ""NONE""}"
YT,Yukon,,HEIGHT,1,HEIGHT_CM,Height (cm),input,True,175,,,3,175,,[],"{""element"": ""input"", ""label"": ""Height (cm)"", ""maxlength"": 3, ""name"": ""HEIGHT_CM"", ""pattern"": null, ""placeholder"": ""175"", ""required"": true, ""tooltip"": null, ""value"": ""175""}"
YT,Yukon,,WEIGHT,1,WEIGHT_KG,Weight (kg.),input,True,80,,,3,169,,[],"{""element"": ""input"", ""label"": ""Weight (kg.)"", ""maxlength"": 3, ""name"": ""WEIGHT_KG"", ""pattern"": null, ""placeholder"": ""80"", ""required"": true, ""tooltip"": null, ""value"": ""169""}"
YT,Yukon,,EYE,1,EYE,Eye (ANSI D-20),select,True,,,,,,,"[{""value"": """", ""label"": ""== Select ==""}, {""value"": ""BLK"", ""label"": ""BLK (Black)""}, {""value"": ""BLU"", ""label"": ""BLU (Blue)""}, {""value"": ""BRO"", ""label"": ""BRO (Brown)""}, {""value"": ""GRY"", ""label"": ""GRY (Gray)""}, {""value"": ""GRN"", ""label"": ""GRN (Green)""}, {""value"": ""HAZ"", ""label"": ""HAZ (Hazel)""}, {""value"": ""MAR"", ""label"": ""MAR (Maroon)""}, {""value"": ""PNK"", ""label"": ""PNK (Pink)""}, {""value"": ""DIC"", ""label"": ""DIC (Dichromatic)""}, {""value"": ""UNK"", ""label"": ""UNK (Unknown)""}]","{""element"": ""select"", ""label"": ""Eye (ANSI D-20)"", ""name"": ""EYE"", ""options"": [{""label"": ""== Select =="", ""value"": """"}, {""label"": ""BLK (Black)"", ""value"": ""BLK""}, {""label"": ""BLU (Blue)"", ""value"": ""BLU""}, {""label"": ""BRO (Brown)"", ""value"": ""BRO""}, {""label"": ""GRY (Gray)"", ""value"": ""GRY""}, {""label"": ""GRN (Green)"", ""value"": ""GRN""}, {""label"": ""HAZ (Hazel)"", ""value"": ""HAZ""}, {""label"": ""MAR (Maroon)"", ""value"": ""MAR""}, {""label"": ""PNK (Pink)"", ""value"": ""PNK""}, {""label"": ""DIC (Dichromatic)"", ""value"": ""DIC""}, {""label"": ""UNK (Unknown)"", ""value"": ""UNK""}], ""pattern"": null, ""placeholder"": null, ""required"": true, ""tooltip"": null, ""value"": null}"
